"Step","minerva_grpo_llama_3_2_3b_instruct - pg/zero_solve_frac","minerva_grpo_llama_3_2_3b_instruct - pg/zero_solve_frac__MIN","minerva_grpo_llama_3_2_3b_instruct - pg/zero_solve_frac__MAX","minerva_noctua_llama_3_2_3b_instruct_lr0.05_flush_bs256_mlh_t0.7_p0.9_defer_ema - pg/zero_solve_frac","minerva_noctua_llama_3_2_3b_instruct_lr0.05_flush_bs256_mlh_t0.7_p0.9_defer_ema - pg/zero_solve_frac__MIN","minerva_noctua_llama_3_2_3b_instruct_lr0.05_flush_bs256_mlh_t0.7_p0.9_defer_ema - pg/zero_solve_frac__MAX"
"1","0.984375","0.984375","0.984375","0.984375","0.984375","0.984375"
"2","0.9609375","0.9609375","0.9609375","0.9765625","0.9765625","0.9765625"
"3","0.9609375","0.9609375","0.9609375","0.9765625","0.9765625","0.9765625"
"4","0.9609375","0.9609375","0.9609375","0.953125","0.953125","0.953125"
"5","0.9296875","0.9296875","0.9296875","0.9375","0.9375","0.9375"
"6","0.9296875","0.9296875","0.9296875","0.9453125","0.9453125","0.9453125"
"7","0.9296875","0.9296875","0.9296875","0.9296875","0.9296875","0.9296875"
"8","0.90625","0.90625","0.90625","0.890625","0.890625","0.890625"
"9","0.8828125","0.8828125","0.8828125","0.8828125","0.8828125","0.8828125"
"10","0.8359375","0.8359375","0.8359375","0.8203125","0.8203125","0.8203125"
"11","0.84375","0.84375","0.84375","0.859375","0.859375","0.859375"
"12","0.8671875","0.8671875","0.8671875","0.890625","0.890625","0.890625"
"13","0.78125","0.78125","0.78125","0.8125","0.8125","0.8125"
"14","0.7734375","0.7734375","0.7734375","0.8359375","0.8359375","0.8359375"
"15","0.8203125","0.8203125","0.8203125","0.828125","0.828125","0.828125"
"16","0.8125","0.8125","0.8125","0.828125","0.828125","0.828125"
"17","0.8203125","0.8203125","0.8203125","0.8203125","0.8203125","0.8203125"
"18","0.765625","0.765625","0.765625","0.75","0.75","0.75"
"19","0.8203125","0.8203125","0.8203125","0.828125","0.828125","0.828125"
"20","0.8125","0.8125","0.8125","0.8125","0.8125","0.8125"
"21","0.78125","0.78125","0.78125","0.859375","0.859375","0.859375"
"22","0.796875","0.796875","0.796875","0.8515625","0.8515625","0.8515625"
"23","0.8125","0.8125","0.8125","0.8046875","0.8046875","0.8046875"
"24","0.765625","0.765625","0.765625","0.796875","0.796875","0.796875"
"25","0.796875","0.796875","0.796875","0.8046875","0.8046875","0.8046875"
"26","0.6875","0.6875","0.6875","0.7265625","0.7265625","0.7265625"
"27","0.703125","0.703125","0.703125","0.8046875","0.8046875","0.8046875"
"28","0.6953125","0.6953125","0.6953125","0.7734375","0.7734375","0.7734375"
"29","0.734375","0.734375","0.734375","0.8046875","0.8046875","0.8046875"
"30","0.6875","0.6875","0.6875","0.75","0.75","0.75"
"31","0.7734375","0.7734375","0.7734375","0.8671875","0.8671875","0.8671875"
"32","0.6875","0.6875","0.6875","0.7578125","0.7578125","0.7578125"
"33","0.6953125","0.6953125","0.6953125","0.6953125","0.6953125","0.6953125"
"34","0.71875","0.71875","0.71875","0.734375","0.734375","0.734375"
"35","0.671875","0.671875","0.671875","0.71875","0.71875","0.71875"
"36","0.6875","0.6875","0.6875","0.6796875","0.6796875","0.6796875"
"37","0.734375","0.734375","0.734375","0.7578125","0.7578125","0.7578125"
"38","0.6640625","0.6640625","0.6640625","0.6953125","0.6953125","0.6953125"
"39","0.6640625","0.6640625","0.6640625","0.7109375","0.7109375","0.7109375"
"40","0.6875","0.6875","0.6875","0.765625","0.765625","0.765625"
"41","0.671875","0.671875","0.671875","0.703125","0.703125","0.703125"
"42","0.6015625","0.6015625","0.6015625","0.65625","0.65625","0.65625"
"43","0.6484375","0.6484375","0.6484375","0.6796875","0.6796875","0.6796875"
"44","0.6015625","0.6015625","0.6015625","0.65625","0.65625","0.65625"
"45","0.6875","0.6875","0.6875","0.7734375","0.7734375","0.7734375"
"46","0.6328125","0.6328125","0.6328125","0.6328125","0.6328125","0.6328125"
"47","0.671875","0.671875","0.671875","0.6953125","0.6953125","0.6953125"
"48","0.6328125","0.6328125","0.6328125","0.640625","0.640625","0.640625"
"49","0.546875","0.546875","0.546875","0.5703125","0.5703125","0.5703125"
"50","0.5703125","0.5703125","0.5703125","0.625","0.625","0.625"
"51","0.53125","0.53125","0.53125","0.6171875","0.6171875","0.6171875"
"52","0.5625","0.5625","0.5625","0.5390625","0.5390625","0.5390625"
"53","0.6015625","0.6015625","0.6015625","0.671875","0.671875","0.671875"
"54","0.6640625","0.6640625","0.6640625","0.7421875","0.7421875","0.7421875"
"55","0.625","0.625","0.625","0.640625","0.640625","0.640625"
"56","0.5390625","0.5390625","0.5390625","0.515625","0.515625","0.515625"
"57","0.5234375","0.5234375","0.5234375","0.5546875","0.5546875","0.5546875"
"58","0.609375","0.609375","0.609375","0.640625","0.640625","0.640625"
"59","0.609375","0.609375","0.609375","0.5703125","0.5703125","0.5703125"
"60","0.640625","0.640625","0.640625","0.609375","0.609375","0.609375"
"61","0.6328125","0.6328125","0.6328125","0.59375","0.59375","0.59375"
"62","0.6171875","0.6171875","0.6171875","0.59375","0.59375","0.59375"
"63","0.6171875","0.6171875","0.6171875","0.5625","0.5625","0.5625"
"64","0.546875","0.546875","0.546875","0.515625","0.515625","0.515625"
"65","0.6875","0.6875","0.6875","0.6015625","0.6015625","0.6015625"
"66","0.6171875","0.6171875","0.6171875","0.5703125","0.5703125","0.5703125"
"67","0.59375","0.59375","0.59375","0.6171875","0.6171875","0.6171875"
"68","0.609375","0.609375","0.609375","0.59375","0.59375","0.59375"
"69","0.5859375","0.5859375","0.5859375","0.5703125","0.5703125","0.5703125"
"70","0.6328125","0.6328125","0.6328125","0.6015625","0.6015625","0.6015625"
"71","0.6015625","0.6015625","0.6015625","0.5234375","0.5234375","0.5234375"
"72","0.5234375","0.5234375","0.5234375","0.53125","0.53125","0.53125"
"73","0.5546875","0.5546875","0.5546875","0.546875","0.546875","0.546875"
"74","0.6171875","0.6171875","0.6171875","0.546875","0.546875","0.546875"
"75","0.5546875","0.5546875","0.5546875","0.5","0.5","0.5"
"76","0.546875","0.546875","0.546875","0.46875","0.46875","0.46875"
"77","0.640625","0.640625","0.640625","0.5625","0.5625","0.5625"
"78","0.6015625","0.6015625","0.6015625","0.5546875","0.5546875","0.5546875"
"79","0.6328125","0.6328125","0.6328125","0.546875","0.546875","0.546875"
"80","0.5859375","0.5859375","0.5859375","0.5390625","0.5390625","0.5390625"
"81","0.609375","0.609375","0.609375","0.5859375","0.5859375","0.5859375"
"82","0.6171875","0.6171875","0.6171875","0.5625","0.5625","0.5625"
"83","0.5390625","0.5390625","0.5390625","0.5","0.5","0.5"
"84","0.671875","0.671875","0.671875","0.578125","0.578125","0.578125"
"85","0.609375","0.609375","0.609375","0.5546875","0.5546875","0.5546875"
"86","0.625","0.625","0.625","0.546875","0.546875","0.546875"
"87","0.6015625","0.6015625","0.6015625","0.5234375","0.5234375","0.5234375"
"88","0.625","0.625","0.625","0.53125","0.53125","0.53125"
"89","0.53125","0.53125","0.53125","0.46875","0.46875","0.46875"
"90","0.609375","0.609375","0.609375","0.515625","0.515625","0.515625"
"91","0.671875","0.671875","0.671875","0.59375","0.59375","0.59375"
"92","0.59375","0.59375","0.59375","0.5625","0.5625","0.5625"
"93","0.6328125","0.6328125","0.6328125","0.5546875","0.5546875","0.5546875"
"94","0.5234375","0.5234375","0.5234375","0.484375","0.484375","0.484375"
"95","0.6015625","0.6015625","0.6015625","0.515625","0.515625","0.515625"
"96","0.6171875","0.6171875","0.6171875","0.578125","0.578125","0.578125"
"97","0.4765625","0.4765625","0.4765625","0.46875","0.46875","0.46875"
"98","0.5859375","0.5859375","0.5859375","0.5546875","0.5546875","0.5546875"
"99","0.6015625","0.6015625","0.6015625","0.5390625","0.5390625","0.5390625"
"100","0.625","0.625","0.625","0.5859375","0.5859375","0.5859375"
"101","0.7109375","0.7109375","0.7109375","0.6171875","0.6171875","0.6171875"
"102","0.65625","0.65625","0.65625","0.5625","0.5625","0.5625"
"103","0.5703125","0.5703125","0.5703125","0.4765625","0.4765625","0.4765625"
"104","0.6015625","0.6015625","0.6015625","0.5","0.5","0.5"
"105","0.53125","0.53125","0.53125","0.5078125","0.5078125","0.5078125"
"106","0.578125","0.578125","0.578125","0.5078125","0.5078125","0.5078125"
"107","0.6171875","0.6171875","0.6171875","0.59375","0.59375","0.59375"
"108","0.6640625","0.6640625","0.6640625","0.578125","0.578125","0.578125"
"109","0.6484375","0.6484375","0.6484375","0.6171875","0.6171875","0.6171875"
"110","0.6171875","0.6171875","0.6171875","0.5546875","0.5546875","0.5546875"
"111","0.59375","0.59375","0.59375","0.5625","0.5625","0.5625"
"112","0.578125","0.578125","0.578125","0.5546875","0.5546875","0.5546875"
"113","0.53125","0.53125","0.53125","0.4375","0.4375","0.4375"
"114","0.609375","0.609375","0.609375","0.5","0.5","0.5"
"115","0.484375","0.484375","0.484375","0.4140625","0.4140625","0.4140625"
"116","0.640625","0.640625","0.640625","0.5703125","0.5703125","0.5703125"
"117","0.625","0.625","0.625","0.515625","0.515625","0.515625"
"118","0.6171875","0.6171875","0.6171875","0.5546875","0.5546875","0.5546875"
"119","0.578125","0.578125","0.578125","0.5078125","0.5078125","0.5078125"
"120","0.5625","0.5625","0.5625","0.453125","0.453125","0.453125"
"121","0.59375","0.59375","0.59375","0.578125","0.578125","0.578125"
"122","0.5859375","0.5859375","0.5859375","0.5234375","0.5234375","0.5234375"
"123","0.59375","0.59375","0.59375","0.5390625","0.5390625","0.5390625"
"124","0.6015625","0.6015625","0.6015625","0.578125","0.578125","0.578125"
"125","0.6171875","0.6171875","0.6171875","0.5234375","0.5234375","0.5234375"
"126","0.5390625","0.5390625","0.5390625","0.46875","0.46875","0.46875"
"127","0.5703125","0.5703125","0.5703125","0.5078125","0.5078125","0.5078125"
"128","0.6015625","0.6015625","0.6015625","0.546875","0.546875","0.546875"
"129","0.5859375","0.5859375","0.5859375","0.53125","0.53125","0.53125"
"130","0.578125","0.578125","0.578125","0.5078125","0.5078125","0.5078125"
"131","0.671875","0.671875","0.671875","0.5625","0.5625","0.5625"
"132","0.6796875","0.6796875","0.6796875","0.5546875","0.5546875","0.5546875"
"133","0.5546875","0.5546875","0.5546875","0.4453125","0.4453125","0.4453125"
"134","0.6484375","0.6484375","0.6484375","0.546875","0.546875","0.546875"
"135","0.5859375","0.5859375","0.5859375","0.5234375","0.5234375","0.5234375"
"136","0.609375","0.609375","0.609375","0.53125","0.53125","0.53125"
"137","0.6171875","0.6171875","0.6171875","0.5390625","0.5390625","0.5390625"
"138","0.5703125","0.5703125","0.5703125","0.5078125","0.5078125","0.5078125"
"139","0.6328125","0.6328125","0.6328125","0.5390625","0.5390625","0.5390625"
"140","0.640625","0.640625","0.640625","0.5390625","0.5390625","0.5390625"
"141","0.5546875","0.5546875","0.5546875","0.4765625","0.4765625","0.4765625"
"142","0.6875","0.6875","0.6875","0.5859375","0.5859375","0.5859375"
"143","0.5703125","0.5703125","0.5703125","0.4375","0.4375","0.4375"
"144","0.5859375","0.5859375","0.5859375","0.515625","0.515625","0.515625"
"145","0.609375","0.609375","0.609375","0.53125","0.53125","0.53125"
"146","0.640625","0.640625","0.640625","0.546875","0.546875","0.546875"
"147","0.6328125","0.6328125","0.6328125","0.515625","0.515625","0.515625"
"148","0.546875","0.546875","0.546875","0.5078125","0.5078125","0.5078125"
"149","0.5390625","0.5390625","0.5390625","0.453125","0.453125","0.453125"
"150","0.640625","0.640625","0.640625","0.5078125","0.5078125","0.5078125"
"151","0.6171875","0.6171875","0.6171875","0.4921875","0.4921875","0.4921875"
"152","0.5859375","0.5859375","0.5859375","0.4609375","0.4609375","0.4609375"
"153","0.5546875","0.5546875","0.5546875","0.46875","0.46875","0.46875"
"154","0.6171875","0.6171875","0.6171875","0.5703125","0.5703125","0.5703125"
"155","0.6015625","0.6015625","0.6015625","0.46875","0.46875","0.46875"
"156","0.625","0.625","0.625","0.5234375","0.5234375","0.5234375"
"157","0.6484375","0.6484375","0.6484375","0.5234375","0.5234375","0.5234375"
"158","0.5703125","0.5703125","0.5703125","0.4296875","0.4296875","0.4296875"
"159","0.53125","0.53125","0.53125","0.3984375","0.3984375","0.3984375"
"160","0.609375","0.609375","0.609375","0.4921875","0.4921875","0.4921875"
"161","0.59375","0.59375","0.59375","0.4921875","0.4921875","0.4921875"
"162","0.5625","0.5625","0.5625","0.4140625","0.4140625","0.4140625"
"163","0.5859375","0.5859375","0.5859375","0.4453125","0.4453125","0.4453125"
"164","0.53125","0.53125","0.53125","0.4765625","0.4765625","0.4765625"
"165","0.6015625","0.6015625","0.6015625","0.5390625","0.5390625","0.5390625"
"166","0.5546875","0.5546875","0.5546875","0.46875","0.46875","0.46875"
"167","0.578125","0.578125","0.578125","0.484375","0.484375","0.484375"
"168","0.5859375","0.5859375","0.5859375","0.5390625","0.5390625","0.5390625"
"169","0.5546875","0.5546875","0.5546875","0.5","0.5","0.5"
"170","0.625","0.625","0.625","0.546875","0.546875","0.546875"
"171","0.546875","0.546875","0.546875","0.4453125","0.4453125","0.4453125"
"172","0.640625","0.640625","0.640625","0.4765625","0.4765625","0.4765625"
"173","0.5859375","0.5859375","0.5859375","0.4453125","0.4453125","0.4453125"
"174","0.6484375","0.6484375","0.6484375","0.5625","0.5625","0.5625"
"175","0.59375","0.59375","0.59375","0.5078125","0.5078125","0.5078125"
"176","0.5625","0.5625","0.5625","0.4375","0.4375","0.4375"
"177","0.5703125","0.5703125","0.5703125","0.4453125","0.4453125","0.4453125"
"178","0.578125","0.578125","0.578125","0.40625","0.40625","0.40625"
"179","0.484375","0.484375","0.484375","0.3671875","0.3671875","0.3671875"
"180","0.515625","0.515625","0.515625","0.421875","0.421875","0.421875"
"181","0.6328125","0.6328125","0.6328125","0.484375","0.484375","0.484375"
"182","0.546875","0.546875","0.546875","0.4375","0.4375","0.4375"
"183","0.625","0.625","0.625","0.4921875","0.4921875","0.4921875"
"184","0.625","0.625","0.625","0.453125","0.453125","0.453125"
"185","0.5078125","0.5078125","0.5078125","0.375","0.375","0.375"
"186","0.6328125","0.6328125","0.6328125","0.5","0.5","0.5"
"187","0.6484375","0.6484375","0.6484375","0.4296875","0.4296875","0.4296875"
"188","0.578125","0.578125","0.578125","0.453125","0.453125","0.453125"
"189","0.5703125","0.5703125","0.5703125","0.4375","0.4375","0.4375"
"190","0.59375","0.59375","0.59375","0.4296875","0.4296875","0.4296875"
"191","0.609375","0.609375","0.609375","0.4765625","0.4765625","0.4765625"
"192","0.5859375","0.5859375","0.5859375","0.5234375","0.5234375","0.5234375"
"193","0.5546875","0.5546875","0.5546875","0.3828125","0.3828125","0.3828125"
"194","0.6015625","0.6015625","0.6015625","0.3984375","0.3984375","0.3984375"
"195","0.546875","0.546875","0.546875","0.4609375","0.4609375","0.4609375"
"196","0.578125","0.578125","0.578125","0.4140625","0.4140625","0.4140625"
"197","0.5234375","0.5234375","0.5234375","0.375","0.375","0.375"
"198","0.4921875","0.4921875","0.4921875","0.3984375","0.3984375","0.3984375"
"199","0.609375","0.609375","0.609375","0.453125","0.453125","0.453125"
"200","0.5390625","0.5390625","0.5390625","0.375","0.375","0.375"
"201","0.5859375","0.5859375","0.5859375","0.3984375","0.3984375","0.3984375"
"202","0.5625","0.5625","0.5625","0.4453125","0.4453125","0.4453125"
"203","0.515625","0.515625","0.515625","0.3828125","0.3828125","0.3828125"
"204","0.609375","0.609375","0.609375","0.4140625","0.4140625","0.4140625"
"205","0.6328125","0.6328125","0.6328125","0.484375","0.484375","0.484375"
"206","0.515625","0.515625","0.515625","0.421875","0.421875","0.421875"
"207","0.640625","0.640625","0.640625","0.453125","0.453125","0.453125"
"208","0.5390625","0.5390625","0.5390625","0.3515625","0.3515625","0.3515625"
"209","0.625","0.625","0.625","0.375","0.375","0.375"
"210","0.6328125","0.6328125","0.6328125","0.4765625","0.4765625","0.4765625"
"211","0.5859375","0.5859375","0.5859375","0.4453125","0.4453125","0.4453125"
"212","0.6171875","0.6171875","0.6171875","0.453125","0.453125","0.453125"
"213","0.65625","0.65625","0.65625","0.484375","0.484375","0.484375"
"214","0.625","0.625","0.625","0.453125","0.453125","0.453125"
"215","0.625","0.625","0.625","0.4765625","0.4765625","0.4765625"
"216","0.546875","0.546875","0.546875","0.4453125","0.4453125","0.4453125"
"217","0.640625","0.640625","0.640625","0.40625","0.40625","0.40625"
"218","0.59375","0.59375","0.59375","0.421875","0.421875","0.421875"
"219","0.609375","0.609375","0.609375","0.390625","0.390625","0.390625"
"220","0.5390625","0.5390625","0.5390625","0.3671875","0.3671875","0.3671875"
"221","0.5703125","0.5703125","0.5703125","0.3671875","0.3671875","0.3671875"
"222","0.5390625","0.5390625","0.5390625","0.40625","0.40625","0.40625"
"223","0.5234375","0.5234375","0.5234375","0.3515625","0.3515625","0.3515625"
"224","0.6015625","0.6015625","0.6015625","0.421875","0.421875","0.421875"
"225","0.578125","0.578125","0.578125","0.390625","0.390625","0.390625"
"226","0.5859375","0.5859375","0.5859375","0.421875","0.421875","0.421875"
"227","0.5625","0.5625","0.5625","0.390625","0.390625","0.390625"
"228","0.5546875","0.5546875","0.5546875","0.359375","0.359375","0.359375"
"229","0.59375","0.59375","0.59375","0.40625","0.40625","0.40625"
"230","0.484375","0.484375","0.484375","0.3046875","0.3046875","0.3046875"
"231","0.546875","0.546875","0.546875","0.3671875","0.3671875","0.3671875"
"232","0.5703125","0.5703125","0.5703125","0.40625","0.40625","0.40625"
"233","0.53125","0.53125","0.53125","0.375","0.375","0.375"
"234","0.5234375","0.5234375","0.5234375","0.3984375","0.3984375","0.3984375"
"235","0.5390625","0.5390625","0.5390625","0.390625","0.390625","0.390625"
"236","0.546875","0.546875","0.546875","0.4453125","0.4453125","0.4453125"
"237","0.515625","0.515625","0.515625","0.390625","0.390625","0.390625"
"238","0.53125","0.53125","0.53125","0.390625","0.390625","0.390625"
"239","0.5625","0.5625","0.5625","0.4453125","0.4453125","0.4453125"
"240","0.6484375","0.6484375","0.6484375","0.4375","0.4375","0.4375"
"241","0.515625","0.515625","0.515625","0.3984375","0.3984375","0.3984375"
"242","0.59375","0.59375","0.59375","0.4453125","0.4453125","0.4453125"
"243","0.5546875","0.5546875","0.5546875","0.40625","0.40625","0.40625"
"244","0.59375","0.59375","0.59375","0.46875","0.46875","0.46875"
"245","0.6875","0.6875","0.6875","0.453125","0.453125","0.453125"
"246","0.640625","0.640625","0.640625","0.4453125","0.4453125","0.4453125"
"247","0.5859375","0.5859375","0.5859375","0.4140625","0.4140625","0.4140625"
"248","0.609375","0.609375","0.609375","0.375","0.375","0.375"
"249","0.5625","0.5625","0.5625","0.359375","0.359375","0.359375"
"250","0.5546875","0.5546875","0.5546875","0.390625","0.390625","0.390625"
"251","0.6015625","0.6015625","0.6015625","0.390625","0.390625","0.390625"
"252","0.6875","0.6875","0.6875","0.5078125","0.5078125","0.5078125"
"253","0.484375","0.484375","0.484375","0.34375","0.34375","0.34375"
"254","0.578125","0.578125","0.578125","0.4375","0.4375","0.4375"
"255","0.6484375","0.6484375","0.6484375","0.40625","0.40625","0.40625"
"256","0.59375","0.59375","0.59375","0.3828125","0.3828125","0.3828125"
"257","0.5390625","0.5390625","0.5390625","0.34375","0.34375","0.34375"
"258","0.609375","0.609375","0.609375","0.3828125","0.3828125","0.3828125"
"259","0.6015625","0.6015625","0.6015625","0.40625","0.40625","0.40625"
"260","0.578125","0.578125","0.578125","0.375","0.375","0.375"
"261","0.5546875","0.5546875","0.5546875","0.328125","0.328125","0.328125"
"262","0.578125","0.578125","0.578125","0.359375","0.359375","0.359375"
"263","0.5078125","0.5078125","0.5078125","0.359375","0.359375","0.359375"
"264","0.6953125","0.6953125","0.6953125","0.4453125","0.4453125","0.4453125"
"265","0.53125","0.53125","0.53125","0.390625","0.390625","0.390625"
"266","0.5625","0.5625","0.5625","0.359375","0.359375","0.359375"
"267","0.5546875","0.5546875","0.5546875","0.390625","0.390625","0.390625"
"268","0.5390625","0.5390625","0.5390625","0.2890625","0.2890625","0.2890625"
"269","0.59375","0.59375","0.59375","0.40625","0.40625","0.40625"
"270","0.4765625","0.4765625","0.4765625","0.3046875","0.3046875","0.3046875"
"271","0.5390625","0.5390625","0.5390625","0.4140625","0.4140625","0.4140625"
"272","0.515625","0.515625","0.515625","0.328125","0.328125","0.328125"
"273","0.5859375","0.5859375","0.5859375","0.40625","0.40625","0.40625"
"274","0.5390625","0.5390625","0.5390625","0.4140625","0.4140625","0.4140625"
"275","0.59375","0.59375","0.59375","0.421875","0.421875","0.421875"
"276","0.59375","0.59375","0.59375","0.3515625","0.3515625","0.3515625"
"277","0.6015625","0.6015625","0.6015625","0.3984375","0.3984375","0.3984375"
"278","0.5703125","0.5703125","0.5703125","0.390625","0.390625","0.390625"
"279","0.5625","0.5625","0.5625","0.3671875","0.3671875","0.3671875"
"280","0.5546875","0.5546875","0.5546875","0.3671875","0.3671875","0.3671875"
"281","0.4921875","0.4921875","0.4921875","0.375","0.375","0.375"
"282","0.5390625","0.5390625","0.5390625","0.359375","0.359375","0.359375"
"283","0.6015625","0.6015625","0.6015625","0.4140625","0.4140625","0.4140625"
"284","0.515625","0.515625","0.515625","0.2578125","0.2578125","0.2578125"
"285","0.5625","0.5625","0.5625","0.3515625","0.3515625","0.3515625"
"286","0.578125","0.578125","0.578125","0.3984375","0.3984375","0.3984375"
"287","0.609375","0.609375","0.609375","0.34375","0.34375","0.34375"
"288","0.6328125","0.6328125","0.6328125","0.40625","0.40625","0.40625"
"289","0.546875","0.546875","0.546875","0.3359375","0.3359375","0.3359375"
"290","0.453125","0.453125","0.453125","0.2578125","0.2578125","0.2578125"
"291","0.5703125","0.5703125","0.5703125","0.328125","0.328125","0.328125"
"292","0.53125","0.53125","0.53125","0.3984375","0.3984375","0.3984375"
"293","0.5390625","0.5390625","0.5390625","0.3828125","0.3828125","0.3828125"
"294","0.5703125","0.5703125","0.5703125","0.3828125","0.3828125","0.3828125"
"295","0.5703125","0.5703125","0.5703125","0.328125","0.328125","0.328125"
"296","0.5546875","0.5546875","0.5546875","0.3984375","0.3984375","0.3984375"
"297","0.4765625","0.4765625","0.4765625","0.2421875","0.2421875","0.2421875"
"298","0.6171875","0.6171875","0.6171875","0.3671875","0.3671875","0.3671875"
"299","0.5","0.5","0.5","0.3125","0.3125","0.3125"
"300","0.5546875","0.5546875","0.5546875","0.3359375","0.3359375","0.3359375"
"301","0.5859375","0.5859375","0.5859375","0.328125","0.328125","0.328125"
"302","0.640625","0.640625","0.640625","0.4296875","0.4296875","0.4296875"
"303","0.5078125","0.5078125","0.5078125","0.328125","0.328125","0.328125"
"304","0.59375","0.59375","0.59375","0.40625","0.40625","0.40625"
"305","0.4921875","0.4921875","0.4921875","0.3671875","0.3671875","0.3671875"
"306","0.53125","0.53125","0.53125","0.3515625","0.3515625","0.3515625"
"307","0.390625","0.390625","0.390625","0.234375","0.234375","0.234375"
"308","0.609375","0.609375","0.609375","0.390625","0.390625","0.390625"
"309","0.5078125","0.5078125","0.5078125","0.34375","0.34375","0.34375"
"310","0.546875","0.546875","0.546875","0.3515625","0.3515625","0.3515625"
"311","0.640625","0.640625","0.640625","0.390625","0.390625","0.390625"
"312","0.5546875","0.5546875","0.5546875","0.3515625","0.3515625","0.3515625"
"313","0.5546875","0.5546875","0.5546875","0.3984375","0.3984375","0.3984375"
"314","0.625","0.625","0.625","0.375","0.375","0.375"
"315","0.59375","0.59375","0.59375","0.3359375","0.3359375","0.3359375"
"316","0.6015625","0.6015625","0.6015625","0.3515625","0.3515625","0.3515625"
"317","0.578125","0.578125","0.578125","0.3125","0.3125","0.3125"
"318","0.6328125","0.6328125","0.6328125","0.375","0.375","0.375"
"319","0.484375","0.484375","0.484375","0.359375","0.359375","0.359375"
"320","0.5390625","0.5390625","0.5390625","0.3359375","0.3359375","0.3359375"
"321","0.6328125","0.6328125","0.6328125","0.3984375","0.3984375","0.3984375"
"322","0.59375","0.59375","0.59375","0.4609375","0.4609375","0.4609375"
"323","0.6015625","0.6015625","0.6015625","0.3671875","0.3671875","0.3671875"
"324","0.5859375","0.5859375","0.5859375","0.3515625","0.3515625","0.3515625"
"325","0.6171875","0.6171875","0.6171875","0.359375","0.359375","0.359375"
"326","0.546875","0.546875","0.546875","0.3046875","0.3046875","0.3046875"
"327","0.5546875","0.5546875","0.5546875","0.328125","0.328125","0.328125"
"328","0.5703125","0.5703125","0.5703125","0.359375","0.359375","0.359375"
"329","0.6328125","0.6328125","0.6328125","0.359375","0.359375","0.359375"
"330","0.5390625","0.5390625","0.5390625","0.3046875","0.3046875","0.3046875"
"331","0.5625","0.5625","0.5625","0.296875","0.296875","0.296875"
"332","0.5703125","0.5703125","0.5703125","0.390625","0.390625","0.390625"
"333","0.5546875","0.5546875","0.5546875","0.375","0.375","0.375"
"334","0.5390625","0.5390625","0.5390625","0.390625","0.390625","0.390625"
"335","0.53125","0.53125","0.53125","0.3359375","0.3359375","0.3359375"
"336","0.5859375","0.5859375","0.5859375","0.375","0.375","0.375"
"337","0.59375","0.59375","0.59375","0.3984375","0.3984375","0.3984375"
"338","0.5625","0.5625","0.5625","0.4140625","0.4140625","0.4140625"
"339","0.5078125","0.5078125","0.5078125","0.28125","0.28125","0.28125"
"340","0.5546875","0.5546875","0.5546875","0.34375","0.34375","0.34375"
"341","0.6015625","0.6015625","0.6015625","0.3984375","0.3984375","0.3984375"
"342","0.53125","0.53125","0.53125","0.3046875","0.3046875","0.3046875"
"343","0.5859375","0.5859375","0.5859375","0.2890625","0.2890625","0.2890625"
"344","0.5234375","0.5234375","0.5234375","0.390625","0.390625","0.390625"
"345","0.5859375","0.5859375","0.5859375","0.3203125","0.3203125","0.3203125"
"346","0.625","0.625","0.625","0.4609375","0.4609375","0.4609375"
"347","0.6015625","0.6015625","0.6015625","0.3671875","0.3671875","0.3671875"
"348","0.5234375","0.5234375","0.5234375","0.296875","0.296875","0.296875"
"349","0.578125","0.578125","0.578125","0.40625","0.40625","0.40625"
"350","0.5234375","0.5234375","0.5234375","0.2890625","0.2890625","0.2890625"
"351","0.515625","0.515625","0.515625","0.3359375","0.3359375","0.3359375"
"352","0.546875","0.546875","0.546875","0.25","0.25","0.25"
"353","0.609375","0.609375","0.609375","0.34375","0.34375","0.34375"
"354","0.5859375","0.5859375","0.5859375","0.21875","0.21875","0.21875"
"355","0.6171875","0.6171875","0.6171875","0.3359375","0.3359375","0.3359375"
"356","0.53125","0.53125","0.53125","0.234375","0.234375","0.234375"
"357","0.578125","0.578125","0.578125","0.3125","0.3125","0.3125"
"358","0.515625","0.515625","0.515625","0.296875","0.296875","0.296875"
"359","0.578125","0.578125","0.578125","0.3515625","0.3515625","0.3515625"
"360","0.5078125","0.5078125","0.5078125","0.265625","0.265625","0.265625"
"361","0.546875","0.546875","0.546875","0.3359375","0.3359375","0.3359375"
"362","0.5390625","0.5390625","0.5390625","0.328125","0.328125","0.328125"
"363","0.53125","0.53125","0.53125","0.328125","0.328125","0.328125"
"364","0.640625","0.640625","0.640625","0.3515625","0.3515625","0.3515625"
"365","0.5703125","0.5703125","0.5703125","0.3359375","0.3359375","0.3359375"
"366","0.578125","0.578125","0.578125","0.3828125","0.3828125","0.3828125"
"367","0.53125","0.53125","0.53125","0.2890625","0.2890625","0.2890625"
"368","0.5703125","0.5703125","0.5703125","0.3203125","0.3203125","0.3203125"
"369","0.578125","0.578125","0.578125","0.3359375","0.3359375","0.3359375"
"370","0.5234375","0.5234375","0.5234375","0.296875","0.296875","0.296875"
"371","0.515625","0.515625","0.515625","0.328125","0.328125","0.328125"
"372","0.625","0.625","0.625","0.3203125","0.3203125","0.3203125"
"373","0.546875","0.546875","0.546875","0.34375","0.34375","0.34375"
"374","0.640625","0.640625","0.640625","0.34375","0.34375","0.34375"
"375","0.59375","0.59375","0.59375","0.3203125","0.3203125","0.3203125"
"376","0.5390625","0.5390625","0.5390625","0.28125","0.28125","0.28125"
"377","0.5859375","0.5859375","0.5859375","0.296875","0.296875","0.296875"
"378","0.5","0.5","0.5","0.2890625","0.2890625","0.2890625"
"379","0.5703125","0.5703125","0.5703125","0.3125","0.3125","0.3125"
"380","0.5625","0.5625","0.5625","0.3203125","0.3203125","0.3203125"
"381","0.53125","0.53125","0.53125","0.375","0.375","0.375"
"382","0.5","0.5","0.5","0.3125","0.3125","0.3125"
"383","0.5234375","0.5234375","0.5234375","0.3359375","0.3359375","0.3359375"
"384","0.6328125","0.6328125","0.6328125","0.3515625","0.3515625","0.3515625"
"385","0.546875","0.546875","0.546875","0.2734375","0.2734375","0.2734375"
"386","0.6484375","0.6484375","0.6484375","0.34375","0.34375","0.34375"
"387","0.5625","0.5625","0.5625","0.3203125","0.3203125","0.3203125"
"388","0.6875","0.6875","0.6875","0.4609375","0.4609375","0.4609375"
"389","0.5078125","0.5078125","0.5078125","0.28125","0.28125","0.28125"
"390","0.5234375","0.5234375","0.5234375","0.328125","0.328125","0.328125"
"391","0.5703125","0.5703125","0.5703125","0.328125","0.328125","0.328125"
"392","0.625","0.625","0.625","0.28125","0.28125","0.28125"
"393","0.65625","0.65625","0.65625","0.375","0.375","0.375"
"394","0.5546875","0.5546875","0.5546875","0.3125","0.3125","0.3125"
"395","0.5703125","0.5703125","0.5703125","0.28125","0.28125","0.28125"
"396","0.59375","0.59375","0.59375","0.375","0.375","0.375"
"397","0.5703125","0.5703125","0.5703125","0.3125","0.3125","0.3125"
"398","0.546875","0.546875","0.546875","0.28125","0.28125","0.28125"
"399","0.5234375","0.5234375","0.5234375","0.2578125","0.2578125","0.2578125"
"400","0.5625","0.5625","0.5625","0.2890625","0.2890625","0.2890625"
"401","0.640625","0.640625","0.640625","0.328125","0.328125","0.328125"
"402","0.59375","0.59375","0.59375","0.28125","0.28125","0.28125"
"403","0.59375","0.59375","0.59375","0.3046875","0.3046875","0.3046875"
"404","0.5859375","0.5859375","0.5859375","0.3203125","0.3203125","0.3203125"
"405","0.53125","0.53125","0.53125","0.328125","0.328125","0.328125"
"406","0.546875","0.546875","0.546875","0.3046875","0.3046875","0.3046875"
"407","0.59375","0.59375","0.59375","0.3203125","0.3203125","0.3203125"
"408","0.5546875","0.5546875","0.5546875","0.3203125","0.3203125","0.3203125"
"409","0.546875","0.546875","0.546875","0.359375","0.359375","0.359375"
"410","0.5625","0.5625","0.5625","0.28125","0.28125","0.28125"
"411","0.546875","0.546875","0.546875","0.359375","0.359375","0.359375"
"412","0.6171875","0.6171875","0.6171875","0.3125","0.3125","0.3125"
"413","0.609375","0.609375","0.609375","0.359375","0.359375","0.359375"
"414","0.5390625","0.5390625","0.5390625","0.3359375","0.3359375","0.3359375"
"415","0.5","0.5","0.5","0.2578125","0.2578125","0.2578125"
"416","0.5859375","0.5859375","0.5859375","0.296875","0.296875","0.296875"
"417","0.5390625","0.5390625","0.5390625","0.28125","0.28125","0.28125"
"418","0.515625","0.515625","0.515625","0.296875","0.296875","0.296875"
"419","0.6171875","0.6171875","0.6171875","0.375","0.375","0.375"
"420","0.59375","0.59375","0.59375","0.34375","0.34375","0.34375"
"421","0.5546875","0.5546875","0.5546875","0.265625","0.265625","0.265625"
"422","0.5859375","0.5859375","0.5859375","0.328125","0.328125","0.328125"
"423","0.546875","0.546875","0.546875","0.3203125","0.3203125","0.3203125"
"424","0.5390625","0.5390625","0.5390625","0.3046875","0.3046875","0.3046875"
"425","0.515625","0.515625","0.515625","0.34375","0.34375","0.34375"
"426","0.609375","0.609375","0.609375","0.3359375","0.3359375","0.3359375"
"427","0.46875","0.46875","0.46875","0.2734375","0.2734375","0.2734375"
"428","0.53125","0.53125","0.53125","0.28125","0.28125","0.28125"
"429","0.5234375","0.5234375","0.5234375","0.28125","0.28125","0.28125"
"430","0.5546875","0.5546875","0.5546875","0.3203125","0.3203125","0.3203125"
"431","0.6328125","0.6328125","0.6328125","0.328125","0.328125","0.328125"
"432","0.6015625","0.6015625","0.6015625","0.2890625","0.2890625","0.2890625"
"433","0.5703125","0.5703125","0.5703125","0.3359375","0.3359375","0.3359375"
"434","0.59375","0.59375","0.59375","0.3046875","0.3046875","0.3046875"
"435","0.46875","0.46875","0.46875","0.25","0.25","0.25"
"436","0.5546875","0.5546875","0.5546875","0.25","0.25","0.25"
"437","0.625","0.625","0.625","0.3203125","0.3203125","0.3203125"
"438","0.59375","0.59375","0.59375","0.2890625","0.2890625","0.2890625"
"439","0.5859375","0.5859375","0.5859375","0.328125","0.328125","0.328125"
"440","0.625","0.625","0.625","0.359375","0.359375","0.359375"
"441","0.53125","0.53125","0.53125","0.2421875","0.2421875","0.2421875"
"442","0.59375","0.59375","0.59375","0.3359375","0.3359375","0.3359375"
"443","0.5625","0.5625","0.5625","0.3359375","0.3359375","0.3359375"
"444","0.546875","0.546875","0.546875","0.3203125","0.3203125","0.3203125"
"445","0.5390625","0.5390625","0.5390625","0.3046875","0.3046875","0.3046875"
"446","0.578125","0.578125","0.578125","0.3359375","0.3359375","0.3359375"
"447","0.484375","0.484375","0.484375","0.2890625","0.2890625","0.2890625"
"448","0.5859375","0.5859375","0.5859375","0.3125","0.3125","0.3125"
"449","0.6015625","0.6015625","0.6015625","0.328125","0.328125","0.328125"
"450","0.4609375","0.4609375","0.4609375","0.1640625","0.1640625","0.1640625"
"451","0.578125","0.578125","0.578125","0.2578125","0.2578125","0.2578125"
"452","0.5703125","0.5703125","0.5703125","0.296875","0.296875","0.296875"
"453","0.5390625","0.5390625","0.5390625","0.2890625","0.2890625","0.2890625"
"454","0.5390625","0.5390625","0.5390625","0.28125","0.28125","0.28125"
"455","0.5390625","0.5390625","0.5390625","0.2734375","0.2734375","0.2734375"
"456","0.578125","0.578125","0.578125","0.34375","0.34375","0.34375"
"457","0.6171875","0.6171875","0.6171875","0.296875","0.296875","0.296875"
"458","0.5390625","0.5390625","0.5390625","0.3515625","0.3515625","0.3515625"
"459","0.59375","0.59375","0.59375","0.2734375","0.2734375","0.2734375"
"460","0.5859375","0.5859375","0.5859375","0.265625","0.265625","0.265625"
"461","0.546875","0.546875","0.546875","0.296875","0.296875","0.296875"
"462","0.484375","0.484375","0.484375","0.25","0.25","0.25"
"463","0.59375","0.59375","0.59375","0.3125","0.3125","0.3125"
"464","0.5625","0.5625","0.5625","0.265625","0.265625","0.265625"
"465","0.5546875","0.5546875","0.5546875","0.3046875","0.3046875","0.3046875"
"466","0.6484375","0.6484375","0.6484375","0.328125","0.328125","0.328125"
"467","0.5859375","0.5859375","0.5859375","0.3046875","0.3046875","0.3046875"
"468","0.484375","0.484375","0.484375","0.2734375","0.2734375","0.2734375"
"469","0.6015625","0.6015625","0.6015625","0.3046875","0.3046875","0.3046875"
"470","0.59375","0.59375","0.59375","0.3046875","0.3046875","0.3046875"
"471","0.546875","0.546875","0.546875","0.28125","0.28125","0.28125"
"472","0.5546875","0.5546875","0.5546875","0.2734375","0.2734375","0.2734375"
"473","0.4765625","0.4765625","0.4765625","0.171875","0.171875","0.171875"
"474","0.53125","0.53125","0.53125","0.2421875","0.2421875","0.2421875"
"475","0.5234375","0.5234375","0.5234375","0.203125","0.203125","0.203125"
"476","0.4609375","0.4609375","0.4609375","0.1796875","0.1796875","0.1796875"
"477","0.625","0.625","0.625","0.3359375","0.3359375","0.3359375"
"478","0.5390625","0.5390625","0.5390625","0.265625","0.265625","0.265625"
"479","0.609375","0.609375","0.609375","0.3515625","0.3515625","0.3515625"
"480","0.609375","0.609375","0.609375","0.296875","0.296875","0.296875"
"481","0.6171875","0.6171875","0.6171875","0.3046875","0.3046875","0.3046875"
"482","0.4921875","0.4921875","0.4921875","0.28125","0.28125","0.28125"
"483","0.5078125","0.5078125","0.5078125","0.234375","0.234375","0.234375"
"484","0.5703125","0.5703125","0.5703125","0.296875","0.296875","0.296875"
"485","0.609375","0.609375","0.609375","0.3046875","0.3046875","0.3046875"
"486","0.6015625","0.6015625","0.6015625","0.2890625","0.2890625","0.2890625"
"487","0.5859375","0.5859375","0.5859375","0.3515625","0.3515625","0.3515625"
"488","0.6328125","0.6328125","0.6328125","0.296875","0.296875","0.296875"
"489","0.640625","0.640625","0.640625","0.3125","0.3125","0.3125"
"490","0.5859375","0.5859375","0.5859375","0.3515625","0.3515625","0.3515625"
"491","0.546875","0.546875","0.546875","0.265625","0.265625","0.265625"
"492","0.5625","0.5625","0.5625","0.3515625","0.3515625","0.3515625"
"493","0.53125","0.53125","0.53125","0.28125","0.28125","0.28125"
"494","0.5859375","0.5859375","0.5859375","0.3125","0.3125","0.3125"
"495","0.609375","0.609375","0.609375","0.28125","0.28125","0.28125"
"496","0.5","0.5","0.5","0.2421875","0.2421875","0.2421875"
"497","0.515625","0.515625","0.515625","0.296875","0.296875","0.296875"
"498","0.53125","0.53125","0.53125","0.2890625","0.2890625","0.2890625"
"499","0.609375","0.609375","0.609375","0.3515625","0.3515625","0.3515625"