"Step","minerva_noctua_qwen3_8b_base_lr0.05_flush_bs256_mlh_t0.7_p0.9_defer_ema - pg/zero_solve_frac","minerva_noctua_qwen3_8b_base_lr0.05_flush_bs256_mlh_t0.7_p0.9_defer_ema - pg/zero_solve_frac__MIN","minerva_noctua_qwen3_8b_base_lr0.05_flush_bs256_mlh_t0.7_p0.9_defer_ema - pg/zero_solve_frac__MAX","minerva_grpo_qwen3_8b_base - pg/zero_solve_frac","minerva_grpo_qwen3_8b_base - pg/zero_solve_frac__MIN","minerva_grpo_qwen3_8b_base - pg/zero_solve_frac__MAX"
"1","0.609375","0.609375","0.609375","0.609375","0.609375","0.609375"
"2","0.4921875","0.4921875","0.4921875","0.5390625","0.5390625","0.5390625"
"3","0.53125","0.53125","0.53125","0.4609375","0.4609375","0.4609375"
"4","0.53125","0.53125","0.53125","0.59375","0.59375","0.59375"
"5","0.5859375","0.5859375","0.5859375","0.6171875","0.6171875","0.6171875"
"6","0.59375","0.59375","0.59375","0.6171875","0.6171875","0.6171875"
"7","0.5390625","0.5390625","0.5390625","0.5234375","0.5234375","0.5234375"
"8","0.5859375","0.5859375","0.5859375","0.5546875","0.5546875","0.5546875"
"9","0.453125","0.453125","0.453125","0.5859375","0.5859375","0.5859375"
"10","0.546875","0.546875","0.546875","0.546875","0.546875","0.546875"
"11","0.515625","0.515625","0.515625","0.5390625","0.5390625","0.5390625"
"12","0.5234375","0.5234375","0.5234375","0.515625","0.515625","0.515625"
"13","0.5078125","0.5078125","0.5078125","0.5","0.5","0.5"
"14","0.5390625","0.5390625","0.5390625","0.5","0.5","0.5"
"15","0.5234375","0.5234375","0.5234375","0.5","0.5","0.5"
"16","0.4453125","0.4453125","0.4453125","0.453125","0.453125","0.453125"
"17","0.4609375","0.4609375","0.4609375","0.5234375","0.5234375","0.5234375"
"18","0.4921875","0.4921875","0.4921875","0.5","0.5","0.5"
"19","0.421875","0.421875","0.421875","0.4296875","0.4296875","0.4296875"
"20","0.4375","0.4375","0.4375","0.484375","0.484375","0.484375"
"21","0.5","0.5","0.5","0.53125","0.53125","0.53125"
"22","0.5703125","0.5703125","0.5703125","0.4921875","0.4921875","0.4921875"
"23","0.40625","0.40625","0.40625","0.375","0.375","0.375"
"24","0.4609375","0.4609375","0.4609375","0.4140625","0.4140625","0.4140625"
"25","0.4453125","0.4453125","0.4453125","0.4765625","0.4765625","0.4765625"
"26","0.4921875","0.4921875","0.4921875","0.4609375","0.4609375","0.4609375"
"27","0.421875","0.421875","0.421875","0.4921875","0.4921875","0.4921875"
"28","0.3984375","0.3984375","0.3984375","0.390625","0.390625","0.390625"
"29","0.375","0.375","0.375","0.3828125","0.3828125","0.3828125"
"30","0.515625","0.515625","0.515625","0.5234375","0.5234375","0.5234375"
"31","0.3984375","0.3984375","0.3984375","0.359375","0.359375","0.359375"
"32","0.4765625","0.4765625","0.4765625","0.4921875","0.4921875","0.4921875"
"33","0.4453125","0.4453125","0.4453125","0.4921875","0.4921875","0.4921875"
"34","0.4375","0.4375","0.4375","0.4453125","0.4453125","0.4453125"
"35","0.3828125","0.3828125","0.3828125","0.4375","0.4375","0.4375"
"36","0.40625","0.40625","0.40625","0.3828125","0.3828125","0.3828125"
"37","0.3359375","0.3359375","0.3359375","0.34375","0.34375","0.34375"
"38","0.40625","0.40625","0.40625","0.3828125","0.3828125","0.3828125"
"39","0.453125","0.453125","0.453125","0.390625","0.390625","0.390625"
"40","0.4375","0.4375","0.4375","0.46875","0.46875","0.46875"
"41","0.390625","0.390625","0.390625","0.3828125","0.3828125","0.3828125"
"42","0.4375","0.4375","0.4375","0.4921875","0.4921875","0.4921875"
"43","0.4296875","0.4296875","0.4296875","0.3984375","0.3984375","0.3984375"
"44","0.3515625","0.3515625","0.3515625","0.359375","0.359375","0.359375"
"45","0.453125","0.453125","0.453125","0.4453125","0.4453125","0.4453125"
"46","0.4140625","0.4140625","0.4140625","0.4921875","0.4921875","0.4921875"
"47","0.4375","0.4375","0.4375","0.4375","0.4375","0.4375"
"48","0.453125","0.453125","0.453125","0.421875","0.421875","0.421875"
"49","0.3515625","0.3515625","0.3515625","0.328125","0.328125","0.328125"
"50","0.34375","0.34375","0.34375","0.3359375","0.3359375","0.3359375"
"51","0.3984375","0.3984375","0.3984375","0.40625","0.40625","0.40625"
"52","0.4140625","0.4140625","0.4140625","0.3671875","0.3671875","0.3671875"
"53","0.4140625","0.4140625","0.4140625","0.4453125","0.4453125","0.4453125"
"54","0.4140625","0.4140625","0.4140625","0.4296875","0.4296875","0.4296875"
"55","0.328125","0.328125","0.328125","0.40625","0.40625","0.40625"
"56","0.3828125","0.3828125","0.3828125","0.453125","0.453125","0.453125"
"57","0.4140625","0.4140625","0.4140625","0.4609375","0.4609375","0.4609375"
"58","0.421875","0.421875","0.421875","0.421875","0.421875","0.421875"
"59","0.3984375","0.3984375","0.3984375","0.4765625","0.4765625","0.4765625"
"60","0.375","0.375","0.375","0.421875","0.421875","0.421875"
"61","0.4140625","0.4140625","0.4140625","0.484375","0.484375","0.484375"
"62","0.375","0.375","0.375","0.4296875","0.4296875","0.4296875"
"63","0.3671875","0.3671875","0.3671875","0.4453125","0.4453125","0.4453125"
"64","0.421875","0.421875","0.421875","0.515625","0.515625","0.515625"
"65","0.3828125","0.3828125","0.3828125","0.4375","0.4375","0.4375"
"66","0.3515625","0.3515625","0.3515625","0.46875","0.46875","0.46875"
"67","0.46875","0.46875","0.46875","0.484375","0.484375","0.484375"
"68","0.4140625","0.4140625","0.4140625","0.5390625","0.5390625","0.5390625"
"69","0.4296875","0.4296875","0.4296875","0.5625","0.5625","0.5625"
"70","0.4453125","0.4453125","0.4453125","0.5625","0.5625","0.5625"
"71","0.3515625","0.3515625","0.3515625","0.5","0.5","0.5"
"72","0.359375","0.359375","0.359375","0.3984375","0.3984375","0.3984375"
"73","0.3359375","0.3359375","0.3359375","0.4375","0.4375","0.4375"
"74","0.3671875","0.3671875","0.3671875","0.484375","0.484375","0.484375"
"75","0.3984375","0.3984375","0.3984375","0.484375","0.484375","0.484375"
"76","0.359375","0.359375","0.359375","0.4921875","0.4921875","0.4921875"
"77","0.3671875","0.3671875","0.3671875","0.5","0.5","0.5"
"78","0.2890625","0.2890625","0.2890625","0.4921875","0.4921875","0.4921875"
"79","0.3359375","0.3359375","0.3359375","0.4296875","0.4296875","0.4296875"
"80","0.328125","0.328125","0.328125","0.46875","0.46875","0.46875"
"81","0.3203125","0.3203125","0.3203125","0.4140625","0.4140625","0.4140625"
"82","0.359375","0.359375","0.359375","0.4921875","0.4921875","0.4921875"
"83","0.3671875","0.3671875","0.3671875","0.4453125","0.4453125","0.4453125"
"84","0.34375","0.34375","0.34375","0.46875","0.46875","0.46875"
"85","0.359375","0.359375","0.359375","0.5","0.5","0.5"
"86","0.296875","0.296875","0.296875","0.3828125","0.3828125","0.3828125"
"87","0.34375","0.34375","0.34375","0.46875","0.46875","0.46875"
"88","0.3125","0.3125","0.3125","0.421875","0.421875","0.421875"
"89","0.3203125","0.3203125","0.3203125","0.34375","0.34375","0.34375"
"90","0.296875","0.296875","0.296875","0.4140625","0.4140625","0.4140625"
"91","0.28125","0.28125","0.28125","0.4375","0.4375","0.4375"
"92","0.328125","0.328125","0.328125","0.46875","0.46875","0.46875"
"93","0.3671875","0.3671875","0.3671875","0.4921875","0.4921875","0.4921875"
"94","0.4375","0.4375","0.4375","0.5546875","0.5546875","0.5546875"
"95","0.328125","0.328125","0.328125","0.3828125","0.3828125","0.3828125"
"96","0.3515625","0.3515625","0.3515625","0.4296875","0.4296875","0.4296875"
"97","0.3203125","0.3203125","0.3203125","0.421875","0.421875","0.421875"
"98","0.2890625","0.2890625","0.2890625","0.4296875","0.4296875","0.4296875"
"99","0.4375","0.4375","0.4375","0.546875","0.546875","0.546875"
"100","0.3671875","0.3671875","0.3671875","0.4609375","0.4609375","0.4609375"
"101","0.328125","0.328125","0.328125","0.46875","0.46875","0.46875"
"102","0.3046875","0.3046875","0.3046875","0.3984375","0.3984375","0.3984375"
"103","0.390625","0.390625","0.390625","0.4765625","0.4765625","0.4765625"
"104","0.3046875","0.3046875","0.3046875","0.4375","0.4375","0.4375"
"105","0.34375","0.34375","0.34375","0.4453125","0.4453125","0.4453125"
"106","0.3828125","0.3828125","0.3828125","0.5078125","0.5078125","0.5078125"
"107","0.296875","0.296875","0.296875","0.4453125","0.4453125","0.4453125"
"108","0.34375","0.34375","0.34375","0.5","0.5","0.5"
"109","0.359375","0.359375","0.359375","0.5","0.5","0.5"
"110","0.3125","0.3125","0.3125","0.453125","0.453125","0.453125"
"111","0.390625","0.390625","0.390625","0.515625","0.515625","0.515625"
"112","0.359375","0.359375","0.359375","0.4140625","0.4140625","0.4140625"
"113","0.3046875","0.3046875","0.3046875","0.4609375","0.4609375","0.4609375"
"114","0.359375","0.359375","0.359375","0.453125","0.453125","0.453125"
"115","0.40625","0.40625","0.40625","0.453125","0.453125","0.453125"
"116","0.3359375","0.3359375","0.3359375","0.5234375","0.5234375","0.5234375"
"117","0.3203125","0.3203125","0.3203125","0.46875","0.46875","0.46875"
"118","0.421875","0.421875","0.421875","0.5","0.5","0.5"
"119","0.375","0.375","0.375","0.515625","0.515625","0.515625"
"120","0.3125","0.3125","0.3125","0.4296875","0.4296875","0.4296875"
"121","0.375","0.375","0.375","0.4921875","0.4921875","0.4921875"
"122","0.34375","0.34375","0.34375","0.484375","0.484375","0.484375"
"123","0.2890625","0.2890625","0.2890625","0.4765625","0.4765625","0.4765625"
"124","0.40625","0.40625","0.40625","0.4921875","0.4921875","0.4921875"
"125","0.4296875","0.4296875","0.4296875","0.546875","0.546875","0.546875"
"126","0.359375","0.359375","0.359375","0.5390625","0.5390625","0.5390625"
"127","0.3125","0.3125","0.3125","0.4921875","0.4921875","0.4921875"
"128","0.296875","0.296875","0.296875","0.4453125","0.4453125","0.4453125"
"129","0.3046875","0.3046875","0.3046875","0.4375","0.4375","0.4375"
"130","0.3984375","0.3984375","0.3984375","0.5625","0.5625","0.5625"
"131","0.40625","0.40625","0.40625","0.5390625","0.5390625","0.5390625"
"132","0.3046875","0.3046875","0.3046875","0.453125","0.453125","0.453125"
"133","0.3046875","0.3046875","0.3046875","0.546875","0.546875","0.546875"
"134","0.3046875","0.3046875","0.3046875","0.4765625","0.4765625","0.4765625"
"135","0.328125","0.328125","0.328125","0.5234375","0.5234375","0.5234375"
"136","0.2578125","0.2578125","0.2578125","0.40625","0.40625","0.40625"
"137","0.3125","0.3125","0.3125","0.4765625","0.4765625","0.4765625"
"138","0.2734375","0.2734375","0.2734375","0.4765625","0.4765625","0.4765625"
"139","0.2890625","0.2890625","0.2890625","0.453125","0.453125","0.453125"
"140","0.3125","0.3125","0.3125","0.4765625","0.4765625","0.4765625"
"141","0.3984375","0.3984375","0.3984375","0.5625","0.5625","0.5625"
"142","0.40625","0.40625","0.40625","0.5703125","0.5703125","0.5703125"
"143","0.3203125","0.3203125","0.3203125","0.453125","0.453125","0.453125"
"144","0.2890625","0.2890625","0.2890625","0.453125","0.453125","0.453125"
"145","0.34375","0.34375","0.34375","0.5078125","0.5078125","0.5078125"
"146","0.359375","0.359375","0.359375","0.5078125","0.5078125","0.5078125"
"147","0.328125","0.328125","0.328125","0.5078125","0.5078125","0.5078125"
"148","0.4296875","0.4296875","0.4296875","0.5","0.5","0.5"
"149","0.2265625","0.2265625","0.2265625","0.453125","0.453125","0.453125"
"150","0.3984375","0.3984375","0.3984375","0.515625","0.515625","0.515625"
"151","0.3515625","0.3515625","0.3515625","0.4765625","0.4765625","0.4765625"
"152","0.3515625","0.3515625","0.3515625","0.5","0.5","0.5"
"153","0.359375","0.359375","0.359375","0.5234375","0.5234375","0.5234375"
"154","0.3125","0.3125","0.3125","0.484375","0.484375","0.484375"
"155","0.328125","0.328125","0.328125","0.484375","0.484375","0.484375"
"156","0.3203125","0.3203125","0.3203125","0.4296875","0.4296875","0.4296875"
"157","0.359375","0.359375","0.359375","0.4375","0.4375","0.4375"
"158","0.3359375","0.3359375","0.3359375","0.5","0.5","0.5"
"159","0.2578125","0.2578125","0.2578125","0.40625","0.40625","0.40625"
"160","0.2890625","0.2890625","0.2890625","0.4296875","0.4296875","0.4296875"
"161","0.3671875","0.3671875","0.3671875","0.4921875","0.4921875","0.4921875"
"162","0.3203125","0.3203125","0.3203125","0.4609375","0.4609375","0.4609375"
"163","0.3671875","0.3671875","0.3671875","0.46875","0.46875","0.46875"
"164","0.3359375","0.3359375","0.3359375","0.453125","0.453125","0.453125"
"165","0.3203125","0.3203125","0.3203125","0.40625","0.40625","0.40625"
"166","0.34375","0.34375","0.34375","0.515625","0.515625","0.515625"
"167","0.34375","0.34375","0.34375","0.53125","0.53125","0.53125"
"168","0.359375","0.359375","0.359375","0.5546875","0.5546875","0.5546875"
"169","0.3046875","0.3046875","0.3046875","0.4453125","0.4453125","0.4453125"
"170","0.3515625","0.3515625","0.3515625","0.5078125","0.5078125","0.5078125"
"171","0.2734375","0.2734375","0.2734375","0.4453125","0.4453125","0.4453125"
"172","0.3046875","0.3046875","0.3046875","0.4375","0.4375","0.4375"
"173","0.40625","0.40625","0.40625","0.4921875","0.4921875","0.4921875"
"174","0.2734375","0.2734375","0.2734375","0.4375","0.4375","0.4375"
"175","0.2578125","0.2578125","0.2578125","0.4375","0.4375","0.4375"
"176","0.3671875","0.3671875","0.3671875","0.484375","0.484375","0.484375"
"177","0.234375","0.234375","0.234375","0.3515625","0.3515625","0.3515625"
"178","0.3515625","0.3515625","0.3515625","0.5","0.5","0.5"
"179","0.3515625","0.3515625","0.3515625","0.4765625","0.4765625","0.4765625"
"180","0.34375","0.34375","0.34375","0.515625","0.515625","0.515625"
"181","0.296875","0.296875","0.296875","0.515625","0.515625","0.515625"
"182","0.3203125","0.3203125","0.3203125","0.4453125","0.4453125","0.4453125"
"183","0.2890625","0.2890625","0.2890625","0.4609375","0.4609375","0.4609375"
"184","0.3828125","0.3828125","0.3828125","0.484375","0.484375","0.484375"
"185","0.390625","0.390625","0.390625","0.515625","0.515625","0.515625"
"186","0.2890625","0.2890625","0.2890625","0.484375","0.484375","0.484375"
"187","0.359375","0.359375","0.359375","0.515625","0.515625","0.515625"
"188","0.3046875","0.3046875","0.3046875","0.4609375","0.4609375","0.4609375"
"189","0.265625","0.265625","0.265625","0.4765625","0.4765625","0.4765625"
"190","0.2421875","0.2421875","0.2421875","0.3359375","0.3359375","0.3359375"
"191","0.2890625","0.2890625","0.2890625","0.375","0.375","0.375"
"192","0.3125","0.3125","0.3125","0.4375","0.4375","0.4375"
"193","0.328125","0.328125","0.328125","0.4921875","0.4921875","0.4921875"
"194","0.34375","0.34375","0.34375","0.5","0.5","0.5"
"195","0.359375","0.359375","0.359375","0.4609375","0.4609375","0.4609375"
"196","0.265625","0.265625","0.265625","0.5","0.5","0.5"
"197","0.3671875","0.3671875","0.3671875","0.515625","0.515625","0.515625"
"198","0.3359375","0.3359375","0.3359375","0.5078125","0.5078125","0.5078125"
"199","0.3671875","0.3671875","0.3671875","0.578125","0.578125","0.578125"
"200","0.28125","0.28125","0.28125","0.46875","0.46875","0.46875"
"201","0.2734375","0.2734375","0.2734375","0.4375","0.4375","0.4375"
"202","0.234375","0.234375","0.234375","0.421875","0.421875","0.421875"
"203","0.3671875","0.3671875","0.3671875","0.5078125","0.5078125","0.5078125"
"204","0.3125","0.3125","0.3125","0.4375","0.4375","0.4375"
"205","0.2890625","0.2890625","0.2890625","0.46875","0.46875","0.46875"
"206","0.421875","0.421875","0.421875","0.5625","0.5625","0.5625"
"207","0.234375","0.234375","0.234375","0.46875","0.46875","0.46875"
"208","0.359375","0.359375","0.359375","0.5078125","0.5078125","0.5078125"
"209","0.3359375","0.3359375","0.3359375","0.4921875","0.4921875","0.4921875"
"210","0.4140625","0.4140625","0.4140625","0.5625","0.5625","0.5625"
"211","0.4140625","0.4140625","0.4140625","0.59375","0.59375","0.59375"
"212","0.3125","0.3125","0.3125","0.484375","0.484375","0.484375"
"213","0.3515625","0.3515625","0.3515625","0.4765625","0.4765625","0.4765625"
"214","0.34375","0.34375","0.34375","0.5234375","0.5234375","0.5234375"
"215","0.3671875","0.3671875","0.3671875","0.5390625","0.5390625","0.5390625"
"216","0.3203125","0.3203125","0.3203125","0.484375","0.484375","0.484375"
"217","0.1953125","0.1953125","0.1953125","0.4453125","0.4453125","0.4453125"
"218","0.3359375","0.3359375","0.3359375","0.46875","0.46875","0.46875"
"219","0.2734375","0.2734375","0.2734375","0.421875","0.421875","0.421875"
"220","0.3359375","0.3359375","0.3359375","0.546875","0.546875","0.546875"
"221","0.2421875","0.2421875","0.2421875","0.453125","0.453125","0.453125"
"222","0.25","0.25","0.25","0.4453125","0.4453125","0.4453125"
"223","0.3046875","0.3046875","0.3046875","0.5234375","0.5234375","0.5234375"
"224","0.3046875","0.3046875","0.3046875","0.4921875","0.4921875","0.4921875"
"225","0.2578125","0.2578125","0.2578125","0.390625","0.390625","0.390625"
"226","0.34375","0.34375","0.34375","0.484375","0.484375","0.484375"
"227","0.3046875","0.3046875","0.3046875","0.4765625","0.4765625","0.4765625"
"228","0.265625","0.265625","0.265625","0.4765625","0.4765625","0.4765625"
"229","0.3125","0.3125","0.3125","0.46875","0.46875","0.46875"
"230","0.28125","0.28125","0.28125","0.46875","0.46875","0.46875"
"231","0.2890625","0.2890625","0.2890625","0.3984375","0.3984375","0.3984375"
"232","0.328125","0.328125","0.328125","0.4765625","0.4765625","0.4765625"
"233","0.28125","0.28125","0.28125","0.4921875","0.4921875","0.4921875"
"234","0.3203125","0.3203125","0.3203125","0.4921875","0.4921875","0.4921875"
"235","0.25","0.25","0.25","0.4375","0.4375","0.4375"
"236","0.296875","0.296875","0.296875","0.53125","0.53125","0.53125"
"237","0.28125","0.28125","0.28125","0.546875","0.546875","0.546875"
"238","0.3359375","0.3359375","0.3359375","0.4765625","0.4765625","0.4765625"
"239","0.3828125","0.3828125","0.3828125","0.546875","0.546875","0.546875"
"240","0.2578125","0.2578125","0.2578125","0.4921875","0.4921875","0.4921875"
"241","0.2890625","0.2890625","0.2890625","0.421875","0.421875","0.421875"
"242","0.296875","0.296875","0.296875","0.390625","0.390625","0.390625"
"243","0.34375","0.34375","0.34375","0.5546875","0.5546875","0.5546875"
"244","0.25","0.25","0.25","0.5","0.5","0.5"
"245","0.2890625","0.2890625","0.2890625","0.4375","0.4375","0.4375"
"246","0.3203125","0.3203125","0.3203125","0.53125","0.53125","0.53125"
"247","0.3359375","0.3359375","0.3359375","0.4453125","0.4453125","0.4453125"
"248","0.2890625","0.2890625","0.2890625","0.46875","0.46875","0.46875"
"249","0.3125","0.3125","0.3125","0.5","0.5","0.5"
"250","0.328125","0.328125","0.328125","0.5390625","0.5390625","0.5390625"
"251","0.2890625","0.2890625","0.2890625","0.453125","0.453125","0.453125"
"252","0.359375","0.359375","0.359375","0.5390625","0.5390625","0.5390625"
"253","0.2421875","0.2421875","0.2421875","0.3984375","0.3984375","0.3984375"
"254","0.390625","0.390625","0.390625","0.515625","0.515625","0.515625"
"255","0.2734375","0.2734375","0.2734375","0.390625","0.390625","0.390625"
"256","0.296875","0.296875","0.296875","0.453125","0.453125","0.453125"
"257","0.2890625","0.2890625","0.2890625","0.4609375","0.4609375","0.4609375"
"258","0.2734375","0.2734375","0.2734375","0.4921875","0.4921875","0.4921875"
"259","0.2890625","0.2890625","0.2890625","0.4921875","0.4921875","0.4921875"
"260","0.2890625","0.2890625","0.2890625","0.484375","0.484375","0.484375"
"261","0.25","0.25","0.25","0.421875","0.421875","0.421875"
"262","0.25","0.25","0.25","0.40625","0.40625","0.40625"
"263","0.296875","0.296875","0.296875","0.53125","0.53125","0.53125"
"264","0.2890625","0.2890625","0.2890625","0.5078125","0.5078125","0.5078125"
"265","0.2734375","0.2734375","0.2734375","0.5078125","0.5078125","0.5078125"
"266","0.328125","0.328125","0.328125","0.484375","0.484375","0.484375"
"267","0.2890625","0.2890625","0.2890625","0.4453125","0.4453125","0.4453125"
"268","0.3203125","0.3203125","0.3203125","0.4765625","0.4765625","0.4765625"
"269","0.3046875","0.3046875","0.3046875","0.4609375","0.4609375","0.4609375"
"270","0.2578125","0.2578125","0.2578125","0.46875","0.46875","0.46875"
"271","0.234375","0.234375","0.234375","0.46875","0.46875","0.46875"
"272","0.3046875","0.3046875","0.3046875","0.421875","0.421875","0.421875"
"273","0.234375","0.234375","0.234375","0.4140625","0.4140625","0.4140625"
"274","0.2265625","0.2265625","0.2265625","0.46875","0.46875","0.46875"
"275","0.265625","0.265625","0.265625","0.5078125","0.5078125","0.5078125"
"276","0.3359375","0.3359375","0.3359375","0.5625","0.5625","0.5625"
"277","0.359375","0.359375","0.359375","0.46875","0.46875","0.46875"
"278","0.2578125","0.2578125","0.2578125","0.46875","0.46875","0.46875"
"279","0.28125","0.28125","0.28125","0.453125","0.453125","0.453125"
"280","0.3203125","0.3203125","0.3203125","0.484375","0.484375","0.484375"
"281","0.3203125","0.3203125","0.3203125","0.4140625","0.4140625","0.4140625"
"282","0.3046875","0.3046875","0.3046875","0.4375","0.4375","0.4375"
"283","0.28125","0.28125","0.28125","0.46875","0.46875","0.46875"
"284","0.359375","0.359375","0.359375","0.4375","0.4375","0.4375"
"285","0.3359375","0.3359375","0.3359375","0.4921875","0.4921875","0.4921875"
"286","0.3046875","0.3046875","0.3046875","0.4765625","0.4765625","0.4765625"
"287","0.328125","0.328125","0.328125","0.484375","0.484375","0.484375"
"288","0.25","0.25","0.25","0.4921875","0.4921875","0.4921875"
"289","0.2578125","0.2578125","0.2578125","0.4296875","0.4296875","0.4296875"
"290","0.3046875","0.3046875","0.3046875","0.4453125","0.4453125","0.4453125"
"291","0.2890625","0.2890625","0.2890625","0.4921875","0.4921875","0.4921875"
"292","0.25","0.25","0.25","0.5","0.5","0.5"
"293","0.3046875","0.3046875","0.3046875","0.515625","0.515625","0.515625"
"294","0.296875","0.296875","0.296875","0.453125","0.453125","0.453125"
"295","0.234375","0.234375","0.234375","0.46875","0.46875","0.46875"
"296","0.3203125","0.3203125","0.3203125","0.453125","0.453125","0.453125"
"297","0.2421875","0.2421875","0.2421875","0.4375","0.4375","0.4375"
"298","0.25","0.25","0.25","0.4296875","0.4296875","0.4296875"
"299","0.3125","0.3125","0.3125","0.5234375","0.5234375","0.5234375"
"300","0.3203125","0.3203125","0.3203125","0.5546875","0.5546875","0.5546875"
"301","0.2734375","0.2734375","0.2734375","0.4765625","0.4765625","0.4765625"
"302","0.2421875","0.2421875","0.2421875","0.484375","0.484375","0.484375"
"303","0.234375","0.234375","0.234375","0.40625","0.40625","0.40625"
"304","0.2890625","0.2890625","0.2890625","0.46875","0.46875","0.46875"
"305","0.328125","0.328125","0.328125","0.5234375","0.5234375","0.5234375"
"306","0.328125","0.328125","0.328125","0.5234375","0.5234375","0.5234375"
"307","0.3203125","0.3203125","0.3203125","0.484375","0.484375","0.484375"
"308","0.2890625","0.2890625","0.2890625","0.40625","0.40625","0.40625"
"309","0.28125","0.28125","0.28125","0.4765625","0.4765625","0.4765625"
"310","0.3125","0.3125","0.3125","0.5","0.5","0.5"
"311","0.28125","0.28125","0.28125","0.46875","0.46875","0.46875"
"312","0.2890625","0.2890625","0.2890625","0.4375","0.4375","0.4375"
"313","0.265625","0.265625","0.265625","0.4609375","0.4609375","0.4609375"
"314","0.3671875","0.3671875","0.3671875","0.5390625","0.5390625","0.5390625"
"315","0.265625","0.265625","0.265625","0.4765625","0.4765625","0.4765625"
"316","0.234375","0.234375","0.234375","0.359375","0.359375","0.359375"
"317","0.28125","0.28125","0.28125","0.4296875","0.4296875","0.4296875"
"318","0.34375","0.34375","0.34375","0.546875","0.546875","0.546875"
"319","0.2890625","0.2890625","0.2890625","0.4375","0.4375","0.4375"
"320","0.1796875","0.1796875","0.1796875","0.453125","0.453125","0.453125"
"321","0.328125","0.328125","0.328125","0.484375","0.484375","0.484375"
"322","0.3359375","0.3359375","0.3359375","0.5","0.5","0.5"
"323","0.2734375","0.2734375","0.2734375","0.484375","0.484375","0.484375"
"324","0.2578125","0.2578125","0.2578125","0.4375","0.4375","0.4375"
"325","0.2890625","0.2890625","0.2890625","0.4453125","0.4453125","0.4453125"
"326","0.2734375","0.2734375","0.2734375","0.46875","0.46875","0.46875"
"327","0.296875","0.296875","0.296875","0.5078125","0.5078125","0.5078125"
"328","0.265625","0.265625","0.265625","0.4765625","0.4765625","0.4765625"
"329","0.3359375","0.3359375","0.3359375","0.5","0.5","0.5"
"330","0.2265625","0.2265625","0.2265625","0.4453125","0.4453125","0.4453125"
"331","0.3046875","0.3046875","0.3046875","0.4921875","0.4921875","0.4921875"
"332","0.2109375","0.2109375","0.2109375","0.4140625","0.4140625","0.4140625"
"333","0.3125","0.3125","0.3125","0.484375","0.484375","0.484375"
"334","0.234375","0.234375","0.234375","0.4375","0.4375","0.4375"
"335","0.3515625","0.3515625","0.3515625","0.5859375","0.5859375","0.5859375"
"336","0.2890625","0.2890625","0.2890625","0.3984375","0.3984375","0.3984375"
"337","0.2890625","0.2890625","0.2890625","0.484375","0.484375","0.484375"
"338","0.3046875","0.3046875","0.3046875","0.5703125","0.5703125","0.5703125"
"339","0.2734375","0.2734375","0.2734375","0.421875","0.421875","0.421875"
"340","0.203125","0.203125","0.203125","0.4609375","0.4609375","0.4609375"
"341","0.2890625","0.2890625","0.2890625","0.5234375","0.5234375","0.5234375"
"342","0.28125","0.28125","0.28125","0.4765625","0.4765625","0.4765625"
"343","0.3046875","0.3046875","0.3046875","0.484375","0.484375","0.484375"
"344","0.2265625","0.2265625","0.2265625","0.421875","0.421875","0.421875"
"345","0.2265625","0.2265625","0.2265625","0.5","0.5","0.5"
"346","0.3125","0.3125","0.3125","0.5546875","0.5546875","0.5546875"
"347","0.28125","0.28125","0.28125","0.421875","0.421875","0.421875"
"348","0.265625","0.265625","0.265625","0.4609375","0.4609375","0.4609375"
"349","0.296875","0.296875","0.296875","0.53125","0.53125","0.53125"
"350","0.2734375","0.2734375","0.2734375","0.4609375","0.4609375","0.4609375"
"351","0.2890625","0.2890625","0.2890625","0.484375","0.484375","0.484375"
"352","0.21875","0.21875","0.21875","0.46875","0.46875","0.46875"
"353","0.3359375","0.3359375","0.3359375","0.578125","0.578125","0.578125"
"354","0.265625","0.265625","0.265625","0.4921875","0.4921875","0.4921875"
"355","0.2734375","0.2734375","0.2734375","0.453125","0.453125","0.453125"
"356","0.2578125","0.2578125","0.2578125","0.4921875","0.4921875","0.4921875"
"357","0.2265625","0.2265625","0.2265625","0.484375","0.484375","0.484375"
"358","0.3125","0.3125","0.3125","0.4921875","0.4921875","0.4921875"
"359","0.2734375","0.2734375","0.2734375","0.4765625","0.4765625","0.4765625"
"360","0.3203125","0.3203125","0.3203125","0.53125","0.53125","0.53125"
"361","0.3125","0.3125","0.3125","0.4765625","0.4765625","0.4765625"
"362","0.3125","0.3125","0.3125","0.5078125","0.5078125","0.5078125"
"363","0.2890625","0.2890625","0.2890625","0.53125","0.53125","0.53125"
"364","0.296875","0.296875","0.296875","0.4921875","0.4921875","0.4921875"
"365","0.3046875","0.3046875","0.3046875","0.578125","0.578125","0.578125"
"366","0.2578125","0.2578125","0.2578125","0.4375","0.4375","0.4375"
"367","0.3515625","0.3515625","0.3515625","0.5234375","0.5234375","0.5234375"
"368","0.265625","0.265625","0.265625","0.4375","0.4375","0.4375"
"369","0.234375","0.234375","0.234375","0.4453125","0.4453125","0.4453125"
"370","0.3046875","0.3046875","0.3046875","0.53125","0.53125","0.53125"
"371","0.296875","0.296875","0.296875","0.515625","0.515625","0.515625"
"372","0.296875","0.296875","0.296875","0.421875","0.421875","0.421875"
"373","0.3203125","0.3203125","0.3203125","0.4921875","0.4921875","0.4921875"
"374","0.25","0.25","0.25","0.4453125","0.4453125","0.4453125"
"375","0.265625","0.265625","0.265625","0.4765625","0.4765625","0.4765625"
"376","0.34375","0.34375","0.34375","0.546875","0.546875","0.546875"
"377","0.3046875","0.3046875","0.3046875","0.484375","0.484375","0.484375"
"378","0.2734375","0.2734375","0.2734375","0.4140625","0.4140625","0.4140625"
"379","0.2421875","0.2421875","0.2421875","0.453125","0.453125","0.453125"
"380","0.328125","0.328125","0.328125","0.4609375","0.4609375","0.4609375"
"381","0.328125","0.328125","0.328125","0.4609375","0.4609375","0.4609375"
"382","0.3046875","0.3046875","0.3046875","0.4921875","0.4921875","0.4921875"
"383","0.2890625","0.2890625","0.2890625","0.5390625","0.5390625","0.5390625"
"384","0.265625","0.265625","0.265625","0.484375","0.484375","0.484375"
"385","0.328125","0.328125","0.328125","0.5","0.5","0.5"
"386","0.234375","0.234375","0.234375","0.4140625","0.4140625","0.4140625"
"387","0.328125","0.328125","0.328125","0.4765625","0.4765625","0.4765625"
"388","0.25","0.25","0.25","0.4921875","0.4921875","0.4921875"
"389","0.3515625","0.3515625","0.3515625","0.5625","0.5625","0.5625"
"390","0.2578125","0.2578125","0.2578125","0.453125","0.453125","0.453125"
"391","0.2734375","0.2734375","0.2734375","0.546875","0.546875","0.546875"
"392","0.3203125","0.3203125","0.3203125","0.484375","0.484375","0.484375"
"393","0.2578125","0.2578125","0.2578125","0.5859375","0.5859375","0.5859375"
"394","0.2734375","0.2734375","0.2734375","0.4921875","0.4921875","0.4921875"
"395","0.25","0.25","0.25","0.46875","0.46875","0.46875"
"396","0.2734375","0.2734375","0.2734375","0.5","0.5","0.5"
"397","0.296875","0.296875","0.296875","0.515625","0.515625","0.515625"
"398","0.2890625","0.2890625","0.2890625","0.5","0.5","0.5"
"399","0.3125","0.3125","0.3125","0.5078125","0.5078125","0.5078125"
"400","0.296875","0.296875","0.296875","0.46875","0.46875","0.46875"
"401","0.3046875","0.3046875","0.3046875","0.5234375","0.5234375","0.5234375"
"402","0.265625","0.265625","0.265625","0.4296875","0.4296875","0.4296875"
"403","0.3203125","0.3203125","0.3203125","0.6171875","0.6171875","0.6171875"
"404","0.234375","0.234375","0.234375","0.4453125","0.4453125","0.4453125"
"405","0.328125","0.328125","0.328125","0.5625","0.5625","0.5625"
"406","0.265625","0.265625","0.265625","0.4765625","0.4765625","0.4765625"
"407","0.3671875","0.3671875","0.3671875","0.515625","0.515625","0.515625"
"408","0.2265625","0.2265625","0.2265625","0.4609375","0.4609375","0.4609375"
"409","0.2421875","0.2421875","0.2421875","0.5078125","0.5078125","0.5078125"
"410","0.2578125","0.2578125","0.2578125","0.5","0.5","0.5"
"411","0.2734375","0.2734375","0.2734375","0.4921875","0.4921875","0.4921875"
"412","0.328125","0.328125","0.328125","0.546875","0.546875","0.546875"
"413","0.3203125","0.3203125","0.3203125","0.5234375","0.5234375","0.5234375"
"414","0.28125","0.28125","0.28125","0.4375","0.4375","0.4375"
"415","0.2578125","0.2578125","0.2578125","0.4921875","0.4921875","0.4921875"
"416","0.21875","0.21875","0.21875","0.46875","0.46875","0.46875"
"417","0.296875","0.296875","0.296875","0.453125","0.453125","0.453125"
"418","0.296875","0.296875","0.296875","0.4921875","0.4921875","0.4921875"
"419","0.2734375","0.2734375","0.2734375","0.4921875","0.4921875","0.4921875"
"420","0.3046875","0.3046875","0.3046875","0.5234375","0.5234375","0.5234375"
"421","0.2265625","0.2265625","0.2265625","0.4609375","0.4609375","0.4609375"
"422","0.203125","0.203125","0.203125","0.4609375","0.4609375","0.4609375"
"423","0.2890625","0.2890625","0.2890625","0.515625","0.515625","0.515625"
"424","0.2578125","0.2578125","0.2578125","0.5390625","0.5390625","0.5390625"
"425","0.25","0.25","0.25","0.453125","0.453125","0.453125"
"426","0.296875","0.296875","0.296875","0.453125","0.453125","0.453125"
"427","0.2890625","0.2890625","0.2890625","0.5","0.5","0.5"
"428","0.25","0.25","0.25","0.4765625","0.4765625","0.4765625"
"429","0.2734375","0.2734375","0.2734375","0.484375","0.484375","0.484375"
"430","0.28125","0.28125","0.28125","0.4921875","0.4921875","0.4921875"
"431","0.2578125","0.2578125","0.2578125","0.4921875","0.4921875","0.4921875"
"432","0.3125","0.3125","0.3125","0.515625","0.515625","0.515625"
"433","0.296875","0.296875","0.296875","0.484375","0.484375","0.484375"
"434","0.3671875","0.3671875","0.3671875","0.5078125","0.5078125","0.5078125"
"435","0.296875","0.296875","0.296875","0.5078125","0.5078125","0.5078125"
"436","0.2890625","0.2890625","0.2890625","0.4765625","0.4765625","0.4765625"
"437","0.3125","0.3125","0.3125","0.5234375","0.5234375","0.5234375"
"438","0.2265625","0.2265625","0.2265625","0.40625","0.40625","0.40625"
"439","0.2890625","0.2890625","0.2890625","0.53125","0.53125","0.53125"
"440","0.265625","0.265625","0.265625","0.4296875","0.4296875","0.4296875"
"441","0.2734375","0.2734375","0.2734375","0.546875","0.546875","0.546875"
"442","0.2890625","0.2890625","0.2890625","0.5078125","0.5078125","0.5078125"
"443","0.3203125","0.3203125","0.3203125","0.546875","0.546875","0.546875"
"444","0.265625","0.265625","0.265625","0.3984375","0.3984375","0.3984375"
"445","0.203125","0.203125","0.203125","0.40625","0.40625","0.40625"
"446","0.265625","0.265625","0.265625","0.3984375","0.3984375","0.3984375"
"447","0.3046875","0.3046875","0.3046875","0.4921875","0.4921875","0.4921875"
"448","0.28125","0.28125","0.28125","0.4609375","0.4609375","0.4609375"
"449","0.2109375","0.2109375","0.2109375","0.4609375","0.4609375","0.4609375"
"450","0.296875","0.296875","0.296875","0.4921875","0.4921875","0.4921875"
"451","0.265625","0.265625","0.265625","0.4453125","0.4453125","0.4453125"
"452","0.328125","0.328125","0.328125","0.578125","0.578125","0.578125"
"453","0.2265625","0.2265625","0.2265625","0.359375","0.359375","0.359375"
"454","0.3203125","0.3203125","0.3203125","0.484375","0.484375","0.484375"
"455","0.25","0.25","0.25","0.453125","0.453125","0.453125"
"456","0.265625","0.265625","0.265625","0.4921875","0.4921875","0.4921875"
"457","0.25","0.25","0.25","0.4296875","0.4296875","0.4296875"
"458","0.2890625","0.2890625","0.2890625","0.4375","0.4375","0.4375"
"459","0.28125","0.28125","0.28125","0.4375","0.4375","0.4375"
"460","0.40625","0.40625","0.40625","0.59375","0.59375","0.59375"
"461","0.3046875","0.3046875","0.3046875","0.4765625","0.4765625","0.4765625"
"462","0.21875","0.21875","0.21875","0.453125","0.453125","0.453125"
"463","0.3125","0.3125","0.3125","0.484375","0.484375","0.484375"
"464","0.296875","0.296875","0.296875","0.484375","0.484375","0.484375"
"465","0.28125","0.28125","0.28125","0.484375","0.484375","0.484375"
"466","0.3125","0.3125","0.3125","0.5078125","0.5078125","0.5078125"
"467","0.3515625","0.3515625","0.3515625","0.46875","0.46875","0.46875"
"468","0.21875","0.21875","0.21875","0.375","0.375","0.375"
"469","0.2578125","0.2578125","0.2578125","0.484375","0.484375","0.484375"
"470","0.2734375","0.2734375","0.2734375","0.4296875","0.4296875","0.4296875"
"471","0.234375","0.234375","0.234375","0.5078125","0.5078125","0.5078125"
"472","0.3671875","0.3671875","0.3671875","0.4765625","0.4765625","0.4765625"
"473","0.28125","0.28125","0.28125","0.5234375","0.5234375","0.5234375"
"474","0.2421875","0.2421875","0.2421875","0.515625","0.515625","0.515625"
"475","0.21875","0.21875","0.21875","0.4921875","0.4921875","0.4921875"
"476","0.2109375","0.2109375","0.2109375","0.3984375","0.3984375","0.3984375"
"477","0.1953125","0.1953125","0.1953125","0.4453125","0.4453125","0.4453125"
"478","0.1953125","0.1953125","0.1953125","0.390625","0.390625","0.390625"
"479","0.2578125","0.2578125","0.2578125","0.453125","0.453125","0.453125"
"480","0.359375","0.359375","0.359375","0.5625","0.5625","0.5625"
"481","0.28125","0.28125","0.28125","0.5546875","0.5546875","0.5546875"
"482","0.28125","0.28125","0.28125","0.5078125","0.5078125","0.5078125"
"483","0.2578125","0.2578125","0.2578125","0.4453125","0.4453125","0.4453125"
"484","0.2890625","0.2890625","0.2890625","0.453125","0.453125","0.453125"
"485","0.2578125","0.2578125","0.2578125","0.4609375","0.4609375","0.4609375"
"486","0.28125","0.28125","0.28125","0.5078125","0.5078125","0.5078125"
"487","0.1953125","0.1953125","0.1953125","0.4453125","0.4453125","0.4453125"
"488","0.2890625","0.2890625","0.2890625","0.4609375","0.4609375","0.4609375"
"489","0.2421875","0.2421875","0.2421875","0.4375","0.4375","0.4375"
"490","0.2265625","0.2265625","0.2265625","0.3515625","0.3515625","0.3515625"
"491","0.2421875","0.2421875","0.2421875","0.40625","0.40625","0.40625"
"492","0.296875","0.296875","0.296875","0.46875","0.46875","0.46875"
"493","0.1875","0.1875","0.1875","0.46875","0.46875","0.46875"
"494","0.2890625","0.2890625","0.2890625","0.515625","0.515625","0.515625"
"495","0.234375","0.234375","0.234375","0.390625","0.390625","0.390625"
"496","0.328125","0.328125","0.328125","0.5","0.5","0.5"
"497","0.296875","0.296875","0.296875","0.5546875","0.5546875","0.5546875"
"498","0.3046875","0.3046875","0.3046875","0.5234375","0.5234375","0.5234375"
"499","0.2734375","0.2734375","0.2734375","0.4765625","0.4765625","0.4765625"
"500","","","","0.53125","0.53125","0.53125"