"Step","minerva_grpo_llama_3_2_3b_instruct - val-core/global-val/reward/mean","minerva_grpo_llama_3_2_3b_instruct - val-core/global-val/reward/mean__MIN","minerva_grpo_llama_3_2_3b_instruct - val-core/global-val/reward/mean__MAX","minerva_noctua_llama_3_2_3b_instruct_lr0.05_flush_bs256_mlh_t0.7_p0.9_defer_ema - val-core/global-val/reward/mean","minerva_noctua_llama_3_2_3b_instruct_lr0.05_flush_bs256_mlh_t0.7_p0.9_defer_ema - val-core/global-val/reward/mean__MIN","minerva_noctua_llama_3_2_3b_instruct_lr0.05_flush_bs256_mlh_t0.7_p0.9_defer_ema - val-core/global-val/reward/mean__MAX"
"10","0.1652344561167588","0.1652344561167588","0.1652344561167588","0.16127443585446793","0.16127443585446793","0.16127443585446793"
"20","0.22022489043095816","0.22022489043095816","0.22022489043095816","0.20275611031355467","0.20275611031355467","0.20275611031355467"
"30","0.22391126020525953","0.22391126020525953","0.22391126020525953","0.2268343613972559","0.2268343613972559","0.2268343613972559"
"40","0.24127822971841323","0.24127822971841323","0.24127822971841323","0.23396493801012452","0.23396493801012452","0.23396493801012452"
"50","0.25878044725678173","0.25878044725678173","0.25878044725678173","0.2500994794539105","0.2500994794539105","0.2500994794539105"
"60","0.2734754032132184","0.2734754032132184","0.2734754032132184","0.28004669164214824","0.28004669164214824","0.28004669164214824"
"70","0.2800556028502975","0.2800556028502975","0.2800556028502975","0.2856111677425136","0.2856111677425136","0.2856111677425136"
"80","0.27809563725349573","0.27809563725349573","0.27809563725349573","0.2858402645954381","0.2858402645954381","0.2858402645954381"
"90","0.2833036518635955","0.2833036518635955","0.2833036518635955","0.29709699824598673","0.29709699824598673","0.29709699824598673"
"100","0.2854377345811753","0.2854377345811753","0.2854377345811753","0.31248780138656784","0.31248780138656784","0.31248780138656784"
"110","0.2861485838783016","0.2861485838783016","0.2861485838783016","0.31935471826572975","0.31935471826572975","0.31935471826572975"
"120","0.28933907530405123","0.28933907530405123","0.28933907530405123","0.33170633323098486","0.33170633323098486","0.33170633323098486"
"130","0.29592760706169463","0.29592760706169463","0.29592760706169463","0.3272625912065052","0.3272625912065052","0.3272625912065052"
"140","0.30350839683239844","0.30350839683239844","0.30350839683239844","0.3349729851873571","0.3349729851873571","0.3349729851873571"
"150","0.3160540645981928","0.3160540645981928","0.3160540645981928","0.3469951132499926","0.3469951132499926","0.3469951132499926"
"160","0.3075443445247541","0.3075443445247541","0.3075443445247541","0.3503225626415396","0.3503225626415396","0.3503225626415396"
"170","0.3138072193164375","0.3138072193164375","0.3138072193164375","0.35619436443155456","0.35619436443155456","0.35619436443155456"
"180","0.31394931939828113","0.31394931939828113","0.31394931939828113","0.3700177613295982","0.3700177613295982","0.3700177613295982"
"190","0.31892983456530494","0.31892983456530494","0.31892983456530494","0.36973670316432156","0.36973670316432156","0.36973670316432156"
"200","0.32231698123668145","0.32231698123668145","0.32231698123668145","0.3790904493374422","0.3790904493374422","0.3790904493374422"
"210","0.33330287851175366","0.33330287851175366","0.33330287851175366","0.3864044075248235","0.3864044075248235","0.3864044075248235"
"220","0.3321010383110845","0.3321010383110845","0.3321010383110845","0.39489148203225977","0.39489148203225977","0.39489148203225977"
"230","0.3280377559801727","0.3280377559801727","0.3280377559801727","0.3975374398502516","0.3975374398502516","0.3975374398502516"
"240","0.3347691670985411","0.3347691670985411","0.3347691670985411","0.4042654139427164","0.4042654139427164","0.4042654139427164"
"250","0.3322806375217293","0.3322806375217293","0.3322806375217293","0.3968437987314529","0.3968437987314529","0.3968437987314529"
"260","0.32822422704781556","0.32822422704781556","0.32822422704781556","0.40654473600823526","0.40654473600823526","0.40654473600823526"
"270","0.3376364536190354","0.3376364536190354","0.3376364536190354","0.4075544628813713","0.4075544628813713","0.4075544628813713"
"280","0.3473035974202113","0.3473035974202113","0.3473035974202113","0.42139261496305447","0.42139261496305447","0.42139261496305447"
"290","0.3394410129575527","0.3394410129575527","0.3394410129575527","0.425240465273105","0.425240465273105","0.425240465273105"
"300","0.3453608383917707","0.3453608383917707","0.3453608383917707","0.42065661189279385","0.42065661189279385","0.42065661189279385"
"310","0.3480341991376982","0.3480341991376982","0.3480341991376982","0.42642107973216026","0.42642107973216026","0.42642107973216026"
"320","0.3512192824753989","0.3512192824753989","0.3512192824753989","0.43035659071829857","0.43035659071829857","0.43035659071829857"
"330","0.3512789750322637","0.3512789750322637","0.3512789750322637","0.43844465797062127","0.43844465797062127","0.43844465797062127"
"340","0.3491886558370632","0.3491886558370632","0.3491886558370632","0.4385747157666543","0.4385747157666543","0.4385747157666543"
"350","0.3535348304527296","0.3535348304527296","0.3535348304527296","0.4416332880017303","0.4416332880017303","0.4416332880017303"
"360","0.3562571187072131","0.3562571187072131","0.3562571187072131","0.4428786870796131","0.4428786870796131","0.4428786870796131"
"370","0.3553386499500563","0.3553386499500563","0.3553386499500563","0.4567303522942633","0.4567303522942633","0.4567303522942633"
"380","0.3477823025899112","0.3477823025899112","0.3477823025899112","0.4451670311921982","0.4451670311921982","0.4451670311921982"
"390","0.3544193803524924","0.3544193803524924","0.3544193803524924","0.4445832967832871","0.4445832967832871","0.4445832967832871"
"400","0.34998797668323056","0.34998797668323056","0.34998797668323056","0.4493622659347522","0.4493622659347522","0.4493622659347522"
"410","0.344615602624496","0.344615602624496","0.344615602624496","0.45215244076075456","0.45215244076075456","0.45215244076075456"
"420","0.3432393693544574","0.3432393693544574","0.3432393693544574","0.4547161932377675","0.4547161932377675","0.4547161932377675"
"430","0.3537904577848965","0.3537904577848965","0.3537904577848965","0.46240428689719426","0.46240428689719426","0.46240428689719426"
"440","0.345351741674108","0.345351741674108","0.345351741674108","0.460129518539255","0.460129518539255","0.460129518539255"
"450","0.3436889094464425","0.3436889094464425","0.3436889094464425","0.462439001582426","0.462439001582426","0.462439001582426"
"460","0.3383115033629532","0.3383115033629532","0.3383115033629532","0.4602324459384956","0.4602324459384956","0.4602324459384956"
"470","0.3447899452436314","0.3447899452436314","0.3447899452436314","0.47381071770702216","0.47381071770702216","0.47381071770702216"
"480","0.34201257719786693","0.34201257719786693","0.34201257719786693","0.47685269888913695","0.47685269888913695","0.47685269888913695"
"490","0.3489095499638002","0.3489095499638002","0.3489095499638002","0.4838222303957917","0.4838222303957917","0.4838222303957917"