"Step","minerva_grpo_qwen3_4b_base - val-core/global-val/reward/mean","minerva_grpo_qwen3_4b_base - val-core/global-val/reward/mean__MIN","minerva_grpo_qwen3_4b_base - val-core/global-val/reward/mean__MAX","minerva_noctua_qwen3_4b_base_lr0.05_flush_bs256_mlh_t0.7_p0.9_defer_ema - val-core/global-val/reward/mean","minerva_noctua_qwen3_4b_base_lr0.05_flush_bs256_mlh_t0.7_p0.9_defer_ema - val-core/global-val/reward/mean__MIN","minerva_noctua_qwen3_4b_base_lr0.05_flush_bs256_mlh_t0.7_p0.9_defer_ema - val-core/global-val/reward/mean__MAX"
"10","0.24646095536495302","0.24646095536495302","0.24646095536495302","0.257819961845939","0.257819961845939","0.257819961845939"
"20","0.2803775544326836","0.2803775544326836","0.2803775544326836","0.27380301747089864","0.27380301747089864","0.27380301747089864"
"30","0.2790825897504231","0.2790825897504231","0.2790825897504231","0.2754392103861665","0.2754392103861665","0.2754392103861665"
"40","0.2964815763491608","0.2964815763491608","0.2964815763491608","0.28839524501901714","0.28839524501901714","0.28839524501901714"
"50","0.3035082184155685","0.3035082184155685","0.3035082184155685","0.30237469382386656","0.30237469382386656","0.30237469382386656"
"60","0.3103145138020875","0.3103145138020875","0.3103145138020875","0.3194809278637231","0.3194809278637231","0.3194809278637231"
"70","0.31600883504536537","0.31600883504536537","0.31600883504536537","0.32029958369666967","0.32029958369666967","0.32029958369666967"
"80","0.3238623845209459","0.3238623845209459","0.3238623845209459","0.32835390968154027","0.32835390968154027","0.32835390968154027"
"90","0.3328525285786006","0.3328525285786006","0.3328525285786006","0.3395235833584173","0.3395235833584173","0.3395235833584173"
"100","0.3439179152223056","0.3439179152223056","0.3439179152223056","0.34704988932752007","0.34704988932752007","0.34704988932752007"
"110","0.34010357238444155","0.34010357238444155","0.34010357238444155","0.34724235143767446","0.34724235143767446","0.34724235143767446"
"120","0.3278201146125824","0.3278201146125824","0.3278201146125824","0.35266835024232757","0.35266835024232757","0.35266835024232757"
"130","0.33617837610753076","0.33617837610753076","0.33617837610753076","0.36984608749497583","0.36984608749497583","0.36984608749497583"
"140","0.3350790484033304","0.3350790484033304","0.3350790484033304","0.3664593696518898","0.3664593696518898","0.3664593696518898"
"150","0.33107074640803413","0.33107074640803413","0.33107074640803413","0.3689189969126603","0.3689189969126603","0.3689189969126603"
"160","0.35151547947438344","0.35151547947438344","0.35151547947438344","0.37804472933629185","0.37804472933629185","0.37804472933629185"
"170","0.35960750250366685","0.35960750250366685","0.35960750250366685","0.3864090446778916","0.3864090446778916","0.3864090446778916"
"180","0.3532507493080562","0.3532507493080562","0.3532507493080562","0.40179810930949833","0.40179810930949833","0.40179810930949833"
"190","0.350228719425199","0.350228719425199","0.350228719425199","0.39608094044765646","0.39608094044765646","0.39608094044765646"
"200","0.3655467346641162","0.3655467346641162","0.3655467346641162","0.4038921896976343","0.4038921896976343","0.4038921896976343"
"210","0.37208922232014496","0.37208922232014496","0.37208922232014496","0.41086172077184807","0.41086172077184807","0.41086172077184807"
"220","0.3728259804602273","0.3728259804602273","0.3728259804602273","0.41560676173553446","0.41560676173553446","0.41560676173553446"
"230","0.37529499994048315","0.37529499994048315","0.37529499994048315","0.41838455443845535","0.41838455443845535","0.41838455443845535"
"240","0.372752644159124","0.372752644159124","0.372752644159124","0.41904684860040936","0.41904684860040936","0.41904684860040936"
"250","0.3645553847531066","0.3645553847531066","0.3645553847531066","0.41046622762051416","0.41046622762051416","0.41046622762051416"
"260","0.36836541794133065","0.36836541794133065","0.36836541794133065","0.42322040168688985","0.42322040168688985","0.42322040168688985"
"270","0.3670824117548981","0.3670824117548981","0.3670824117548981","0.43183493766239733","0.43183493766239733","0.43183493766239733"
"280","0.3738260355461802","0.3738260355461802","0.3738260355461802","0.42593234255606216","0.42593234255606216","0.42593234255606216"
"290","0.38261491222390687","0.38261491222390687","0.38261491222390687","0.4301943566691034","0.4301943566691034","0.4301943566691034"
"300","0.3830888658351249","0.3830888658351249","0.3830888658351249","0.43305673963204083","0.43305673963204083","0.43305673963204083"
"310","0.40062832988109826","0.40062832988109826","0.40062832988109826","0.43810905028586977","0.43810905028586977","0.43810905028586977"
"320","0.39948523404830605","0.39948523404830605","0.39948523404830605","0.43194948944933165","0.43194948944933165","0.43194948944933165"
"330","0.3958923435120698","0.3958923435120698","0.3958923435120698","0.4393183438866255","0.4393183438866255","0.4393183438866255"
"340","0.399251501453982","0.399251501453982","0.399251501453982","0.43408241223399524","0.43408241223399524","0.43408241223399524"
"350","0.3980565377712769","0.3980565377712769","0.3980565377712769","0.44069862691073736","0.44069862691073736","0.44069862691073736"
"360","0.39194398471055913","0.39194398471055913","0.39194398471055913","0.44152779055841507","0.44152779055841507","0.44152779055841507"
"370","0.3989938723466979","0.3989938723466979","0.3989938723466979","0.43772911877388077","0.43772911877388077","0.43772911877388077"
"380","0.3996615293924408","0.3996615293924408","0.3996615293924408","0.44181319517401624","0.44181319517401624","0.44181319517401624"
"390","0.39693623232793485","0.39693623232793485","0.39693623232793485","0.44404671465621137","0.44404671465621137","0.44404671465621137"
"400","0.39985743790952366","0.39985743790952366","0.39985743790952366","0.44055918481643114","0.44055918481643114","0.44055918481643114"
"410","0.40465834303968085","0.40465834303968085","0.40465834303968085","0.4413611256020523","0.4413611256020523","0.4413611256020523"
"420","0.4016259908569483","0.4016259908569483","0.4016259908569483","0.44621082199631446","0.44621082199631446","0.44621082199631446"
"430","0.3973597308685116","0.3973597308685116","0.3973597308685116","0.4424375642737512","0.4424375642737512","0.4424375642737512"
"440","0.40056537410151605","0.40056537410151605","0.40056537410151605","0.4449819605884074","0.4449819605884074","0.4449819605884074"
"450","0.4024243502908941","0.4024243502908941","0.4024243502908941","0.4517145606513042","0.4517145606513042","0.4517145606513042"
"460","0.40160334459019364","0.40160334459019364","0.40160334459019364","0.45391642384367215","0.45391642384367215","0.45391642384367215"
"470","0.39471942914450536","0.39471942914450536","0.39471942914450536","0.4594349813900752","0.4594349813900752","0.4594349813900752"
"480","0.37591837393573335","0.37591837393573335","0.37591837393573335","0.46214487670627047","0.46214487670627047","0.46214487670627047"
"490","0.3837111952299284","0.3837111952299284","0.3837111952299284","0.4676269817143026","0.4676269817143026","0.4676269817143026"
"500","","","","0.4582965416332667","0.4582965416332667","0.4582965416332667"