ThreatActor,Alias
Aggressive Inventory Zombies,AIZ
ALLANITE,Palmetto Fusion
Alpha Spider,ALPHV Ransomware Group
andariel,gop
andariel,guardian of peace
andariel,onyx sleet
andariel,operationtroy
andariel,plutonium
andariel,silent chollima
Angry Likho,Sticky Werewolf
Anonymous64,Anonymous 64
ANTHROPOID SPIDER,CobaltGoblin
ANTHROPOID SPIDER,Empire Monkey
Aoqin Dragon,UNC94
APT-C-12,Blue Mushroom
APT-C-12,NuclearCrisis
APT-C-12,Sapphire Mushroom
APT-C-27,ATK80
APT-C-27,Golden RAT
APT-C-27,GoldMouse
APT-C-34,Golden Falcon
APT-C-36,Blind Eagle
APT-C-60,APT-Q-12
APT1,Brown Fox
APT1,Byzantine Candor
APT1,Comment Crew
APT1,Comment Group
APT1,COMMENT PANDA
APT1,G0006
APT1,GIF89a
APT1,Group 3
APT1,PLA Unit 61398
APT1,ShadyRAT
APT1,TG-8223
APT10,ATK41
APT10,BRONZE RIVERSIDE
APT10,Cicada
APT10,Cloud Hopper
APT10,CVNX
APT10,G0045
APT10,Granite Taurus
APT10,happyyongzi
APT10,HOGFISH
APT10,Menupass Team
APT10,POTASSIUM
APT10,Purple Typhoon
APT10,Red Apollo
APT10,STONE PANDA
APT10,TA429
APT12,BeeBus
APT12,BRONZE GLOBE
APT12,Calc Team
APT12,Crimson Iron
APT12,DNSCalc
APT12,DynCalc
APT12,Group 22
APT12,Hexagon Typhoon
APT12,IXESHE
APT12,NUMBERED PANDA
APT12,TG-2754
APT14,ALUMINUM
APT14,ANCHOR PANDA
APT14,QAZTeam
APT15,BRONZE DAVENPORT
APT15,BRONZE IDLEWOOD
APT15,BRONZE PALACE
APT15,G0004
APT15,Ke3Chang
APT15,Lurid
APT15,Metushy
APT15,Mirage
APT15,NICKEL
APT15,Nylon Typhoon
APT15,Playful Dragon
APT15,Red Vulture
APT15,Royal APT
APT15,Social Network Team
APT15,VIXEN PANDA
APT16,G0023
APT16,SVCMONDR
APT17,AURORA PANDA
APT17,Axiom
APT17,BRONZE KEYSTONE
APT17,Dogfish
APT17,G0001
APT17,G0025
APT17,Group 72
APT17,Group 8
APT17,Heart Typhoon
APT17,HELIUM
APT17,Hidden Lynx
APT17,Tailgater Team
APT18,DYNAMITE PANDA
APT18,G0026
APT18,PLA Navy
APT18,Satin Typhoon
APT18,SCANDIUM
APT18,TG-0416
APT18,Wekby
APT19,Black Vine
APT19,BRONZE FIRESTONE
APT19,Checkered Typhoon
APT19,Codoso
APT19,DEEP PANDA
APT19,G0009
APT19,G0073
APT19,Group 13
APT19,KungFu Kittens
APT19,PinkPanther
APT19,Pupa
APT19,Shell Crew
APT19,Sunshop Group
apt19,temp avengers
APT19,TEMP.Avengers
APT19,WebMasters
APT2,4HCrew
APT2,G0024
APT2,MSUpdater
APT2,PLA Unit 61486
APT2,PUTTER PANDA
APT2,SearchFire
APT2,SULPHUR
APT2,TG-6952
APT20,Crawling Taurus
APT20,TH3Bug
APT20,VIOLIN PANDA
APT21,HAMMER PANDA
APT21,NetTraveler
APT21,TEMP.Zhenbao
APT22,BRONZE OLIVE
APT22,G0039
APT22,Group 46
APT22,Suckfly
APT23,BRONZE HOBART
APT23,Earth Centaur
APT23,G0081
APT23,KeyBoy
APT23,PIRATE PANDA
APT23,Red Orthrus
APT23,Tropic Trooper
APT24,G0011
APT24,PITTY PANDA
APT24,Temp.Pittytiger
APT26,BRONZE EXPRESS
APT26,JerseyMikes
APT26,Taffeta Typhoon
APT26,TECHNETIUM
APT26,TURBINE PANDA
APT27,BRONZE UNION
APT27,Budworm
APT27,Circle Typhoon
APT27,Earth Smilodon
APT27,EMISSARY PANDA
APT27,G0027
APT27,GreedyTaotie
APT27,Group 35
APT27,Iron Taurus
APT27,Iron Tiger
APT27,Linen Typhoon
APT27,Lucky Mouse
APT27,Red Phoenix
APT27,TEMP.Hippo
APT27,TG-3390
APT27,ZipToken
apt28,apt c 20
APT28,APT-C-20
APT28,ATK5
APT28,Blue Athena
APT28,BlueDelta
APT28,FANCY BEAR
APT28,Fighting Ursa
APT28,Forest Blizzard
APT28,FROZENLAKE
APT28,G0007
apt28,grey cloud
APT28,Grizzly Steppe
apt28,group 4127
APT28,Group 74
APT28,GruesomeLarch
APT28,IRON TWILIGHT
APT28,ITG05
APT28,Pawn Storm
APT28,Sednit
APT28,SIG40
APT28,SNAKEMACKEREL
APT28,Sofacy
apt28,sofacy group
APT28,STRONTIUM
APT28,Swallowtail
apt28,t apt 12
APT28,T-APT-12
APT28,TA422
apt28,tg 4127
APT28,TG-4127
APT28,Tsar Team
apt28,tsarteam
apt28,uac 0028
APT28,UAC-0028
APT29,ATK7
APT29,Blue Kitsune
APT29,BlueBravo
APT29,Cloaked Ursa
APT29,COZY BEAR
APT29,G0016
APT29,Grizzly Steppe
APT29,Group 100
APT29,IRON HEMLOCK
APT29,ITG11
apt29,midnight blizzard
APT29,Minidionis
APT29,Nobelium
APT29,SeaDuke
APT29,TA421
APT29,The Dukes
apt29,uac 0029
APT29,UAC-0029
APT29,YTTRIUM
APT3,BORON
APT3,Boyusec
APT3,Brocade Typhoon
APT3,BRONZE MAYFAIR
APT3,Buckeye
APT3,GOTHIC PANDA
APT3,Group 6
APT3,Red Sylvan
APT3,TG-0110
APT3,UPS
APT30,G0013
APT31,BRONZE VINEWOOD
APT31,JUDGMENT PANDA
APT31,Red keres
APT31,TA412
APT31,Violet Typhoon
APT31,ZIRCONIUM
APT32,APT 32
APT32,APT-32
APT32,APT-C-00
APT32,ATK17
APT32,BISMUTH
APT32,Canvas Cyclone
APT32,Cobalt Kitty
APT32,G0050
APT32,Ocean Buffalo
APT32,Ocean Lotus
APT32,OceanLotus
APT32,OceanLotus Group
APT32,POND LOACH
APT32,Sea Lotus
APT32,SeaLotus
APT32,TIN WOODLAWN
APT33,APT 33
APT33,ATK35
APT33,COBALT TRINITY
APT33,Elfin
APT33,G0064
APT33,HOLMIUM
APT33,MAGNALLIUM
APT33,Peach Sandstorm
APT33,Refined Kitten
APT33,TA451
APT35,Agent Serpens
apt35,charming kitten
APT35,COBALT MIRAGE
APT35,G0059
APT35,Magic Hound
APT35,Mint Sandstorm
APT35,Newscaster Team
APT35,Phosphorus
APT35,TunnelVision
apt36,apt 36
apt36,apt36
apt36,c major
apt36,copper fieldstone
apt36,earth karkaddan
apt36,green havildar
apt36,mythic leopard
apt36,projectm
apt36,tmp lapis
apt36,transparent tribe
APT37,APT 37
APT37,APT-C-28
APT37,ATK4
APT37,G0067
APT37,Group 123
APT37,Group123
APT37,InkySquid
APT37,Moldy Pisces
APT37,Operation Daybreak
APT37,Operation Erebus
APT37,Reaper
APT37,Reaper Group
APT37,Red Eyes
APT37,Ricochet Chollima
APT37,ScarCruft
APT37,Venus 121
APT39,Burgundy Sandstorm
APT39,Chafer
APT39,COBALT HICKMAN
APT39,G0087
APT39,ITG07
APT39,Radio Serpens
APT39,REMIX KITTEN
APT39,TA454
APT4,BRONZE EDISON
APT4,MAVERICK PANDA
APT4,PLA Navy
APT4,Salmon Typhoon
APT4,SODIUM
APT40,ATK29
APT40,BRONZE MOHAWK
APT40,G0065
APT40,GADOLINIUM
APT40,Gingham Typhoon
APT40,ISLANDDREAMS
APT40,ITG09
APT40,KRYPTONITE PANDA
APT40,Leviathan
APT40,MUDCARP
APT40,Red Ladon
APT40,TA423
APT40,TEMP.Jumper
APT40,TEMP.Periscope
APT41,Amoeba
APT41,BARIUM
APT41,Blackfly
APT41,Brass Typhoon
APT41,BRONZE ATLAS
APT41,BRONZE EXPORT
APT41,Double Dragon
APT41,Earth Baku
APT41,G0044
APT41,G0096
APT41,Grayfly
APT41,HOODOO
APT41,LEAD
APT41,Leopard Typhoon
APT41,Red Kelpie
APT41,TA415
APT41,TG-2633
APT41,WICKED PANDA
APT41,WICKED SPIDER
APT41,Winnti
APT42,CALANQUE
APT42,UNC788
APT5,BRONZE FLEETWOOD
APT5,KEYHOLE PANDA
APT5,MANGANESE
APT5,Mulberry Typhoon
APT5,Poisoned Flight
APT5,TEMP.Bottle
APT6,1.php Group
APT73,Eraleig
APT9,Group 27
APT9,NIGHTSHADE PANDA
APT9,Red Pegasus
AridViper,APT-C-23
AridViper,Arid Viper
AridViper,Bearded Barbie
AridViper,Desert Falcon
AridViper,Two-tailed Scorpion
Aslan Neferler Tim,Lion Soldiers Team
Aslan Neferler Tim,Phantom Turk
Asnarök,Personal Panda
Awaken Likho,Core Werewolf
Ayyıldız Tim,Crescent and Star
BackdoorDiplomacy,BackDip
BackdoorDiplomacy,CloudComputating
BackdoorDiplomacy,Quarian
bahamut,dropping elephant
BANISHED KITTEN,DUNE
BANISHED KITTEN,Red Sandstorm
BANISHED KITTEN,Storm-0842
BazarCall,BazaCall
BazarCall,BazzarCall
Beijing Group,Elderwood
Beijing Group,Elderwood Gang
Beijing Group,G0066
Beijing Group,SIG22
Beijing Group,SNEAKY PANDA
BelialDemon,Matanbuchus
Blackgear,Comnie
Blackgear,Topgear
Blackmeta,SN Blackmeta
BlackOasis,G0063
BlackTech,Canary Typhoon
BlackTech,CIRCUIT PANDA
BlackTech,Earth Hundun
BlackTech,G0098
BlackTech,HUAPI
BlackTech,Manga Taurus
BlackTech,Palmerworm
BlackTech,Red Djinn
BlackTech,T-APT-03
BlackTech,Temp.Overboard
Blue Termite,Cloudy Omega
Blue Termite,Emdivi
Blue Tsunami,Black Cube
BlueHornet,AgainstTheWest
BlueHornet,APT49
Bohrium,IMPERIAL KITTEN
Bohrium,Smoke Sandstorm
BOSS SPIDER,GOLD LOWELL
BRONZE EDGEWOOD,Red Hariasa
BRONZE HIGHLAND,Daggerfly
BRONZE HIGHLAND,Evasive Panda
BRONZE SPRING,UNC302
BRONZE STARLIGHT,Cinnamon Tempest
BRONZE STARLIGHT,DEV-0401
BRONZE STARLIGHT,Emperor Dragonfly
BRONZE STARLIGHT,SLIME34
Budminer,Budminer cyberespionage group
Caliente Bandits,TA2721
Callisto,Blue Callisto
Callisto,BlueCharlie
Callisto,COLDRIVER
Callisto,GOSSAMER BEAR
Callisto,IRON FRONTIER
Callisto,SEABORGIUM
Callisto,Star Blizzard
Callisto,TA446
Callisto,TAG-53
Callisto,UNC4057
Calypso,BRONZE MEDLEY
Caracal Kitten,APT-Q-58
Caramel Tsunami,Candiru
Caramel Tsunami,SOURGUM
Careto,Mask
Careto,The Mask
Careto,Ugly Face
Carmine Tsunami,DEV-0196
Carmine Tsunami,QuaDream
Chamelgang,CamoFei
Charming Kitten,CharmingCypress
Charming Kitten,G0058
Charming Kitten,Group 83
Charming Kitten,iKittens
Charming Kitten,Mint Sandstorm
Charming Kitten,NewsBeef
Charming Kitten,Newscaster
Charming Kitten,Parastoo
charmingcypress,apt42
charmingcypress,charming kitten
charmingcypress,mint sandstorm
charmingcypress,ta453
chrysene,apt34
chrysene,cobalt gypsy
chrysene,europium
CHRYSENE,Greenbug
chrysene,hazel sandstorm
CHRYSENE,OilRig
CL-STA-0043,TGR-STA-0043
CL-STA-0048,CL STA 0048
Cleaver,Alibaba
Cleaver,Cobalt Gypsy
Cleaver,G0003
Cleaver,Op Cleaver
Cleaver,Operation Cleaver
Cleaver,Tarh Andishan
Cleaver,TG-2889
Clever Kitten,Group 41
Cobalt,Cobalt Gang
Cobalt,Cobalt Group
Cobalt,COBALT SPIDER
Cobalt,G0080
Cobalt,GOLD KINGSWOOD
Cobalt,Mule Libra
COBALT JUNO,APT-C-38
COBALT JUNO,APT-C-38 (QiAnXin)
COBALT JUNO,SABER LION
COBALT JUNO,TG-2884
COBALT JUNO,TG-2884 (SCWX CTU)
COBALT KATANA,Hive0081
COBALT KATANA,Hive0081 (IBM)
COBALT KATANA,Hunter Serpens
COBALT KATANA,SectorD01
COBALT KATANA,SectorD01 (NHSC)
COBALT KATANA,xHunt campaign
COBALT KATANA,xHunt campaign (Palo Alto)
Cold River,Nahr el bared
Cold River,Nahr Elbard
coldriver,bluecharlie
coldriver,callisto
coldriver,gossamer bear
coldriver,reuse team
coldriver,seaborgium
coldriver,star blizzard
coldriver,ta446
Common Raven,DESKTOP-GROUP
Common Raven,NXSMS
Common Raven,OPERA1ER
confucius,confucius apt
CopyKittens,G0052
CopyKittens,Slayer Kitten
Corsair Jackal,TunisianCyberArmy
Cotton Sandstorm,Emennet Pasargad
Cotton Sandstorm,HAYWIRE KITTEN
Cotton Sandstorm,Holy Souls
Cotton Sandstorm,MARNANBRIDGE
Cotton Sandstorm,NEPTUNIUM
Cuboid Sandstorm,DEV-0228
Curious Gorge,UNC3742
Cutting Kitten,ITsecTeam
Cyber Caliphate Army,CCA
Cyber Caliphate Army,CyberCaliphate
Cyber Caliphate Army,Islamic State Hacking Division
Cyber Caliphate Army,United Cyber Caliphate
Cyber Caliphate Army,UUC
Cyber fighters of Izz Ad-Din Al Qassam,Fraternal Jackal
Cyber.Anarchy.Squad,Cyber Anarchy Squad
DAGGER PANDA,IceFog
DAGGER PANDA,PLA Unit 69010
DAGGER PANDA,Red Foxtrot
DAGGER PANDA,Red Wendigo
DAGGER PANDA,RedFoxtrot
DAGGER PANDA,Trident
DAGGER PANDA,UAT-7290
Dark Caracal,G0070
DarkHotel,APT-C-06
DarkHotel,ATK52
DarkHotel,DUBNIUM
DarkHotel,Fallout Team
DarkHotel,G0012
DarkHotel,Karba
DarkHotel,Luder
DarkHotel,Nemim
DarkHotel,Nemin
DarkHotel,Pioneer
DarkHotel,Shadow Crane
DarkHotel,SIG25
DarkHotel,T-APT-02
DarkHotel,Tapaoux
DarkHotel,TUNGSTEN BRIDGE
DarkHotel,Zigzag Hail
DarkHydrus,G0079
DarkHydrus,LazyMeerkat
DarkHydrus,Obscure Serpens
Deadeye Jackal,SEA
Deadeye Jackal,SyrianElectronicArmy
DefrayX,Hive0091
Denim Tsunami,DSIRF
Denim Tsunami,KNOTWEED
DEV-0270,Nemesis Kitten
DEV-0270,Storm-0270
DEV-0569,Storm-0569
DEV-0586,Cadet Blizzard
DEV-0586,Ruinous Ursa
DEV-0950,Lace Tempest
diamond sleet,lazarus
DieNet,Shiite_Harvest
DIZZY PANDA,LadyBoyle
DNSpionage,COBALT EDGEWATER
Domestic Kitten,APT-C-50
Domestic Kitten,Bouncing Golf
DOPPEL SPIDER,GOLD HERON
Dragonbridge,Spamouflage Dragon
dragonfly,allanite
dragonfly,atk6
dragonfly,berserk bear
dragonfly,blue kraken
dragonfly,bromine
dragonfly,castle
dragonfly,crouching yeti
dragonfly,dymalloy
dragonfly,energetic bear
dragonfly,g0035
dragonfly,ghost blizzard
dragonfly,group 24
dragonfly,havex
dragonfly,iron liberty
dragonfly,itg15
dragonfly,koala team
dragonfly,tg 4192
DragonOK,BRONZE OVERBROOK
DragonOK,G0002
DragonOK,G0017
DragonOK,Moafee
DragonOK,Shallow Taurus
Dust Storm,G0031
DustSquad,Nomadic Octopus
Earth Berberoka,GamblingPuppet
Earth Kapre,Red Wolf
Earth Kapre,RedCurl
Earth Lamia,UNC5454
Earth Longzhi,SnakeCharmer
Earth Lusca,AQUATIC PANDA
Earth Lusca,BountyGlad
Earth Lusca,BRONZE UNIVERSITY
Earth Lusca,Charcoal Typhoon
Earth Lusca,CHROMIUM
Earth Lusca,ControlX
Earth Lusca,FISHMONGER
Earth Lusca,Red Dev 10
Earth Lusca,Red Scylla
Earth Lusca,RedHotel
Earth Lusca,TAG-22
Earth Yako,Enelink
Earth Yako,Operation RestyLink
El Machete,APT-C-43
El Machete,G0095
El Machete,Machete
El Machete,machete-apt
ENERGETIC BEAR,ALLANITE
ENERGETIC BEAR,ATK6
ENERGETIC BEAR,BERSERK BEAR
ENERGETIC BEAR,Blue Kraken
ENERGETIC BEAR,BROMINE
ENERGETIC BEAR,CASTLE
ENERGETIC BEAR,Crouching Yeti
ENERGETIC BEAR,Dragonfly
ENERGETIC BEAR,DYMALLOY
ENERGETIC BEAR,G0035
ENERGETIC BEAR,Ghost Blizzard
ENERGETIC BEAR,Group 24
ENERGETIC BEAR,Havex
ENERGETIC BEAR,IRON LIBERTY
ENERGETIC BEAR,ITG15
ENERGETIC BEAR,Koala Team
ENERGETIC BEAR,TG-4192
Equation Group,EQGRP
Equation Group,G0020
Equation Group,Tilded Team
Evasive Panda,BRONZE HIGHLAND
Evil Corp,GOLD DRAKE
Evilnum,DeathStalker
Evilnum,Jointworm
Evilnum,KNOCKOUT SPIDER
Evilnum,TA4563
EvilTraffic,Operation EvilTraffic
EXOTIC LILY,DEV-0413
Fail0verflow,Team Twiizer
FIN10,G0051
FIN11,TEMP.Warlock
FIN11,UNC902
FIN13,Elephant Beetle
FIN13,TG2003
FIN5,G0053
FIN6,ATK88
FIN6,Camouflage Tempest
FIN6,G0037
FIN6,GOLD FRANKLIN
FIN6,ITG08
FIN6,MageCart Group 6
FIN6,SKELETON SPIDER
FIN6,Storm-0538
FIN6,TA4557
FIN6,White Giant
FIN7,ATK32
FIN7,Calcium
FIN7,Carbanak
FIN7,CARBON SPIDER
FIN7,Coreid
FIN7,ELBRUS
FIN7,G0008
FIN7,G0046
FIN7,GOLD NIAGARA
FIN7,GrayAlpha
FIN7,JokerStash
FIN7,Sangria Tempest
FIN8,ATK113
FIN8,G0061
Fishing Elephant,Outrider Tiger
Flax Typhoon,Ethereal Panda
Flax Typhoon,Storm-0919
Flying Kitten,Ajax Security Team
Flying Kitten,AjaxSecurityTeam
Flying Kitten,Group 26
Flying Kitten,Saffron Rose
Flying Kitten,SaffronRose
Flying Kitten,Sayad
FlyingYeti,Flying Yeti
FlyingYeti,Storm-1837
Fox Kitten,Lemon Sandstorm
Fox Kitten,PARISITE
Fox Kitten,PIONEER KITTEN
Fox Kitten,RUBIDIUM
Fox Kitten,UNC757
GALLIUM,Alloy Taurus
GALLIUM,Granite Typhoon
GALLIUM,PHANTOM PANDA
GALLIUM,Red Dev 4
gamaredon,actinium
gamaredon,aqua blizzard
gamaredon,blue otso
gamaredon,bluealpha
gamaredon,dev 0157
gamaredon,g0047
gamaredon,gamaredon
gamaredon,iron tilden
gamaredon,primitive bear
gamaredon,shuckworm
gamaredon,trident ursa
gamaredon,uac 0010
gamaredon,unc530
gamaredon,winterflounder
Gamaredon Group,ACTINIUM
Gamaredon Group,Aqua Blizzard
Gamaredon Group,Blue Otso
Gamaredon Group,BlueAlpha
Gamaredon Group,DEV-0157
Gamaredon Group,G0047
Gamaredon Group,IRON TILDEN
Gamaredon Group,PRIMITIVE BEAR
Gamaredon Group,Shuckworm
Gamaredon Group,Trident Ursa
Gamaredon Group,UAC-0010
Gamaredon Group,Winterflounder
GC01,Golden Chickens
GC01,Golden Chickens 01
GC01,Golden Chickens01
GC02,Golden Chickens
GC02,Golden Chickens 02
GC02,Golden Chickens02
GCMAN,G0036
Gelsemium,狼毒草
GhostEmperor,FamousSparrow
GhostEmperor,OPERATOR PANDA
GhostEmperor,RedMike
GhostEmperor,Salt Typhoon
GhostEmperor,UNC2286
GhostNet,Snooping Dragon
GhostSec,Ghost Security
Ghostwriter,DEV-0257
Ghostwriter,PUSHCHA
Ghostwriter,Storm-0257
Ghostwriter,TA445
Ghostwriter,UAC-0057
Ghostwriter,UNC1151
GOBLIN PANDA,Conimes
GOBLIN PANDA,Cycldek
GOLD BURLAP,CYBORG SPIDER
GOLD CABIN,ATK236
GOLD CABIN,G0127
GOLD CABIN,Monster Libra
GOLD CABIN,Shakthak
GOLD CABIN,TA551
GOLD DUPONT,SPRITE SPIDER
GOLD PRELUDE,TA569
GOLD PRELUDE,UNC1543
GOLD REBELLION,Dark Scorpius
GOLD REBELLION,WANDERING SPIDER
GOLD REBELLION,White Dev 115
Gray Sandstorm,DEV-0343
GreenSpot,APT-Q-20
GreenSpot,PoisonVine
GRIM SPIDER,GOLD ULRICK
Group5,G0043
HAFNIUM,ATK233
HAFNIUM,G0125
HAFNIUM,MURKY PANDA
HAFNIUM,Operation Exchange Marauder
HAFNIUM,Red Dev 13
HAFNIUM,Silk Typhoon
Hagga,Aggah
Hagga,TH-157
HAZY TIGER,APT-C-08
HAZY TIGER,Bitter
HAZY TIGER,Orange Yali
HAZY TIGER,T-APT-17
HAZY TIGER,TA397
Hezb,Mimo
HIVE-0145,Hive0145
Honeybee,G0072
Inception Framework,ATK116
Inception Framework,Blue Odin
Inception Framework,Clean Ursa
Inception Framework,Cloud Atlas
Inception Framework,G0100
Inception Framework,OXYGEN
INDRIK SPIDER,Manatee Tempest
Infy,Foudre
Infy,Operation Mermaid
Infy,Prince of Persia
Iron Group,Iron Cyber Group
ItaDuke,DarkUniverse
ItaDuke,SIG27
Jabaroot,Jabaroot DZ
Karakurt,Karakurt Lair
Karkadann,Piwiks
Kimsuky,APT43
Kimsuky,Black Banshee
Kimsuky,Emerald Sleet
Kimsuky,G0086
Kimsuky,Operation Stolen Pencil
Kimsuky,Sparkling Pisces
Kimsuky,Springtail
Kimsuky,THALLIUM
Kimsuky,Velvet Chollima
Kinsing,Money Libra
LAPSUS,DEV-0537
LAPSUS,LAPSUS$
LAPSUS,SLIPPY SPIDER
LAPSUS,Strawberry Tempest
Larva-208,EncryptHub
lazarus,andariel
lazarus,appleworm
lazarus,apt 38
lazarus,apt c 26
lazarus,apt38
lazarus,atk117
lazarus,atk3
lazarus,beagleboyz
lazarus,bluenoroff
lazarus,bureau 121
lazarus,citrine sleet
lazarus,copernicium
lazarus,covellite
lazarus,dark seoul
lazarus,dev 0139
lazarus,dev 1222
lazarus,diamond sleet
lazarus,g0032
lazarus,g0082
lazarus,genie spider
lazarus,group 77
lazarus,hastati group
lazarus,hidden cobra
lazarus,labyrinth chollima
lazarus,lazarus
lazarus,lazarus group
lazarus,newromanic cyber army team
lazarus,nickel academy
lazarus,nickel gladstone
lazarus,operation applejeus
lazarus,operation darkseoul
lazarus,operation ghostsecret
lazarus,operation troy
lazarus,sapphire sleet
lazarus,stardust chollima
lazarus,subgroup  bluenoroff
lazarus,ta404
lazarus,unit 121
lazarus,whois hacking team
lazarus,zinc
Lazarus Group,Andariel
Lazarus Group,Appleworm
Lazarus Group,APT 38
Lazarus Group,APT-C-26
Lazarus Group,APT38
Lazarus Group,ATK117
Lazarus Group,ATK3
Lazarus Group,BeagleBoyz
Lazarus Group,Bluenoroff
Lazarus Group,Bureau 121
Lazarus Group,Citrine Sleet
Lazarus Group,COPERNICIUM
Lazarus Group,COVELLITE
Lazarus Group,Dark Seoul
Lazarus Group,DEV-0139
Lazarus Group,DEV-1222
Lazarus Group,Diamond Sleet
Lazarus Group,G0032
Lazarus Group,G0082
Lazarus Group,Group 77
Lazarus Group,Hastati Group
Lazarus Group,Hidden Cobra
Lazarus Group,Labyrinth Chollima
Lazarus Group,Moonstone Sleet
Lazarus Group,NewRomanic Cyber Army Team
Lazarus Group,Nickel Academy
Lazarus Group,NICKEL GLADSTONE
Lazarus Group,Operation AppleJeus
Lazarus Group,Operation DarkSeoul
Lazarus Group,Operation GhostSecret
Lazarus Group,Operation Troy
Lazarus Group,Sapphire Sleet
Lazarus Group,Stardust Chollima
Lazarus Group,Subgroup: Bluenoroff
Lazarus Group,TA404
Lazarus Group,Unit 121
Lazarus Group,Whois Hacking Team
Lazarus Group,ZINC
LightBasin,CL-CRI-0025
LightBasin,UNC1945
Lilac Typhoon,DEV-0234
LinkC Pub,LinkC
Longhorn,APT-C-39
Longhorn,Lamberts
Longhorn,PLATINUM TERMINAL
Longhorn,the Lamberts
LOTUS PANDA,ATK1
LOTUS PANDA,Billbug
LOTUS PANDA,BRONZE ELGIN
LOTUS PANDA,DRAGONFISH
LOTUS PANDA,G0030
LOTUS PANDA,Lotus BLossom
LOTUS PANDA,Red Salamander
LOTUS PANDA,Spring Dragon
LOTUS PANDA,ST Group
Lucky Cat,TA413
Lucky Cat,White Dev 9
Luna Moth,Silent Ransom
Luna Moth,TG2729
LUNAR SPIDER,GOLD SWATHMORE
LYCEUM,Chrono Kitten
LYCEUM,COBALT LYCEUM
LYCEUM,HEXANE
LYCEUM,MYSTICDOME
LYCEUM,siamesekitten
LYCEUM,Spirlin
LYCEUM,Storm-0133
LYCEUM,UNC1530
Magic Kitten,Group 42
Magic Kitten,VOYEUR
MALLARD SPIDER,GOLD LAGOON
mint sandstorm,apt35
mint sandstorm,charming kitten
mint sandstorm,charmingcypress
mint sandstorm,g0058
mint sandstorm,group 83
mint sandstorm,ikittens
mint sandstorm,newsbeef
mint sandstorm,newscaster
mint sandstorm,parastoo
mint sandstorm,phosphorus
MirrorFace,Earth Kasha
Mofang,BRONZE WALKER
Mofang,Superman
Molerats,ALUMINUM SARATOGA
Molerats,BLACKSTEM
Molerats,Extreme Jackal
Molerats,G0021
Molerats,Gaza Cybergang
Molerats,Gaza Hackers Team
Molerats,Moonlight
Molerats,Operation Molerats
MONTY SPIDER,Spandex Tempest
MosesStaff,DEV-0500
MosesStaff,Marigold Sandstorm
MosesStaff,Moses Staff
MosesStaff,VENGEFUL KITTEN
Moskalvzapoe,MAN1
Moskalvzapoe,TA511
MuddyWater,ATK51
MuddyWater,Boggy Serpens
MuddyWater,COBALT ULSTER
MuddyWater,Earth Vetala
MuddyWater,G0069
MuddyWater,Mango Sandstorm
MuddyWater,MERCURY
MuddyWater,Seedworm
MuddyWater,Static Kitten
MuddyWater,TA450
muddywater,temp zagros
MuddyWater,TEMP.Zagros
mummy spider,emotet
MUMMY SPIDER,GOLD CRESTWOOD
MUMMY SPIDER,TA542
MurenShark,Actor210426
MUSTANG PANDA,BASIN
MUSTANG PANDA,BRONZE PRESIDENT
MUSTANG PANDA,Earth Preta
MUSTANG PANDA,HoneyMyte
MUSTANG PANDA,LuminousMoth
MUSTANG PANDA,Polaris
MUSTANG PANDA,Red Lich
MUSTANG PANDA,Stately Taurus
MUSTANG PANDA,TA416
MUSTANG PANDA,TANTALUM
mustang panda,temp hex
MUSTANG PANDA,TEMP.HEX
MUSTANG PANDA,Twill Typhoon
Mustard Tempest,DEV-0206
Mustard Tempest,Purple Vallhund
Naikon,BRONZE GENEVA
Naikon,BRONZE STERLING
Naikon,Camerashy
Naikon,G0013
Naikon,G0019
Naikon,OVERRIDE PANDA
Naikon,PLA Unit 78020
NARWHAL SPIDER,GOLD ESSEX
NARWHAL SPIDER,Storm-0302
NARWHAL SPIDER,TA544
Nazar,SIG37
NB65,Network Battalion 65
NEODYMIUM,G0055
Night Dragon,G0014
NightEagle,APT-Q-95
Nitro,Covert Grove
NoName057(16),05716nnm
NoName057(16),Nnm05716
NoName057(16),NoName057
NoName057(16),NoName05716
OilRig,APT 34
OilRig,APT34
OilRig,ATK40
OilRig,Cobalt Gypsy
oilrig,cobalt gypsym
OilRig,Crambus
oilrig,crambus siamesekitten
OilRig,Earth Simnavaz
OilRig,EUROPIUM
OilRig,Evasive Serpens
OilRig,G0049
OilRig,Hazel Sandstorm
OilRig,Helix Kitten
OilRig,IRN2
oilrig,lyceum
OilRig,TA452
OilRig,Twisted Kitten
Opal Sleet,Konni
Opal Sleet,OSMIUM
Opal Sleet,Vedalia
Operation C-Major,APT 36
Operation C-Major,APT36
Operation C-Major,C-Major
Operation C-Major,COPPER FIELDSTONE
Operation C-Major,Earth Karkaddan
Operation C-Major,Green Havildar
Operation C-Major,Mythic Leopard
Operation C-Major,ProjectM
Operation C-Major,Storm-0156
Operation C-Major,TMP.Lapis
Operation C-Major,Transparent Tribe
Operation Emmental,Retefe Gang
Operation Emmental,Retefe Group
PARINACOTA,Wine Tempest
Patched Lightning,Storm-0113
Pearl Sleet,DEV-0215
Pearl Sleet,LAWRENCIUM
Phlox Tempest,DEV-0796
Pickaxe,Prying Libra
Pink Sandstorm,Agonizing Serpens
Pink Sandstorm,Agrius
Pink Sandstorm,AMERICIUM
Pink Sandstorm,Black Shadow
Pink Sandstorm,BlackShadow
Pink Sandstorm,DEV-0022
Pink Sandstorm,SPECTRAL KITTEN
Pink Sandstorm,UNC2428
PIZZO SPIDER,Ambiorx
PIZZO SPIDER,DD4BC
PLATINUM,ATK33
PLATINUM,G0068
PLATINUM,TwoForOne
POISON CARP,Earth Empusa
POISON CARP,Evil Eye
POISON CARP,Red Dev 16
POLONIUM,GREATRIFT
POLONIUM,INCENDIARY JACKAL
POLONIUM,Plaid Rain
POLONIUM,UNC4453
Poseidon Group,G0033
PowerPool,IAmTheKing
Predatory Sparrow,Gonjeshke Darande
Predatory Sparrow,Indra
ProjectSauron,G0041
ProjectSauron,Project Sauron
ProjectSauron,Sauron
ProjectSauron,Strider
PROMETHIUM,G0056
PROMETHIUM,StrongPity
Prophet Spider,GOLD MELODY
Prophet Spider,UNC961
QUILTED TIGER,APT-C-09
QUILTED TIGER,ATK11
QUILTED TIGER,Chinastrats
QUILTED TIGER,Dropping Elephant
QUILTED TIGER,G0040
QUILTED TIGER,Monsoon
QUILTED TIGER,Orange Athos
QUILTED TIGER,Patchwork
QUILTED TIGER,Sarit
QUILTED TIGER,Thirsty Gemini
QUILTED TIGER,ZINC EMERSON
RADIO PANDA,Shrouded Crossbow
RaHDit,Russian Angry Hackers Did It
RANCOR,G0075
RANCOR,Rancor Group
RANCOR,Rancor Taurus
RansomVC,Ransomed.vc
Raspberry Typhoon,RADIUM
RASPITE,LeafMiner
RAZOR TIGER,APT-C-17
RAZOR TIGER,Rattlesnake
RAZOR TIGER,SideWinder
RAZOR TIGER,T-APT-04
Rebel Jackal,FallagaTeam
Red Menshen,Earth Bluecrow
Red Menshen,Red Dev 18
Red Nue,LuoYu
RedAlpha,DeepCliff
RedAlpha,Red Dev 3
RedStinger,Bad Magic
REF7707,CL-STA-0049
Returned Libra,8220 Mining Group
Roaming Mantis,Roaming Mantis Group
Roaming Tiger,BRONZE WOODLAND
Roaming Tiger,Rotten Tomato
Rocke,Aged Libra
Rocket Kitten,Operation Woolen Goldfish
Rocket Kitten,Operation Woolen-Goldfish
Rocket Kitten,TEMP.Beanie
Rocket Kitten,Thamar Reservoir
Rocket Kitten,Timberworm
RomCom,Storm-0978
RomCom,UAT-5647
RTM,G0048
Ruby Sleet,CERIUM
SaintBear,Bleeding Bear
SaintBear,Cadet Blizzard
SaintBear,DEV-0587
SaintBear,EMBER BEAR
SaintBear,FROZENVISTA
SaintBear,Lorec Bear
SaintBear,Lorec53
SaintBear,Nascent Ursa
SaintBear,Nodaria
SaintBear,Saint Bear
SaintBear,Storm-0587
SaintBear,TA471
SaintBear,UAC-0056
SaintBear,UNC2589
SAMURAI PANDA,PLA Navy
SAMURAI PANDA,Wisp Team
Sandworm,APT44
Sandworm,Blue Echidna
Sandworm,ELECTRUM
Sandworm,FROZENBARENTS
Sandworm,G0034
Sandworm,IRIDIUM
Sandworm,IRON VIKING
Sandworm,Quedagh
Sandworm,Seashell Blizzard
Sandworm,TeleBots
sandworm,temp noble
Sandworm,TEMP.Noble
sandworm,uac 0082
sandworm,uac 0113
Sandworm,UAC-0082
Sandworm,UAC-0113
Sandworm,VOODOO BEAR
Scarlet Mimic,G0029
Scarlet Mimic,Golfing Taurus
Scattered Spider,0ktapus
Scattered Spider,DEV-0971
Scattered Spider,Muddled Libra
Scattered Spider,Octo Tempest
Scattered Spider,Oktapus
Scattered Spider,Scatter Swine
Scattered Spider,Scattered Swine
Scattered Spider,Starfraud
Scattered Spider,Storm-08751
Scattered Spider,Storm-0971
Scattered Spider,UNC3944
Sea Turtle,COSMIC WOLF
Sea Turtle,Marbled Dust
Sea Turtle,SILICON
Sea Turtle,Teal Kurma
Sea Turtle,UNC1326
Sharp Dragon,Sharp Panda
sharp panda,apt19
sharp panda,deep panda
SharpDragon,SharpPanda
SharpPanda,Sharp Dragon
Silence group,Silence
Silence group,WHISPER SPIDER
Silent Chollima,Andariel
Silent Chollima,GOP
Silent Chollima,Guardian of Peace
Silent Chollima,Onyx Sleet
Silent Chollima,OperationTroy
Silent Chollima,PLUTONIUM
silent chollima,subgroup  andariel
Silent Chollima,Subgroup: Andariel
Silent Chollima,WHOis Team
Silent Librarian,COBALT DICKENS
Silent Librarian,Mabna Institute
Silent Librarian,TA407
Silent Librarian,TA4900
Silent Librarian,Yellow Nabu
SkidSec,SkidSec Leaks
SNOWGLOBE,Animal Farm
SNOWGLOBE,ATK8
Sowbug,G0054
STARDUST CHOLLIMA,Sapphire Sleet
Stealth Falcon,FruityArmor
Stealth Falcon,G0038
Storm-0062,DarkShadow
Storm-0062,Oro0lxy
Storm-0249,DEV-0249
Storm-0324,DEV-0324
Storm-0324,Sagrid
Storm-0324,TA543
Storm-0381,DEV-0381
Storm-0473,UNC2849
Storm-0530,DEV-0530
Storm-0530,H0lyGh0st
Storm-0829,DEV-0829
Storm-0829,Nwgen Team
Storm-0867,DEV-0867
Storm-0940,CovertNetwork-1658
Storm-0940,ORB07
Storm-1044,DEV-1044
Storm-1084,DEV-1084
Storm-1101,DEV-1101
Storm-1113,APOTHECARY SPIDER
Storm-1167,DEV-1167
Storm-1295,DEV-1295
Storm-1567,Akira
Storm-1567,GOLD SAHARA
Storm-1567,PUNK SPIDER
Storm-1849,UAT4356
Storm-2077,RedNovember
Storm-2077,TAG-100
Sunglow Blizzard,DEV-0665
Sykipot,Maverick Panda
TA2101,DEV-0216
TA2101,GOLD VILLAGE
TA2101,Maze Team
TA2101,Storm-0216
TA2101,TUNNEL SPIDER
TA2101,TWISTED SPIDER
TA2101,UNC2198
TA2722,Balikbayan Foxes
TA428,BRONZE DUDLEY
TA428,Colourful Panda
TA459,G0062
TA499,Lexus
TA499,Vovan
TA505,ATK103
TA505,CHIMBORAZO
TA505,Dudear
TA505,FIN11
TA505,G0092
TA505,GOLD TAHOE
TA505,GRACEFUL SPIDER
TA505,Hive0065
TA505,SectorJ04
TA505,SectorJ04 Group
TA505,Spandex Tempest
TA554,TH-163
TA570,DEV-0450
TA577,Hive0118
TAG-124,LandUpdate808
Taidoor,Earth Aughisky
Taidoor,G0015
TaskMasters,BlueTraveller
Team46,TaxOff
TeamSpy Crew,Anger Bear
TeamSpy Crew,IRON LYRIC
TeamSpy Crew,Team Bear
TeamSpy Crew,TeamSpy
TeamTNT,Adept Libra
TeamXRat,CorporacaoXRat
TeamXRat,CorporationXRat
TEMP.Veles,ATK91
TEMP.Veles,G0088
TEMP.Veles,Xenotime
TEMPER PANDA,Admin338
TEMPER PANDA,admin@338
TEMPER PANDA,G0018
TEMPER PANDA,MAGNESIUM
TEMPER PANDA,Team338
The Gorgon Group,ATK92
The Gorgon Group,G0078
The Gorgon Group,Gorgon Group
The Gorgon Group,Pasty Gemini
The Gorgon Group,Subaat
The Shadow Brokers,Shadow Brokers
The Shadow Brokers,ShadowBrokers
The Shadow Brokers,The ShadowBrokers
The Shadow Brokers,TSB
Thrip,ATK78
Thrip,G0076
Tick,BRONZE BUTLER
Tick,G0060
Tick,Nian
Tick,PLA Unit 61419
Tick,REDBALDKNIGHT
Tick,STALKER PANDA
Tick,Stalker Taurus
Tick,Swirl Typhoon
TIDRONE,Earth Ammit
TIDRONE,VENOM
TiltedTemple,Circle Typhoon
TiltedTemple,DEV-0322
ToddyCat,Websiic
Tonto Team,BRONZE HUNTLEY
Tonto Team,CactusPete
Tonto Team,COPPER
Tonto Team,Earth Akhlut
Tonto Team,G0131
Tonto Team,KARMA PANDA
Tonto Team,PLA Unit 65017
Tonto Team,Red Beifang
Tonto Team,TAG-74
Tortoiseshell,Crimson Sandstorm
Tortoiseshell,Cuboid Sandstorm
Tortoiseshell,DUSTYCAVE
Tortoiseshell,IMPERIAL KITTEN
Tortoiseshell,Smoke Sandstorm
Tortoiseshell,TA456
Tortoiseshell,Yellow Liderc
TraderTraitor,Jade Sleet
TraderTraitor,Pukchong
TraderTraitor,UNC4899
transparent tribe,apt36
TurkHackTeam,Turk Hack Team
Turla,ATK13
Turla,Blue Python
Turla,G0010
Turla,Group 88
Turla,Hippo Team
Turla,IRON HUNTER
Turla,ITG12
Turla,KRYPTON
Turla,MAKERSMARK
Turla,Pacifier APT
Turla,Pfinet
Turla,Popeye
Turla,Secret Blizzard
Turla,SIG23
Turla,Snake
Turla,SUMMIT
turla,tag 0530
Turla,TAG_0530
turla,uac 0003
turla,uac 0024
turla,uac 0144
Turla,UAC-0003
Turla,UAC-0024
Turla,UAC-0144
Turla,UNC4210
Turla,Uroburos
Turla,VENOMOUS Bear
Turla,Waterbug
Turla,WRAITH
TwoSail Junk,Operation Poisoned News
UAC-0020,SickSync
UAC-0020,Vermin
UAC-0118,FromRussiaWithLove
UAC-0118,FRwL
UAC-0185,UNC4221
Ukrainian Cyber Alliance,UCA
UNC1549,Nimbus Manticore
unc2452,apt29
unc2452,cozy bear
UNC2452,DarkHalo
UNC2452,Midnight Blizzard
UNC2452,NOBELIUM
UNC2452,Solar Phoenix
UNC2452,StellarParticle
UNC2565,Hive0127
UNC4393,Cardinal
UNC4393,CURLY SPIDER
UNC4393,STAC5777
UNC4393,Storm-1811
UNC4841,SLIME57
UNC5174,Uteus
Unit 8200,Duqu Group
UTA0178,Red Dev 61
UTA0178,UNC5221
Vanilla Tempest,DEV-0832
Vanilla Tempest,Vice Society
Velvet Tempest,DEV-0504
VENOM SPIDER,badbullz
VENOM SPIDER,badbullzvenom
VICEROY TIGER,APT-C-35
VICEROY TIGER,Donot Team
VICEROY TIGER,OPERATION HANGOVER
VICEROY TIGER,Orange Kala
VICEROY TIGER,SectorE02
Vicious Panda,SixLittleMonkeys
Viking Jackal,Vikingdom
Void Arachne,Silver Fox
Void Blizzard,LAUNDRY BEAR
Void Blizzard,UAC-0190
Void Rabisu,Tropical Scorpius
Volatile Cedar,DeftTorero
Volatile Cedar,Lebanese Cedar
Volt Typhoon,BRONZE SILHOUETTE
Volt Typhoon,Dev-0391
Volt Typhoon,Insidious Taurus
Volt Typhoon,Storm-0391
Volt Typhoon,UNC3236
Volt Typhoon,VANGUARD PANDA
Volt Typhoon,VOLTZITE
VulzSecTeam,VulzSec
WageMole,Famous Chollima
WageMole,Nickel Tapestry
WageMole,Storm-1877
WageMole,UNC5267
WageMole,Void Dokkaebi
Watchdog,Thief Libra
Water Sigbin,8220 Gang
Webworm,Space Pirates
WET PANDA,Red Chimera
White Bear,Skipper Turla
WildNeutron,Butterfly
WildNeutron,Morpho
WildNeutron,Sphinx Moth
WindShift,Windy Phoenix
Winter Vivern,TA-473
Winter Vivern,TA473
Winter Vivern,TAG-70
Winter Vivern,UAC-0114
Witchetty,LookingFrog
WIZARD SPIDER,DEV-0193
WIZARD SPIDER,DEV-0237
WIZARD SPIDER,FIN12
WIZARD SPIDER,GOLD BLACKBURN
WIZARD SPIDER,Periwinkle Tempest
WIZARD SPIDER,Pistachio Tempest
WIZARD SPIDER,Storm-0193
WIZARD SPIDER,Storm-0230
WIZARD SPIDER,TEMP.MixMaster
WIZARD SPIDER,Trickbot LLC
WIZARD SPIDER,UNC2053
WOLF SPIDER,FIN4
WOLF SPIDER,G0085
XakNet,UAC-0100
XakNet,UAC-0106
Xiaoqiying,Genesis Day
Xiaoqiying,Teng Snake
YoroTrooper,Cavalry Werewolf
YoroTrooper,Comrade Saiga
YoroTrooper,Salted Earth
YoroTrooper,ShadowSilk
YoroTrooper,Silent Lynx
YoroTrooper,Sturgeon Fisher
YoroTrooper,SturgeonPhisher
Zarya,UAC-0109
