task,target_id,n_questions,avg_attempts,avg_successes,frac_cap32
cve_to_cvss_v31,CVSS:3.1/AV:L/AC:L/PR:L/UI:N/S:U/C:N/I:N/A:H,185,32.0,0.016216216216216217,1.0
cve_to_cvss_v31,CVSS:3.1/AV:N/AC:L/PR:N/UI:N/S:U/C:H/I:H/A:H,175,28.994285714285713,0.7028571428571428,0.7885714285714286
cve_to_cvss_v31,CVSS:3.1/AV:N/AC:L/PR:L/UI:R/S:C/C:L/I:L/A:N,144,32.0,0.027777777777777776,1.0
cve_to_cvss_v31,CVSS:3.1/AV:N/AC:L/PR:N/UI:R/S:C/C:L/I:L/A:N,108,32.0,0.027777777777777776,1.0
cve_to_cvss_v31,CVSS:3.1/AV:N/AC:L/PR:L/UI:N/S:U/C:H/I:H/A:H,107,31.88785046728972,0.205607476635514,0.9719626168224299
cve_to_cvss_v31,CVSS:3.1/AV:L/AC:L/PR:L/UI:N/S:U/C:H/I:H/A:H,103,32.0,0.038834951456310676,1.0
cve_to_cvss_v31,CVSS:3.1/AV:L/AC:L/PR:N/UI:R/S:U/C:H/I:H/A:H,64,31.765625,0.25,0.96875
cve_to_cvss_v31,CVSS:3.1/AV:N/AC:L/PR:N/UI:N/S:U/C:N/I:N/A:H,57,28.649122807017545,0.8596491228070176,0.7543859649122807
cve_to_cvss_v31,CVSS:3.1/AV:N/AC:L/PR:L/UI:N/S:C/C:L/I:L/A:N,41,32.0,0.0,1.0
cve_to_cvss_v31,CVSS:3.1/AV:N/AC:L/PR:L/UI:N/S:U/C:H/I:N/A:N,40,32.0,0.125,1.0
cve_to_cvss_v31,CVSS:3.1/AV:N/AC:L/PR:N/UI:N/S:U/C:H/I:N/A:N,40,30.8,0.4,0.9
cve_to_cvss_v31,CVSS:3.1/AV:N/AC:L/PR:H/UI:R/S:C/C:L/I:L/A:N,38,32.0,0.0,1.0
cve_to_cvss_v31,CVSS:3.1/AV:N/AC:L/PR:H/UI:N/S:U/C:H/I:H/A:H,32,31.25,0.15625,0.9375
cve_to_cvss_v31,CVSS:3.1/AV:N/AC:L/PR:N/UI:N/S:U/C:L/I:N/A:N,29,31.551724137931036,0.27586206896551724,0.9310344827586207
cve_to_cvss_v31,CVSS:3.1/AV:N/AC:L/PR:N/UI:R/S:U/C:H/I:H/A:H,28,31.678571428571427,0.35714285714285715,0.9642857142857143
cve_to_cvss_v31,CVSS:3.1/AV:A/AC:L/PR:N/UI:N/S:U/C:H/I:H/A:H,27,31.25925925925926,0.18518518518518517,0.9629629629629629
cve_to_cvss_v31,CVSS:3.1/AV:N/AC:L/PR:L/UI:N/S:U/C:L/I:N/A:N,23,32.0,0.0,1.0
cve_to_cvss_v31,CVSS:3.1/AV:N/AC:L/PR:L/UI:N/S:U/C:N/I:L/A:N,22,32.0,0.09090909090909091,1.0
cve_to_cvss_v31,CVSS:3.1/AV:N/AC:L/PR:N/UI:R/S:U/C:N/I:L/A:N,21,32.0,0.047619047619047616,1.0
cve_to_cvss_v31,CVSS:3.1/AV:N/AC:L/PR:N/UI:R/S:C/C:L/I:L/A:L,20,32.0,0.05,1.0
cve_to_cvss_v31,CVSS:3.1/AV:N/AC:L/PR:N/UI:N/S:U/C:N/I:L/A:N,19,32.0,0.0,1.0
cve_to_cvss_v31,CVSS:3.1/AV:L/AC:H/PR:L/UI:N/S:U/C:N/I:N/A:H,18,32.0,0.0,1.0
cve_to_cvss_v31,CVSS:3.1/AV:L/AC:L/PR:N/UI:R/S:U/C:H/I:N/A:N,18,32.0,0.2222222222222222,1.0
cve_to_cvss_v31,CVSS:3.1/AV:N/AC:L/PR:L/UI:R/S:C/C:L/I:L/A:L,16,32.0,0.125,1.0
cve_to_cvss_v31,CVSS:3.1/AV:L/AC:L/PR:L/UI:N/S:U/C:H/I:N/A:H,15,31.2,0.13333333333333333,0.9333333333333333
cve_to_cvss_v31,CVSS:3.1/AV:L/AC:L/PR:H/UI:N/S:U/C:H/I:H/A:H,14,30.071428571428573,0.14285714285714285,0.9285714285714286
cve_to_cvss_v31,CVSS:3.1/AV:L/AC:L/PR:L/UI:N/S:U/C:H/I:N/A:N,13,32.0,0.0,1.0
cve_to_cvss_v31,CVSS:3.1/AV:N/AC:L/PR:N/UI:N/S:U/C:H/I:H/A:N,12,31.25,0.4166666666666667,0.8333333333333334
cve_to_cvss_v31,CVSS:3.1/AV:N/AC:L/PR:L/UI:N/S:U/C:N/I:N/A:H,11,32.0,0.18181818181818182,1.0
cve_to_cvss_v31,CVSS:3.1/AV:L/AC:L/PR:H/UI:N/S:U/C:H/I:N/A:N,10,32.0,0.3,1.0
cve_to_cvss_v31,CVSS:3.1/AV:N/AC:L/PR:L/UI:N/S:U/C:L/I:L/A:L,10,32.0,0.1,1.0
cve_to_cvss_v31,CVSS:3.1/AV:A/AC:L/PR:N/UI:N/S:U/C:N/I:N/A:H,9,32.0,0.1111111111111111,1.0
cve_to_cvss_v31,CVSS:3.1/AV:N/AC:L/PR:L/UI:N/S:U/C:H/I:H/A:N,9,32.0,0.0,1.0
cve_to_cvss_v31,CVSS:3.1/AV:N/AC:L/PR:L/UI:N/S:U/C:L/I:L/A:N,9,32.0,0.0,1.0
cve_to_cvss_v31,CVSS:3.1/AV:A/AC:L/PR:L/UI:N/S:U/C:H/I:H/A:H,8,32.0,0.0,1.0
cve_to_cvss_v31,CVSS:3.1/AV:N/AC:H/PR:N/UI:N/S:U/C:H/I:H/A:H,8,32.0,0.0,1.0
cve_to_cvss_v31,CVSS:3.1/AV:N/AC:L/PR:L/UI:N/S:U/C:N/I:H/A:N,8,32.0,0.375,1.0
cve_to_cvss_v31,CVSS:3.1/AV:L/AC:H/PR:L/UI:N/S:U/C:H/I:H/A:H,7,32.0,0.0,1.0
cve_to_cvss_v31,CVSS:3.1/AV:N/AC:L/PR:N/UI:N/S:U/C:L/I:L/A:L,7,32.0,0.0,1.0
cve_to_cvss_v31,CVSS:3.1/AV:N/AC:L/PR:N/UI:N/S:U/C:N/I:H/A:N,7,27.285714285714285,0.5714285714285714,0.7142857142857143
cve_to_cvss_v31,CVSS:3.1/AV:N/AC:L/PR:N/UI:R/S:U/C:H/I:N/A:N,7,28.857142857142858,0.5714285714285714,0.8571428571428571
cve_to_cvss_v31,CVSS:3.1/AV:L/AC:L/PR:L/UI:R/S:U/C:H/I:H/A:H,6,27.166666666666668,0.3333333333333333,0.8333333333333334
cve_to_cvss_v31,CVSS:3.1/AV:L/AC:L/PR:N/UI:R/S:U/C:N/I:N/A:H,6,32.0,0.6666666666666666,1.0
cve_to_cvss_v31,CVSS:3.1/AV:N/AC:L/PR:H/UI:N/S:U/C:H/I:N/A:N,6,32.0,0.0,1.0
cve_to_cvss_v31,CVSS:3.1/AV:N/AC:L/PR:N/UI:N/S:U/C:N/I:N/A:L,6,32.0,0.16666666666666666,1.0
cve_to_cvss_v31,CVSS:3.1/AV:N/AC:L/PR:N/UI:R/S:U/C:N/I:H/A:N,6,32.0,0.3333333333333333,1.0
cve_to_cvss_v31,CVSS:3.1/AV:A/AC:L/PR:H/UI:N/S:U/C:H/I:H/A:H,5,32.0,0.0,1.0
cve_to_cvss_v31,CVSS:3.1/AV:L/AC:L/PR:N/UI:N/S:U/C:L/I:L/A:L,5,32.0,0.0,1.0
cve_to_cvss_v31,CVSS:3.1/AV:N/AC:H/PR:L/UI:N/S:U/C:H/I:H/A:H,5,32.0,0.2,1.0
cve_to_cvss_v31,CVSS:3.1/AV:N/AC:H/PR:N/UI:N/S:U/C:H/I:H/A:N,5,32.0,0.0,1.0
cve_to_cvss_v31,CVSS:3.1/AV:N/AC:H/PR:N/UI:N/S:U/C:H/I:N/A:N,5,32.0,0.0,1.0
cve_to_cvss_v31,CVSS:3.1/AV:N/AC:H/PR:N/UI:N/S:U/C:L/I:N/A:N,5,32.0,0.0,1.0
cve_to_cvss_v31,CVSS:3.1/AV:N/AC:L/PR:H/UI:N/S:U/C:N/I:N/A:H,5,26.2,0.6,0.8
cve_to_cvss_v31,CVSS:3.1/AV:N/AC:L/PR:H/UI:R/S:C/C:L/I:L/A:L,5,32.0,0.0,1.0
cve_to_cvss_v31,CVSS:3.1/AV:N/AC:L/PR:N/UI:N/S:C/C:H/I:H/A:H,5,31.4,0.6,0.8
cve_to_cvss_v31,CVSS:3.1/AV:N/AC:L/PR:N/UI:R/S:C/C:N/I:L/A:N,5,32.0,0.0,1.0
cve_to_cvss_v31,CVSS:3.1/AV:N/AC:L/PR:N/UI:R/S:U/C:L/I:N/A:N,5,32.0,0.0,1.0
cve_to_cvss_v31,CVSS:3.1/AV:L/AC:L/PR:L/UI:N/S:U/C:L/I:L/A:L,4,25.0,0.5,0.75
cve_to_cvss_v31,CVSS:3.1/AV:N/AC:H/PR:N/UI:N/S:U/C:L/I:L/A:N,4,32.0,0.0,1.0
cve_to_cvss_v31,CVSS:3.1/AV:N/AC:L/PR:H/UI:N/S:C/C:H/I:H/A:H,4,32.0,0.0,1.0
cve_to_cvss_v31,CVSS:3.1/AV:N/AC:L/PR:H/UI:N/S:U/C:L/I:N/A:N,4,32.0,0.0,1.0
cve_to_cvss_v31,CVSS:3.1/AV:N/AC:L/PR:L/UI:N/S:C/C:H/I:H/A:H,4,32.0,0.0,1.0
cve_to_cvss_v31,CVSS:3.1/AV:N/AC:L/PR:L/UI:N/S:U/C:N/I:H/A:H,4,32.0,0.0,1.0
cve_to_cvss_v31,CVSS:3.1/AV:N/AC:L/PR:N/UI:N/S:C/C:L/I:L/A:N,4,32.0,0.0,1.0
cve_to_cvss_v31,CVSS:3.1/AV:N/AC:L/PR:N/UI:N/S:U/C:L/I:L/A:N,4,32.0,0.0,1.0
cve_to_cvss_v31,CVSS:3.1/AV:N/AC:L/PR:N/UI:R/S:C/C:H/I:H/A:H,4,32.0,0.0,1.0
cve_to_cvss_v31,CVSS:3.1/AV:N/AC:L/PR:N/UI:R/S:U/C:L/I:L/A:N,4,32.0,0.0,1.0
cve_to_cvss_v31,CVSS:3.1/AV:N/AC:L/PR:N/UI:R/S:U/C:N/I:N/A:H,4,32.0,0.5,1.0
cve_to_cvss_v31,CVSS:3.1/AV:A/AC:L/PR:N/UI:N/S:U/C:H/I:N/A:N,3,32.0,0.0,1.0
cve_to_cvss_v31,CVSS:3.1/AV:L/AC:H/PR:N/UI:N/S:C/C:H/I:N/A:H,3,32.0,0.0,1.0
cve_to_cvss_v31,CVSS:3.1/AV:L/AC:L/PR:H/UI:N/S:U/C:N/I:H/A:N,3,32.0,0.0,1.0
cve_to_cvss_v31,CVSS:3.1/AV:L/AC:L/PR:L/UI:N/S:U/C:L/I:N/A:N,3,32.0,0.3333333333333333,1.0
cve_to_cvss_v31,CVSS:3.1/AV:L/AC:L/PR:L/UI:N/S:U/C:N/I:H/A:N,3,32.0,0.0,1.0
cve_to_cvss_v31,CVSS:3.1/AV:L/AC:L/PR:N/UI:N/S:U/C:H/I:H/A:H,3,32.0,0.3333333333333333,1.0
cve_to_cvss_v31,CVSS:3.1/AV:L/AC:L/PR:N/UI:N/S:U/C:N/I:N/A:H,3,32.0,0.0,1.0
cve_to_cvss_v31,CVSS:3.1/AV:N/AC:H/PR:H/UI:N/S:C/C:L/I:L/A:N,3,32.0,0.0,1.0
cve_to_cvss_v31,CVSS:3.1/AV:N/AC:H/PR:N/UI:N/S:C/C:H/I:H/A:H,3,32.0,0.0,1.0
cve_to_cvss_v31,CVSS:3.1/AV:N/AC:H/PR:N/UI:N/S:U/C:N/I:N/A:H,3,32.0,0.3333333333333333,1.0
cve_to_cvss_v31,CVSS:3.1/AV:N/AC:L/PR:H/UI:N/S:C/C:L/I:L/A:N,3,32.0,0.0,1.0
cve_to_cvss_v31,CVSS:3.1/AV:N/AC:L/PR:H/UI:N/S:U/C:L/I:L/A:L,3,32.0,0.0,1.0
cve_to_cvss_v31,CVSS:3.1/AV:N/AC:L/PR:L/UI:N/S:C/C:H/I:N/A:L,3,32.0,0.0,1.0
cve_to_cvss_v31,CVSS:3.1/AV:N/AC:L/PR:L/UI:N/S:U/C:H/I:L/A:N,3,32.0,0.0,1.0
cve_to_cvss_v31,CVSS:3.1/AV:N/AC:L/PR:N/UI:N/S:U/C:N/I:L/A:L,3,32.0,0.0,1.0
cve_to_cvss_v31,CVSS:3.1/AV:A/AC:H/PR:N/UI:N/S:U/C:H/I:H/A:H,2,32.0,0.0,1.0
cve_to_cvss_v31,CVSS:3.1/AV:A/AC:H/PR:N/UI:N/S:U/C:H/I:H/A:N,2,32.0,0.0,1.0
cve_to_cvss_v31,CVSS:3.1/AV:A/AC:H/PR:N/UI:N/S:U/C:N/I:N/A:H,2,32.0,0.0,1.0
cve_to_cvss_v31,CVSS:3.1/AV:A/AC:L/PR:H/UI:R/S:C/C:L/I:L/A:N,2,32.0,0.0,1.0
cve_to_cvss_v31,CVSS:3.1/AV:A/AC:L/PR:N/UI:N/S:C/C:H/I:H/A:H,2,32.0,0.0,1.0
cve_to_cvss_v31,CVSS:3.1/AV:L/AC:H/PR:L/UI:N/S:U/C:H/I:H/A:L,2,32.0,0.0,1.0
cve_to_cvss_v31,CVSS:3.1/AV:L/AC:H/PR:L/UI:N/S:U/C:L/I:N/A:N,2,32.0,0.0,1.0
cve_to_cvss_v31,CVSS:3.1/AV:L/AC:H/PR:N/UI:N/S:U/C:H/I:N/A:N,2,32.0,0.0,1.0
cve_to_cvss_v31,CVSS:3.1/AV:L/AC:L/PR:H/UI:N/S:U/C:H/I:H/A:L,2,32.0,0.0,1.0
cve_to_cvss_v31,CVSS:3.1/AV:L/AC:L/PR:H/UI:N/S:U/C:L/I:H/A:H,2,32.0,0.0,1.0
cve_to_cvss_v31,CVSS:3.1/AV:L/AC:L/PR:L/UI:N/S:U/C:H/I:H/A:N,2,32.0,0.5,1.0
cve_to_cvss_v31,CVSS:3.1/AV:L/AC:L/PR:L/UI:N/S:U/C:N/I:H/A:H,2,32.0,0.0,1.0
cve_to_cvss_v31,CVSS:3.1/AV:L/AC:L/PR:L/UI:R/S:U/C:L/I:L/A:L,2,32.0,0.0,1.0
cve_to_cvss_v31,CVSS:3.1/AV:L/AC:L/PR:N/UI:R/S:U/C:L/I:L/A:L,2,32.0,0.0,1.0
cve_to_cvss_v31,CVSS:3.1/AV:N/AC:H/PR:H/UI:N/S:U/C:H/I:H/A:N,2,32.0,0.0,1.0
cve_to_cvss_v31,CVSS:3.1/AV:N/AC:H/PR:H/UI:R/S:U/C:L/I:L/A:N,2,32.0,0.0,1.0
cve_to_cvss_v31,CVSS:3.1/AV:N/AC:H/PR:L/UI:N/S:U/C:H/I:N/A:N,2,32.0,0.0,1.0
cve_to_cvss_v31,CVSS:3.1/AV:N/AC:H/PR:N/UI:R/S:U/C:L/I:L/A:N,2,32.0,0.0,1.0
cve_to_cvss_v31,CVSS:3.1/AV:N/AC:L/PR:H/UI:N/S:U/C:H/I:H/A:N,2,32.0,0.0,1.0
cve_to_cvss_v31,CVSS:3.1/AV:N/AC:L/PR:H/UI:N/S:U/C:H/I:L/A:L,2,32.0,0.0,1.0
cve_to_cvss_v31,CVSS:3.1/AV:N/AC:L/PR:H/UI:N/S:U/C:L/I:L/A:N,2,32.0,0.0,1.0
cve_to_cvss_v31,CVSS:3.1/AV:N/AC:L/PR:H/UI:N/S:U/C:N/I:H/A:H,2,32.0,0.0,1.0
cve_to_cvss_v31,CVSS:3.1/AV:N/AC:L/PR:H/UI:R/S:C/C:N/I:L/A:N,2,32.0,0.0,1.0
cve_to_cvss_v31,CVSS:3.1/AV:N/AC:L/PR:L/UI:N/S:C/C:H/I:N/A:H,2,32.0,0.0,1.0
cve_to_cvss_v31,CVSS:3.1/AV:N/AC:L/PR:L/UI:N/S:U/C:L/I:N/A:L,2,32.0,0.0,1.0
cve_to_cvss_v31,CVSS:3.1/AV:N/AC:L/PR:L/UI:N/S:U/C:N/I:L/A:L,2,32.0,0.0,1.0
cve_to_cvss_v31,CVSS:3.1/AV:N/AC:L/PR:L/UI:R/S:U/C:L/I:L/A:N,2,32.0,0.0,1.0
cve_to_cvss_v31,CVSS:3.1/AV:N/AC:L/PR:L/UI:R/S:U/C:N/I:L/A:N,2,32.0,0.0,1.0
cve_to_cvss_v31,CVSS:3.1/AV:N/AC:L/PR:N/UI:N/S:C/C:N/I:N/A:H,2,32.0,0.5,1.0
cve_to_cvss_v31,CVSS:3.1/AV:N/AC:L/PR:N/UI:N/S:U/C:H/I:L/A:L,2,32.0,0.0,1.0
cve_to_cvss_v31,CVSS:3.1/AV:N/AC:L/PR:N/UI:N/S:U/C:H/I:L/A:N,2,32.0,0.0,1.0
cve_to_cvss_v31,CVSS:3.1/AV:N/AC:L/PR:N/UI:N/S:U/C:H/I:N/A:H,2,32.0,0.0,1.0
cve_to_cvss_v31,CVSS:3.1/AV:N/AC:L/PR:N/UI:N/S:U/C:L/I:H/A:N,2,32.0,0.0,1.0
cve_to_cvss_v31,CVSS:3.1/AV:N/AC:L/PR:N/UI:N/S:U/C:N/I:H/A:H,2,32.0,0.0,1.0
cve_to_cvss_v31,CVSS:3.1/AV:N/AC:L/PR:N/UI:R/S:C/C:N/I:L/A:L,2,32.0,0.0,1.0
cve_to_cvss_v31,CVSS:3.1/AV:N/AC:L/PR:N/UI:R/S:U/C:H/I:H/A:N,2,32.0,0.0,1.0
cve_to_cvss_v31,CVSS:3.1/AV:N/AC:L/PR:N/UI:R/S:U/C:N/I:N/A:L,2,32.0,0.0,1.0
cve_to_cvss_v31,CVSS:3.1/AV:P/AC:L/PR:N/UI:N/S:U/C:H/I:H/A:H,2,32.0,0.0,1.0
cve_to_cvss_v31,CVSS:3.1/AV:P/AC:L/PR:N/UI:N/S:U/C:H/I:H/A:N,2,32.0,0.5,1.0
cve_to_cvss_v31,CVSS:3.1/AV:P/AC:L/PR:N/UI:N/S:U/C:L/I:L/A:L,2,32.0,0.0,1.0
cve_to_cvss_v31,CVSS:3.1/AV:A/AC:H/PR:L/UI:N/S:U/C:H/I:H/A:H,1,32.0,0.0,1.0
cve_to_cvss_v31,CVSS:3.1/AV:A/AC:H/PR:N/UI:N/S:U/C:L/I:L/A:H,1,32.0,0.0,1.0
cve_to_cvss_v31,CVSS:3.1/AV:A/AC:H/PR:N/UI:N/S:U/C:N/I:H/A:H,1,32.0,1.0,1.0
cve_to_cvss_v31,CVSS:3.1/AV:A/AC:H/PR:N/UI:R/S:U/C:H/I:H/A:H,1,32.0,0.0,1.0
cve_to_cvss_v31,CVSS:3.1/AV:A/AC:H/PR:N/UI:R/S:U/C:H/I:H/A:N,1,32.0,0.0,1.0
cve_to_cvss_v31,CVSS:3.1/AV:A/AC:H/PR:N/UI:R/S:U/C:N/I:H/A:N,1,32.0,0.0,1.0
cve_to_cvss_v31,CVSS:3.1/AV:A/AC:L/PR:L/UI:N/S:C/C:H/I:H/A:H,1,32.0,1.0,1.0
cve_to_cvss_v31,CVSS:3.1/AV:A/AC:L/PR:L/UI:N/S:U/C:H/I:N/A:N,1,32.0,0.0,1.0
cve_to_cvss_v31,CVSS:3.1/AV:A/AC:L/PR:L/UI:N/S:U/C:N/I:N/A:H,1,32.0,0.0,1.0
cve_to_cvss_v31,CVSS:3.1/AV:A/AC:L/PR:L/UI:R/S:U/C:L/I:L/A:H,1,32.0,0.0,1.0
cve_to_cvss_v31,CVSS:3.1/AV:A/AC:L/PR:N/UI:N/S:C/C:L/I:L/A:H,1,32.0,0.0,1.0
cve_to_cvss_v31,CVSS:3.1/AV:A/AC:L/PR:N/UI:N/S:C/C:N/I:N/A:H,1,32.0,0.0,1.0
cve_to_cvss_v31,CVSS:3.1/AV:A/AC:L/PR:N/UI:N/S:U/C:H/I:L/A:H,1,32.0,0.0,1.0
cve_to_cvss_v31,CVSS:3.1/AV:A/AC:L/PR:N/UI:N/S:U/C:N/I:H/A:N,1,32.0,0.0,1.0
cve_to_cvss_v31,CVSS:3.1/AV:A/AC:L/PR:N/UI:N/S:U/C:N/I:L/A:N,1,32.0,0.0,1.0
cve_to_cvss_v31,CVSS:3.1/AV:A/AC:L/PR:N/UI:R/S:C/C:L/I:L/A:N,1,32.0,0.0,1.0
cve_to_cvss_v31,CVSS:3.1/AV:A/AC:L/PR:N/UI:R/S:U/C:H/I:H/A:H,1,32.0,0.0,1.0
cve_to_cvss_v31,CVSS:3.1/AV:A/AC:L/PR:N/UI:R/S:U/C:H/I:N/A:N,1,32.0,0.0,1.0
cve_to_cvss_v31,CVSS:3.1/AV:A/AC:L/PR:N/UI:R/S:U/C:N/I:N/A:H,1,32.0,0.0,1.0
cve_to_cvss_v31,CVSS:3.1/AV:L/AC:H/PR:H/UI:N/S:U/C:H/I:H/A:N,1,32.0,0.0,1.0
cve_to_cvss_v31,CVSS:3.1/AV:L/AC:H/PR:H/UI:N/S:U/C:L/I:N/A:N,1,32.0,0.0,1.0
cve_to_cvss_v31,CVSS:3.1/AV:L/AC:H/PR:H/UI:N/S:U/C:N/I:N/A:H,1,32.0,0.0,1.0
cve_to_cvss_v31,CVSS:3.1/AV:L/AC:H/PR:H/UI:R/S:C/C:H/I:N/A:N,1,32.0,0.0,1.0
cve_to_cvss_v31,CVSS:3.1/AV:L/AC:H/PR:L/UI:N/S:C/C:N/I:H/A:H,1,32.0,0.0,1.0
cve_to_cvss_v31,CVSS:3.1/AV:L/AC:H/PR:L/UI:N/S:U/C:H/I:N/A:N,1,32.0,0.0,1.0
cve_to_cvss_v31,CVSS:3.1/AV:L/AC:H/PR:N/UI:N/S:U/C:H/I:H/A:H,1,32.0,0.0,1.0
cve_to_cvss_v31,CVSS:3.1/AV:L/AC:H/PR:N/UI:N/S:U/C:L/I:N/A:N,1,32.0,0.0,1.0
cve_to_cvss_v31,CVSS:3.1/AV:L/AC:H/PR:N/UI:R/S:C/C:H/I:H/A:N,1,32.0,0.0,1.0
cve_to_cvss_v31,CVSS:3.1/AV:L/AC:H/PR:N/UI:R/S:U/C:H/I:H/A:L,1,32.0,0.0,1.0
cve_to_cvss_v31,CVSS:3.1/AV:L/AC:H/PR:N/UI:R/S:U/C:H/I:N/A:N,1,32.0,0.0,1.0
cve_to_cvss_v31,CVSS:3.1/AV:L/AC:H/PR:N/UI:R/S:U/C:N/I:L/A:N,1,6.0,2.0,0.0
cve_to_cvss_v31,CVSS:3.1/AV:L/AC:L/PR:H/UI:N/S:C/C:H/I:H/A:H,1,32.0,0.0,1.0
cve_to_cvss_v31,CVSS:3.1/AV:L/AC:L/PR:H/UI:N/S:U/C:H/I:L/A:L,1,32.0,0.0,1.0
cve_to_cvss_v31,CVSS:3.1/AV:L/AC:L/PR:H/UI:N/S:U/C:H/I:N/A:H,1,32.0,0.0,1.0
cve_to_cvss_v31,CVSS:3.1/AV:L/AC:L/PR:H/UI:N/S:U/C:N/I:L/A:N,1,32.0,0.0,1.0
cve_to_cvss_v31,CVSS:3.1/AV:L/AC:L/PR:H/UI:N/S:U/C:N/I:N/A:H,1,32.0,0.0,1.0
cve_to_cvss_v31,CVSS:3.1/AV:L/AC:L/PR:H/UI:R/S:U/C:H/I:H/A:N,1,32.0,0.0,1.0
cve_to_cvss_v31,CVSS:3.1/AV:L/AC:L/PR:L/UI:N/S:C/C:H/I:H/A:H,1,32.0,1.0,1.0
cve_to_cvss_v31,CVSS:3.1/AV:L/AC:L/PR:L/UI:N/S:U/C:L/I:H/A:L,1,32.0,0.0,1.0
cve_to_cvss_v31,CVSS:3.1/AV:L/AC:L/PR:L/UI:N/S:U/C:N/I:L/A:L,1,32.0,0.0,1.0
cve_to_cvss_v31,CVSS:3.1/AV:L/AC:L/PR:L/UI:N/S:U/C:N/I:L/A:N,1,32.0,0.0,1.0
cve_to_cvss_v31,CVSS:3.1/AV:L/AC:L/PR:L/UI:N/S:U/C:N/I:N/A:L,1,32.0,0.0,1.0
cve_to_cvss_v31,CVSS:3.1/AV:L/AC:L/PR:L/UI:R/S:U/C:N/I:H/A:H,1,32.0,0.0,1.0
cve_to_cvss_v31,CVSS:3.1/AV:L/AC:L/PR:N/UI:N/S:U/C:H/I:N/A:H,1,32.0,0.0,1.0
cve_to_cvss_v31,CVSS:3.1/AV:L/AC:L/PR:N/UI:N/S:U/C:H/I:N/A:N,1,32.0,0.0,1.0
cve_to_cvss_v31,CVSS:3.1/AV:L/AC:L/PR:N/UI:N/S:U/C:L/I:H/A:H,1,32.0,0.0,1.0
cve_to_cvss_v31,CVSS:3.1/AV:L/AC:L/PR:N/UI:N/S:U/C:N/I:L/A:L,1,32.0,0.0,1.0
cve_to_cvss_v31,CVSS:3.1/AV:L/AC:L/PR:N/UI:R/S:C/C:H/I:H/A:N,1,32.0,0.0,1.0
cve_to_cvss_v31,CVSS:3.1/AV:L/AC:L/PR:N/UI:R/S:C/C:N/I:H/A:N,1,32.0,0.0,1.0
cve_to_cvss_v31,CVSS:3.1/AV:L/AC:L/PR:N/UI:R/S:U/C:H/I:H/A:N,1,32.0,0.0,1.0
cve_to_cvss_v31,CVSS:3.1/AV:L/AC:L/PR:N/UI:R/S:U/C:H/I:N/A:H,1,32.0,0.0,1.0
cve_to_cvss_v31,CVSS:3.1/AV:L/AC:L/PR:N/UI:R/S:U/C:N/I:N/A:L,1,32.0,0.0,1.0
cve_to_cvss_v31,CVSS:3.1/AV:N/AC:H/PR:H/UI:N/S:C/C:H/I:H/A:H,1,32.0,0.0,1.0
cve_to_cvss_v31,CVSS:3.1/AV:N/AC:H/PR:H/UI:N/S:C/C:L/I:L/A:L,1,32.0,0.0,1.0
cve_to_cvss_v31,CVSS:3.1/AV:N/AC:H/PR:H/UI:N/S:C/C:N/I:H/A:H,1,32.0,0.0,1.0
cve_to_cvss_v31,CVSS:3.1/AV:N/AC:H/PR:H/UI:N/S:U/C:H/I:H/A:H,1,32.0,0.0,1.0
cve_to_cvss_v31,CVSS:3.1/AV:N/AC:H/PR:H/UI:R/S:C/C:H/I:N/A:N,1,32.0,0.0,1.0
cve_to_cvss_v31,CVSS:3.1/AV:N/AC:H/PR:L/UI:N/S:U/C:H/I:H/A:N,1,32.0,0.0,1.0
cve_to_cvss_v31,CVSS:3.1/AV:N/AC:H/PR:L/UI:N/S:U/C:N/I:L/A:N,1,32.0,0.0,1.0
cve_to_cvss_v31,CVSS:3.1/AV:N/AC:H/PR:L/UI:R/S:C/C:H/I:H/A:H,1,32.0,0.0,1.0
cve_to_cvss_v31,CVSS:3.1/AV:N/AC:H/PR:L/UI:R/S:C/C:H/I:H/A:N,1,32.0,0.0,1.0
cve_to_cvss_v31,CVSS:3.1/AV:N/AC:H/PR:L/UI:R/S:C/C:L/I:L/A:N,1,32.0,0.0,1.0
cve_to_cvss_v31,CVSS:3.1/AV:N/AC:H/PR:L/UI:R/S:U/C:H/I:H/A:N,1,32.0,0.0,1.0
cve_to_cvss_v31,CVSS:3.1/AV:N/AC:H/PR:N/UI:N/S:C/C:L/I:H/A:N,1,32.0,0.0,1.0
cve_to_cvss_v31,CVSS:3.1/AV:N/AC:H/PR:N/UI:N/S:U/C:H/I:L/A:L,1,32.0,0.0,1.0
cve_to_cvss_v31,CVSS:3.1/AV:N/AC:H/PR:N/UI:N/S:U/C:H/I:N/A:H,1,32.0,0.0,1.0
cve_to_cvss_v31,CVSS:3.1/AV:N/AC:H/PR:N/UI:N/S:U/C:N/I:H/A:N,1,32.0,0.0,1.0
cve_to_cvss_v31,CVSS:3.1/AV:N/AC:H/PR:N/UI:N/S:U/C:N/I:L/A:H,1,32.0,0.0,1.0
cve_to_cvss_v31,CVSS:3.1/AV:N/AC:L/PR:H/UI:N/S:C/C:H/I:H/A:N,1,32.0,0.0,1.0
cve_to_cvss_v31,CVSS:3.1/AV:N/AC:L/PR:H/UI:N/S:C/C:H/I:N/A:L,1,32.0,0.0,1.0
cve_to_cvss_v31,CVSS:3.1/AV:N/AC:L/PR:H/UI:N/S:C/C:L/I:L/A:L,1,32.0,0.0,1.0
cve_to_cvss_v31,CVSS:3.1/AV:N/AC:L/PR:H/UI:N/S:C/C:L/I:N/A:N,1,32.0,0.0,1.0
cve_to_cvss_v31,CVSS:3.1/AV:N/AC:L/PR:H/UI:N/S:U/C:L/I:H/A:L,1,32.0,0.0,1.0
cve_to_cvss_v31,CVSS:3.1/AV:N/AC:L/PR:H/UI:N/S:U/C:L/I:N/A:L,1,32.0,0.0,1.0
cve_to_cvss_v31,CVSS:3.1/AV:N/AC:L/PR:H/UI:N/S:U/C:N/I:H/A:N,1,32.0,0.0,1.0
cve_to_cvss_v31,CVSS:3.1/AV:N/AC:L/PR:H/UI:N/S:U/C:N/I:L/A:N,1,32.0,0.0,1.0
cve_to_cvss_v31,CVSS:3.1/AV:N/AC:L/PR:H/UI:N/S:U/C:N/I:N/A:L,1,32.0,0.0,1.0
cve_to_cvss_v31,CVSS:3.1/AV:N/AC:L/PR:H/UI:R/S:C/C:H/I:H/A:H,1,32.0,1.0,1.0
cve_to_cvss_v31,CVSS:3.1/AV:N/AC:L/PR:H/UI:R/S:C/C:H/I:H/A:N,1,32.0,0.0,1.0
cve_to_cvss_v31,CVSS:3.1/AV:N/AC:L/PR:H/UI:R/S:U/C:H/I:H/A:H,1,32.0,0.0,1.0
cve_to_cvss_v31,CVSS:3.1/AV:N/AC:L/PR:H/UI:R/S:U/C:H/I:H/A:N,1,32.0,0.0,1.0
cve_to_cvss_v31,CVSS:3.1/AV:N/AC:L/PR:H/UI:R/S:U/C:N/I:L/A:N,1,32.0,0.0,1.0
cve_to_cvss_v31,CVSS:3.1/AV:N/AC:L/PR:L/UI:N/S:C/C:H/I:N/A:N,1,32.0,0.0,1.0
cve_to_cvss_v31,CVSS:3.1/AV:N/AC:L/PR:L/UI:N/S:C/C:L/I:H/A:H,1,32.0,0.0,1.0
cve_to_cvss_v31,CVSS:3.1/AV:N/AC:L/PR:L/UI:N/S:C/C:N/I:N/A:H,1,32.0,0.0,1.0
cve_to_cvss_v31,CVSS:3.1/AV:N/AC:L/PR:L/UI:N/S:U/C:H/I:H/A:L,1,32.0,0.0,1.0
cve_to_cvss_v31,CVSS:3.1/AV:N/AC:L/PR:L/UI:N/S:U/C:H/I:N/A:H,1,32.0,0.0,1.0
cve_to_cvss_v31,CVSS:3.1/AV:N/AC:L/PR:L/UI:N/S:U/C:L/I:H/A:N,1,32.0,1.0,1.0
cve_to_cvss_v31,CVSS:3.1/AV:N/AC:L/PR:L/UI:N/S:U/C:N/I:N/A:L,1,32.0,0.0,1.0
cve_to_cvss_v31,CVSS:3.1/AV:N/AC:L/PR:L/UI:R/S:C/C:H/I:H/A:H,1,32.0,0.0,1.0
cve_to_cvss_v31,CVSS:3.1/AV:N/AC:L/PR:L/UI:R/S:C/C:H/I:H/A:N,1,32.0,0.0,1.0
cve_to_cvss_v31,CVSS:3.1/AV:N/AC:L/PR:L/UI:R/S:U/C:H/I:H/A:H,1,32.0,0.0,1.0
cve_to_cvss_v31,CVSS:3.1/AV:N/AC:L/PR:L/UI:R/S:U/C:H/I:H/A:N,1,32.0,0.0,1.0
cve_to_cvss_v31,CVSS:3.1/AV:N/AC:L/PR:L/UI:R/S:U/C:H/I:L/A:L,1,32.0,0.0,1.0
cve_to_cvss_v31,CVSS:3.1/AV:N/AC:L/PR:L/UI:R/S:U/C:H/I:N/A:N,1,32.0,0.0,1.0
cve_to_cvss_v31,CVSS:3.1/AV:N/AC:L/PR:L/UI:R/S:U/C:L/I:H/A:L,1,32.0,0.0,1.0
cve_to_cvss_v31,CVSS:3.1/AV:N/AC:L/PR:L/UI:R/S:U/C:N/I:N/A:H,1,32.0,0.0,1.0
cve_to_cvss_v31,CVSS:3.1/AV:N/AC:L/PR:N/UI:N/S:C/C:H/I:H/A:N,1,32.0,0.0,1.0
cve_to_cvss_v31,CVSS:3.1/AV:N/AC:L/PR:N/UI:N/S:C/C:H/I:N/A:L,1,32.0,0.0,1.0
cve_to_cvss_v31,CVSS:3.1/AV:N/AC:L/PR:N/UI:N/S:C/C:H/I:N/A:N,1,32.0,0.0,1.0
cve_to_cvss_v31,CVSS:3.1/AV:N/AC:L/PR:N/UI:N/S:C/C:N/I:H/A:N,1,32.0,1.0,1.0
cve_to_cvss_v31,CVSS:3.1/AV:N/AC:L/PR:N/UI:N/S:U/C:L/I:L/A:H,1,32.0,0.0,1.0
cve_to_cvss_v31,CVSS:3.1/AV:N/AC:L/PR:N/UI:N/S:U/C:L/I:N/A:H,1,32.0,0.0,1.0
cve_to_cvss_v31,CVSS:3.1/AV:N/AC:L/PR:N/UI:N/S:U/C:N/I:L/A:H,1,32.0,0.0,1.0
cve_to_cvss_v31,CVSS:3.1/AV:N/AC:L/PR:N/UI:R/S:C/C:H/I:L/A:N,1,32.0,0.0,1.0
cve_to_cvss_v31,CVSS:3.1/AV:N/AC:L/PR:N/UI:R/S:U/C:L/I:L/A:L,1,32.0,0.0,1.0
cve_to_cvss_v31,CVSS:3.1/AV:P/AC:L/PR:N/UI:N/S:U/C:H/I:N/A:N,1,32.0,0.0,1.0
cve_to_cwe,CWE-79,1341,16.07606263982103,1.54586129753915,0.2803877703206562
cve_to_cwe,CWE-787,466,31.879828326180256,0.055793991416309016,0.9871244635193133
cve_to_cwe,CWE-89,449,15.53229398663697,1.7082405345211582,0.18262806236080179
cve_to_cwe,CWE-476,329,10.66565349544073,1.7142857142857142,0.1702127659574468
cve_to_cwe,CWE-416,273,14.857142857142858,1.5677655677655677,0.27472527472527475
cve_to_cwe,CWE-121,226,29.72566371681416,0.2920353982300885,0.8849557522123894
cve_to_cwe,CWE-125,219,32.0,0.136986301369863,1.0
cve_to_cwe,CWE-22,208,20.26923076923077,1.2307692307692308,0.46634615384615385
cve_to_cwe,CWE-862,187,32.0,0.0,1.0
cve_to_cwe,CWE-78,178,18.93258426966292,1.5168539325842696,0.3595505617977528
cve_to_cwe,CWE-352,171,20.198830409356724,1.3625730994152048,0.40350877192982454
cve_to_cwe,CWE-434,136,19.25735294117647,1.3161764705882353,0.3897058823529412
cve_to_cwe,NVD-CWE-Other,133,23.127819548872182,0.631578947368421,0.6917293233082706
cve_to_cwe,CWE-94,132,24.84090909090909,0.8333333333333334,0.6439393939393939
cve_to_cwe,CWE-120,115,31.104347826086958,0.3739130434782609,0.9478260869565217
cve_to_cwe,CWE-401,109,14.36697247706422,1.6238532110091743,0.23853211009174313
cve_to_cwe,CWE-77,87,30.413793103448278,0.42528735632183906,0.8620689655172413
cve_to_cwe,CWE-200,85,24.44705882352941,0.8,0.6235294117647059
cve_to_cwe,CWE-284,80,25.9375,0.6375,0.725
cve_to_cwe,CWE-502,79,20.468354430379748,1.1772151898734178,0.46835443037974683
cve_to_cwe,CWE-770,73,31.21917808219178,0.0547945205479452,0.9726027397260274
cve_to_cwe,CWE-74,72,31.88888888888889,0.125,0.9861111111111112
cve_to_cwe,CWE-190,71,24.859154929577464,0.7323943661971831,0.676056338028169
cve_to_cwe,CWE-667,70,32.0,0.014285714285714285,1.0
cve_to_cwe,CWE-918,69,18.36231884057971,1.2608695652173914,0.42028985507246375
cve_to_cwe,CWE-122,68,29.985294117647058,0.27941176470588236,0.8823529411764706
cve_to_cwe,CWE-400,68,23.602941176470587,0.7352941176470589,0.6470588235294118
cve_to_cwe,CWE-639,68,31.470588235294116,0.058823529411764705,0.9705882352941176
cve_to_cwe,CWE-863,68,32.0,0.0,1.0
cve_to_cwe,CWE-20,67,23.940298507462686,0.9104477611940298,0.6119402985074627
cve_to_cwe,CWE-119,61,26.81967213114754,0.6229508196721312,0.7377049180327869
cve_to_cwe,CWE-362,58,23.982758620689655,1.0862068965517242,0.5689655172413793
cve_to_cwe,CWE-287,51,26.058823529411764,0.6078431372549019,0.7254901960784313
cve_to_cwe,CWE-129,45,31.155555555555555,0.24444444444444444,0.9555555555555556
cve_to_cwe,CWE-908,44,31.704545454545453,0.045454545454545456,0.9772727272727273
cve_to_cwe,CWE-269,37,25.972972972972972,0.8378378378378378,0.6756756756756757
cve_to_cwe,CWE-276,37,28.45945945945946,0.4864864864864865,0.8378378378378378
cve_to_cwe,CWE-415,34,26.823529411764707,0.8823529411764706,0.6470588235294118
cve_to_cwe,CWE-798,34,26.11764705882353,0.7647058823529411,0.6764705882352942
cve_to_cwe,CWE-306,32,30.28125,0.3125,0.90625
cve_to_cwe,CWE-80,32,32.0,0.0,1.0
cve_to_cwe,CWE-295,30,17.066666666666666,1.3333333333333333,0.36666666666666664
cve_to_cwe,CWE-532,29,27.724137931034484,0.6206896551724138,0.8275862068965517
cve_to_cwe,CWE-754,27,32.0,0.0,1.0
cve_to_cwe,CWE-59,25,32.0,0.04,1.0
cve_to_cwe,CWE-611,25,8.32,1.76,0.12
cve_to_cwe,CWE-285,22,25.545454545454547,0.8181818181818182,0.6818181818181818
cve_to_cwe,CWE-290,21,32.0,0.0,1.0
cve_to_cwe,CWE-732,21,32.0,0.14285714285714285,1.0
cve_to_cwe,CWE-116,20,32.0,0.0,1.0
cve_to_cwe,CWE-601,20,16.35,1.65,0.25
cve_to_cwe,CWE-843,20,32.0,0.0,1.0
cve_to_cwe,CWE-203,19,32.0,0.05263157894736842,1.0
cve_to_cwe,CWE-835,19,30.42105263157895,0.3684210526315789,0.8947368421052632
cve_to_cwe,CWE-347,18,27.61111111111111,0.3333333333333333,0.8333333333333334
cve_to_cwe,CWE-522,18,31.0,0.2222222222222222,0.9444444444444444
cve_to_cwe,CWE-427,17,31.823529411764707,0.35294117647058826,0.9411764705882353
cve_to_cwe,CWE-755,17,32.0,0.0,1.0
cve_to_cwe,CWE-1321,16,32.0,0.0,1.0
cve_to_cwe,CWE-1333,16,32.0,0.0,1.0
cve_to_cwe,CWE-288,16,32.0,0.0,1.0
cve_to_cwe,CWE-312,16,29.375,0.3125,0.875
cve_to_cwe,CWE-404,16,32.0,0.0,1.0
cve_to_cwe,CWE-191,15,28.733333333333334,0.6666666666666666,0.8
cve_to_cwe,CWE-369,15,28.2,0.7333333333333333,0.7333333333333333
cve_to_cwe,CWE-749,15,32.0,0.0,1.0
cve_to_cwe,CWE-307,14,20.214285714285715,1.4285714285714286,0.35714285714285715
cve_to_cwe,CWE-319,14,25.357142857142858,0.7142857142857143,0.6428571428571429
cve_to_cwe,CWE-457,14,32.0,0.0,1.0
cve_to_cwe,CWE-617,13,32.0,0.0,1.0
cve_to_cwe,CWE-640,13,32.0,0.0,1.0
cve_to_cwe,CWE-665,13,32.0,0.07692307692307693,1.0
cve_to_cwe,CWE-668,13,32.0,0.0,1.0
cve_to_cwe,CWE-209,12,29.75,0.3333333333333333,0.8333333333333334
cve_to_cwe,CWE-250,12,32.0,0.08333333333333333,1.0
cve_to_cwe,CWE-444,12,27.75,0.4166666666666667,0.8333333333333334
cve_to_cwe,CWE-459,12,32.0,0.0,1.0
cve_to_cwe,CWE-922,12,32.0,0.0,1.0
cve_to_cwe,CWE-98,12,20.75,1.3333333333333333,0.4166666666666667
cve_to_cwe,CWE-367,11,32.0,0.18181818181818182,1.0
cve_to_cwe,CWE-497,11,32.0,0.0,1.0
cve_to_cwe,CWE-552,11,32.0,0.0,1.0
cve_to_cwe,CWE-73,11,32.0,0.0,1.0
cve_to_cwe,CWE-23,10,26.4,0.6,0.7
cve_to_cwe,CWE-259,10,32.0,0.2,1.0
cve_to_cwe,CWE-384,10,24.1,1.2,0.5
cve_to_cwe,CWE-426,10,22.5,1.2,0.5
cve_to_cwe,CWE-613,10,20.7,1.0,0.5
cve_to_cwe,CWE-670,10,32.0,0.0,1.0
cve_to_cwe,CWE-1236,9,30.666666666666668,0.2222222222222222,0.8888888888888888
cve_to_cwe,CWE-1336,9,32.0,0.0,1.0
cve_to_cwe,CWE-24,9,32.0,0.0,1.0
cve_to_cwe,CWE-281,9,32.0,0.0,1.0
cve_to_cwe,CWE-327,9,18.666666666666668,1.1111111111111112,0.4444444444444444
cve_to_cwe,CWE-330,9,27.0,0.6666666666666666,0.7777777777777778
cve_to_cwe,CWE-345,9,32.0,0.1111111111111111,1.0
cve_to_cwe,CWE-824,9,32.0,0.2222222222222222,1.0
cve_to_cwe,CWE-1284,8,32.0,0.0,1.0
cve_to_cwe,CWE-252,8,32.0,0.0,1.0
cve_to_cwe,CWE-346,8,32.0,0.0,1.0
cve_to_cwe,CWE-428,8,16.875,1.375,0.375
cve_to_cwe,CWE-1188,7,32.0,0.0,1.0
cve_to_cwe,CWE-266,7,32.0,0.0,1.0
cve_to_cwe,CWE-29,7,32.0,0.0,1.0
cve_to_cwe,CWE-303,7,32.0,0.0,1.0
cve_to_cwe,CWE-326,7,32.0,0.14285714285714285,1.0
cve_to_cwe,CWE-359,7,32.0,0.0,1.0
cve_to_cwe,CWE-693,7,32.0,0.0,1.0
cve_to_cwe,CWE-703,7,32.0,0.0,1.0
cve_to_cwe,CWE-789,7,32.0,0.0,1.0
cve_to_cwe,CWE-1021,6,32.0,0.0,1.0
cve_to_cwe,CWE-126,6,30.166666666666668,0.3333333333333333,0.8333333333333334
cve_to_cwe,CWE-256,6,32.0,0.0,1.0
cve_to_cwe,CWE-305,6,32.0,0.0,1.0
cve_to_cwe,CWE-521,6,32.0,0.6666666666666666,1.0
cve_to_cwe,CWE-610,6,32.0,0.0,1.0
cve_to_cwe,CWE-763,6,32.0,0.0,1.0
cve_to_cwe,CWE-772,6,32.0,0.0,1.0
cve_to_cwe,CWE-822,6,32.0,0.0,1.0
cve_to_cwe,CWE-123,5,32.0,0.0,1.0
cve_to_cwe,CWE-130,5,32.0,0.0,1.0
cve_to_cwe,CWE-134,5,30.0,1.4,0.6
cve_to_cwe,CWE-1392,5,32.0,0.0,1.0
cve_to_cwe,CWE-193,5,30.6,0.4,0.8
cve_to_cwe,CWE-204,5,32.0,0.0,1.0
cve_to_cwe,CWE-208,5,32.0,0.0,1.0
cve_to_cwe,CWE-331,5,32.0,0.2,1.0
cve_to_cwe,CWE-354,5,32.0,0.0,1.0
cve_to_cwe,CWE-436,5,32.0,0.0,1.0
cve_to_cwe,CWE-61,5,32.0,0.0,1.0
cve_to_cwe,CWE-672,5,32.0,0.0,1.0
cve_to_cwe,CWE-674,5,32.0,0.0,1.0
cve_to_cwe,CWE-697,5,32.0,0.2,1.0
cve_to_cwe,CWE-706,5,32.0,0.0,1.0
cve_to_cwe,CWE-912,5,32.0,0.0,1.0
cve_to_cwe,CWE-93,5,32.0,0.0,1.0
cve_to_cwe,CWE-1287,4,32.0,0.0,1.0
cve_to_cwe,CWE-131,4,32.0,0.0,1.0
cve_to_cwe,CWE-257,4,32.0,0.0,1.0
cve_to_cwe,CWE-267,4,32.0,0.0,1.0
cve_to_cwe,CWE-280,4,32.0,0.0,1.0
cve_to_cwe,CWE-311,4,31.5,0.5,0.75
cve_to_cwe,CWE-323,4,32.0,0.0,1.0
cve_to_cwe,CWE-349,4,32.0,0.0,1.0
cve_to_cwe,CWE-36,4,32.0,0.0,1.0
cve_to_cwe,CWE-425,4,32.0,0.0,1.0
cve_to_cwe,CWE-644,4,32.0,0.0,1.0
cve_to_cwe,CWE-834,4,32.0,0.0,1.0
cve_to_cwe,CWE-88,4,21.5,1.0,0.5
cve_to_cwe,CWE-940,4,32.0,0.0,1.0
cve_to_cwe,CWE-118,3,32.0,0.0,1.0
cve_to_cwe,CWE-1242,3,32.0,0.0,1.0
cve_to_cwe,CWE-1286,3,32.0,0.0,1.0
cve_to_cwe,CWE-184,3,32.0,0.0,1.0
cve_to_cwe,CWE-201,3,32.0,0.0,1.0
cve_to_cwe,CWE-214,3,32.0,0.0,1.0
cve_to_cwe,CWE-241,3,32.0,0.0,1.0
cve_to_cwe,CWE-277,3,32.0,0.0,1.0
cve_to_cwe,CWE-297,3,32.0,0.0,1.0
cve_to_cwe,CWE-391,3,32.0,0.0,1.0
cve_to_cwe,CWE-489,3,32.0,0.0,1.0
cve_to_cwe,CWE-494,3,32.0,0.0,1.0
cve_to_cwe,CWE-565,3,32.0,0.0,1.0
cve_to_cwe,CWE-680,3,32.0,0.0,1.0
cve_to_cwe,CWE-704,3,32.0,0.0,1.0
cve_to_cwe,CWE-829,3,32.0,0.0,1.0
cve_to_cwe,CWE-913,3,32.0,0.0,1.0
cve_to_cwe,CWE-915,3,32.0,0.0,1.0
cve_to_cwe,CWE-916,3,22.666666666666668,0.6666666666666666,0.6666666666666666
cve_to_cwe,CWE-917,3,32.0,0.0,1.0
cve_to_cwe,CWE-942,3,32.0,0.0,1.0
cve_to_cwe,CWE-1004,2,32.0,0.0,1.0
cve_to_cwe,CWE-117,2,32.0,0.0,1.0
cve_to_cwe,CWE-1220,2,32.0,0.0,1.0
cve_to_cwe,CWE-1263,2,32.0,0.0,1.0
cve_to_cwe,CWE-1285,2,32.0,0.0,1.0
cve_to_cwe,CWE-1288,2,32.0,0.0,1.0
cve_to_cwe,CWE-1289,2,32.0,0.0,1.0
cve_to_cwe,CWE-1295,2,32.0,0.0,1.0
cve_to_cwe,CWE-1390,2,32.0,0.0,1.0
cve_to_cwe,CWE-146,2,32.0,0.0,1.0
cve_to_cwe,CWE-15,2,32.0,0.0,1.0
cve_to_cwe,CWE-155,2,32.0,0.0,1.0
cve_to_cwe,CWE-212,2,23.0,1.0,0.5
cve_to_cwe,CWE-213,2,32.0,0.0,1.0
cve_to_cwe,CWE-231,2,32.0,0.0,1.0
cve_to_cwe,CWE-248,2,32.0,0.0,1.0
cve_to_cwe,CWE-26,2,32.0,0.0,1.0
cve_to_cwe,CWE-270,2,23.5,1.0,0.5
cve_to_cwe,CWE-274,2,32.0,0.0,1.0
cve_to_cwe,CWE-291,2,32.0,0.0,1.0
cve_to_cwe,CWE-294,2,32.0,0.5,1.0
cve_to_cwe,CWE-300,2,32.0,0.0,1.0
cve_to_cwe,CWE-308,2,32.0,0.0,1.0
cve_to_cwe,CWE-31,2,32.0,0.0,1.0
cve_to_cwe,CWE-316,2,32.0,0.0,1.0
cve_to_cwe,CWE-321,2,24.0,1.0,0.5
cve_to_cwe,CWE-325,2,32.0,0.0,1.0
cve_to_cwe,CWE-328,2,32.0,0.0,1.0
cve_to_cwe,CWE-335,2,32.0,0.0,1.0
cve_to_cwe,CWE-338,2,32.0,0.0,1.0
cve_to_cwe,CWE-35,2,32.0,0.0,1.0
cve_to_cwe,CWE-385,2,32.0,0.0,1.0
cve_to_cwe,CWE-407,2,32.0,0.0,1.0
cve_to_cwe,CWE-409,2,32.0,0.0,1.0
cve_to_cwe,CWE-447,2,32.0,0.0,1.0
cve_to_cwe,CWE-524,2,32.0,0.0,1.0
cve_to_cwe,CWE-526,2,32.0,0.0,1.0
cve_to_cwe,CWE-538,2,32.0,0.0,1.0
cve_to_cwe,CWE-602,2,32.0,0.0,1.0
cve_to_cwe,CWE-614,2,32.0,0.0,1.0
cve_to_cwe,CWE-620,2,32.0,0.0,1.0
cve_to_cwe,CWE-653,2,32.0,0.0,1.0
cve_to_cwe,CWE-669,2,32.0,0.0,1.0
cve_to_cwe,CWE-682,2,32.0,0.0,1.0
cve_to_cwe,CWE-76,2,32.0,0.0,1.0
cve_to_cwe,CWE-776,2,24.0,1.0,0.5
cve_to_cwe,CWE-788,2,32.0,0.0,1.0
cve_to_cwe,CWE-823,2,32.0,0.0,1.0
cve_to_cwe,CWE-830,2,32.0,0.0,1.0
cve_to_cwe,CWE-841,2,32.0,0.0,1.0
cve_to_cwe,CWE-87,2,32.0,0.0,1.0
cve_to_cwe,CWE-90,2,32.0,0.0,1.0
cve_to_cwe,CWE-95,2,32.0,1.0,1.0
cve_to_cwe,CWE-99,2,32.0,0.0,1.0
cve_to_cwe,CWE-1055,1,32.0,0.0,1.0
cve_to_cwe,CWE-113,1,32.0,0.0,1.0
cve_to_cwe,CWE-1176,1,32.0,0.0,1.0
cve_to_cwe,CWE-124,1,32.0,0.0,1.0
cve_to_cwe,CWE-1247,1,32.0,0.0,1.0
cve_to_cwe,CWE-1264,1,32.0,0.0,1.0
cve_to_cwe,CWE-1300,1,32.0,0.0,1.0
cve_to_cwe,CWE-1326,1,32.0,0.0,1.0
cve_to_cwe,CWE-138,1,32.0,0.0,1.0
cve_to_cwe,CWE-1386,1,32.0,0.0,1.0
cve_to_cwe,CWE-1391,1,32.0,0.0,1.0
cve_to_cwe,CWE-1393,1,32.0,0.0,1.0
cve_to_cwe,CWE-150,1,32.0,0.0,1.0
cve_to_cwe,CWE-154,1,32.0,0.0,1.0
cve_to_cwe,CWE-170,1,32.0,0.0,1.0
cve_to_cwe,CWE-176,1,32.0,0.0,1.0
cve_to_cwe,CWE-183,1,32.0,0.0,1.0
cve_to_cwe,CWE-185,1,32.0,0.0,1.0
cve_to_cwe,CWE-202,1,32.0,0.0,1.0
cve_to_cwe,CWE-205,1,32.0,0.0,1.0
cve_to_cwe,CWE-226,1,32.0,0.0,1.0
cve_to_cwe,CWE-229,1,32.0,0.0,1.0
cve_to_cwe,CWE-235,1,32.0,0.0,1.0
cve_to_cwe,CWE-25,1,32.0,0.0,1.0
cve_to_cwe,CWE-258,1,32.0,0.0,1.0
cve_to_cwe,CWE-264,1,32.0,1.0,1.0
cve_to_cwe,CWE-265,1,32.0,0.0,1.0
cve_to_cwe,CWE-272,1,32.0,0.0,1.0
cve_to_cwe,CWE-273,1,32.0,0.0,1.0
cve_to_cwe,CWE-278,1,32.0,0.0,1.0
cve_to_cwe,CWE-282,1,32.0,0.0,1.0
cve_to_cwe,CWE-292,1,32.0,0.0,1.0
cve_to_cwe,CWE-302,1,32.0,0.0,1.0
cve_to_cwe,CWE-304,1,32.0,0.0,1.0
cve_to_cwe,CWE-315,1,32.0,0.0,1.0
cve_to_cwe,CWE-317,1,32.0,0.0,1.0
cve_to_cwe,CWE-324,1,32.0,0.0,1.0
cve_to_cwe,CWE-340,1,32.0,0.0,1.0
cve_to_cwe,CWE-348,1,32.0,0.0,1.0
cve_to_cwe,CWE-350,1,32.0,0.0,1.0
cve_to_cwe,CWE-353,1,32.0,0.0,1.0
cve_to_cwe,CWE-358,1,32.0,0.0,1.0
cve_to_cwe,CWE-364,1,32.0,0.0,1.0
cve_to_cwe,CWE-377,1,32.0,0.0,1.0
cve_to_cwe,CWE-378,1,32.0,0.0,1.0
cve_to_cwe,CWE-379,1,32.0,0.0,1.0
cve_to_cwe,CWE-390,1,32.0,0.0,1.0
cve_to_cwe,CWE-392,1,32.0,0.0,1.0
cve_to_cwe,CWE-402,1,32.0,0.0,1.0
cve_to_cwe,CWE-405,1,32.0,0.0,1.0
cve_to_cwe,CWE-406,1,32.0,0.0,1.0
cve_to_cwe,CWE-41,1,32.0,0.0,1.0
cve_to_cwe,CWE-419,1,32.0,0.0,1.0
cve_to_cwe,CWE-440,1,32.0,0.0,1.0
cve_to_cwe,CWE-451,1,32.0,0.0,1.0
cve_to_cwe,CWE-456,1,32.0,0.0,1.0
cve_to_cwe,CWE-460,1,32.0,0.0,1.0
cve_to_cwe,CWE-468,1,32.0,0.0,1.0
cve_to_cwe,CWE-472,1,32.0,0.0,1.0
cve_to_cwe,CWE-475,1,32.0,0.0,1.0
cve_to_cwe,CWE-488,1,32.0,0.0,1.0
cve_to_cwe,CWE-501,1,32.0,0.0,1.0
cve_to_cwe,CWE-527,1,32.0,0.0,1.0
cve_to_cwe,CWE-530,1,32.0,0.0,1.0
cve_to_cwe,CWE-539,1,32.0,0.0,1.0
cve_to_cwe,CWE-540,1,32.0,0.0,1.0
cve_to_cwe,CWE-548,1,32.0,0.0,1.0
cve_to_cwe,CWE-549,1,32.0,0.0,1.0
cve_to_cwe,CWE-598,1,32.0,0.0,1.0
cve_to_cwe,CWE-599,1,32.0,0.0,1.0
cve_to_cwe,CWE-605,1,32.0,0.0,1.0
cve_to_cwe,CWE-606,1,32.0,0.0,1.0
cve_to_cwe,CWE-627,1,32.0,0.0,1.0
cve_to_cwe,CWE-636,1,32.0,0.0,1.0
cve_to_cwe,CWE-642,1,4.0,2.0,0.0
cve_to_cwe,CWE-646,1,32.0,0.0,1.0
cve_to_cwe,CWE-648,1,32.0,0.0,1.0
cve_to_cwe,CWE-649,1,32.0,0.0,1.0
cve_to_cwe,CWE-664,1,32.0,0.0,1.0
cve_to_cwe,CWE-687,1,32.0,0.0,1.0
cve_to_cwe,CWE-69,1,32.0,0.0,1.0
cve_to_cwe,CWE-690,1,32.0,1.0,1.0
cve_to_cwe,CWE-691,1,32.0,0.0,1.0
cve_to_cwe,CWE-75,1,32.0,0.0,1.0
cve_to_cwe,CWE-757,1,32.0,0.0,1.0
cve_to_cwe,CWE-762,1,32.0,0.0,1.0
cve_to_cwe,CWE-779,1,32.0,0.0,1.0
cve_to_cwe,CWE-782,1,32.0,0.0,1.0
cve_to_cwe,CWE-783,1,32.0,0.0,1.0
cve_to_cwe,CWE-805,1,32.0,0.0,1.0
cve_to_cwe,CWE-821,1,32.0,0.0,1.0
cve_to_cwe,CWE-828,1,32.0,0.0,1.0
cve_to_cwe,CWE-832,1,32.0,0.0,1.0
cve_to_cwe,CWE-838,1,32.0,0.0,1.0
cve_to_cwe,CWE-909,1,32.0,0.0,1.0
cve_to_cwe,CWE-911,1,32.0,0.0,1.0
cve_to_cwe,CWE-914,1,32.0,0.0,1.0
cve_to_cwe,CWE-920,1,32.0,0.0,1.0
cve_to_cwe,CWE-927,1,32.0,0.0,1.0
cve_to_cwe,CWE-939,1,32.0,0.0,1.0
scenario_to_attack_mitigations,M1031,1892,31.450845665961946,0.15169133192389006,0.9582452431289641
scenario_to_attack_mitigations,M1038,1729,31.949103528050898,0.022556390977443608,0.9971081550028918
scenario_to_attack_mitigations,M1040,1493,31.882786336235768,0.04219691895512391,0.9919624916275954
scenario_to_attack_mitigations,M1018,1454,32.0,0.000687757909215956,1.0
scenario_to_attack_mitigations,M1047,1389,31.892728581713463,0.03959683225341973,0.9892008639308856
scenario_to_attack_mitigations,M1026,1317,32.0,0.0,1.0
scenario_to_attack_mitigations,M1037,1088,31.764705882352942,0.05606617647058824,0.9834558823529411
scenario_to_attack_mitigations,M1017,1007,32.0,0.0,1.0
scenario_to_attack_mitigations,M1049,962,32.0,0.006237006237006237,1.0
scenario_to_attack_mitigations,M1042,773,32.0,0.0038809831824062097,1.0
scenario_to_attack_mitigations,M1021,748,31.950534759358288,0.013368983957219251,0.9973262032085561
scenario_to_attack_mitigations,M1022,709,31.992947813822283,0.004231311706629055,0.998589562764457
scenario_to_attack_mitigations,M1028,652,31.993865030674847,0.019938650306748466,0.9984662576687117
scenario_to_attack_mitigations,M1027,513,32.0,0.001949317738791423,1.0
scenario_to_attack_mitigations,M1051,508,32.0,0.001968503937007874,1.0
scenario_to_attack_mitigations,M1045,507,31.94674556213018,0.013806706114398421,0.9960552268244576
scenario_to_attack_mitigations,M1030,475,32.0,0.0,1.0
scenario_to_attack_mitigations,M1056,454,32.0,0.046255506607929514,1.0
scenario_to_attack_mitigations,M1032,414,32.0,0.0,1.0
scenario_to_attack_mitigations,M1057,341,32.0,0.0,1.0
scenario_to_attack_mitigations,M1024,317,32.0,0.01892744479495268,1.0
scenario_to_attack_mitigations,M1050,284,32.0,0.04929577464788732,1.0
scenario_to_attack_mitigations,M1054,284,32.0,0.0,1.0
scenario_to_attack_mitigations,M1041,256,32.0,0.0,1.0
scenario_to_attack_mitigations,M1048,229,32.0,0.0,1.0
scenario_to_attack_mitigations,M1035,195,32.0,0.0,1.0
scenario_to_attack_mitigations,M1033,166,32.0,0.0,1.0
scenario_to_attack_mitigations,M1013,162,32.0,0.0,1.0
scenario_to_attack_mitigations,M1053,157,32.0,0.006369426751592357,1.0
scenario_to_attack_mitigations,M1029,141,32.0,0.0,1.0
scenario_to_attack_mitigations,M1020,136,32.0,0.007352941176470588,1.0
scenario_to_attack_mitigations,M1015,104,32.0,0.0,1.0
scenario_to_attack_mitigations,M1036,99,32.0,0.0,1.0
scenario_to_attack_mitigations,M1044,85,32.0,0.0,1.0
scenario_to_attack_mitigations,M1060,85,32.0,0.0,1.0
scenario_to_attack_mitigations,M1025,84,32.0,0.0,1.0
scenario_to_attack_mitigations,M1016,80,32.0,0.0,1.0
scenario_to_attack_mitigations,M1043,75,32.0,0.0,1.0
scenario_to_attack_mitigations,M1052,66,32.0,0.0,1.0
scenario_to_attack_mitigations,M1019,61,32.0,0.0,1.0
scenario_to_attack_mitigations,M1034,43,32.0,0.0,1.0
scenario_to_attack_mitigations,M1055,40,30.55,0.5,0.85
scenario_to_attack_mitigations,M1039,20,32.0,0.0,1.0
scenario_to_attack_mitigations,M1046,20,32.0,0.0,1.0
scenario_to_attack_technique,T1105,342,29.432748538011698,0.6257309941520468,0.8157894736842105
scenario_to_attack_technique,T1059.003,265,22.381132075471697,1.2867924528301886,0.44150943396226416
scenario_to_attack_technique,T1071.001,234,25.17948717948718,1.123931623931624,0.5726495726495726
scenario_to_attack_technique,T1059.001,162,7.827160493827161,1.8641975308641976,0.09259259259259259
scenario_to_attack_technique,T1027.013,161,32.0,0.0,1.0
scenario_to_attack_technique,T1106,145,31.813793103448276,0.07586206896551724,0.9862068965517241
scenario_to_attack_technique,T1036.005,138,17.768115942028984,1.5144927536231885,0.3115942028985507
scenario_to_attack_technique,T1041,136,25.058823529411764,1.1397058823529411,0.5735294117647058
scenario_to_attack_technique,T1005,133,25.63157894736842,1.037593984962406,0.5864661654135338
scenario_to_attack_technique,T1053.005,133,4.052631578947368,1.9849624060150375,0.007518796992481203
scenario_to_attack_technique,T1112,132,20.09090909090909,1.5075757575757576,0.3484848484848485
scenario_to_attack_technique,T1204.002,132,30.257575757575758,0.5681818181818182,0.8560606060606061
scenario_to_attack_technique,T1573.001,118,15.533898305084746,1.6864406779661016,0.211864406779661
scenario_to_attack_technique,T1027,112,26.214285714285715,0.9196428571428571,0.6517857142857143
scenario_to_attack_technique,T1543.003,101,9.188118811881187,1.8613861386138615,0.0891089108910891
scenario_to_attack_technique,T1047,99,28.13131313131313,0.8888888888888888,0.7070707070707071
scenario_to_attack_technique,T1566.001,93,19.225806451612904,1.5483870967741935,0.3118279569892473
scenario_to_attack_technique,T1059.005,90,32.0,0.044444444444444446,1.0
scenario_to_attack_technique,T1132.001,86,30.96511627906977,0.11627906976744186,0.9534883720930233
scenario_to_attack_technique,T1562.001,83,17.08433734939759,1.4698795180722892,0.3373493975903614
scenario_to_attack_technique,T1095,76,32.0,0.0,1.0
scenario_to_attack_technique,T1574.001,72,31.916666666666668,0.1388888888888889,0.9861111111111112
scenario_to_attack_technique,T1588.002,72,32.0,0.0,1.0
scenario_to_attack_technique,T1027.002,69,30.144927536231883,0.6231884057971014,0.8405797101449275
scenario_to_attack_technique,T1218.011,67,32.0,0.0,1.0
scenario_to_attack_technique,T1204.001,64,21.84375,1.203125,0.484375
scenario_to_attack_technique,T1190,61,24.114754098360656,1.1475409836065573,0.4918032786885246
scenario_to_attack_technique,T1486,60,24.35,0.8166666666666667,0.6333333333333333
scenario_to_attack_technique,T1055,59,7.338983050847458,1.9830508474576272,0.01694915254237288
scenario_to_attack_technique,T1555.003,58,30.53448275862069,0.4827586206896552,0.8620689655172413
scenario_to_attack_technique,T1090,57,30.842105263157894,0.45614035087719296,0.9122807017543859
scenario_to_attack_technique,T1119,56,32.0,0.0,1.0
scenario_to_attack_technique,T1560.001,56,29.339285714285715,0.8035714285714286,0.75
scenario_to_attack_technique,T1003.001,54,29.90740740740741,0.5185185185185185,0.8888888888888888
scenario_to_attack_technique,T1135,54,32.0,0.037037037037037035,1.0
scenario_to_attack_technique,T1573.002,54,17.462962962962962,1.6296296296296295,0.24074074074074073
scenario_to_attack_technique,T1046,52,16.634615384615383,1.7692307692307692,0.21153846153846154
scenario_to_attack_technique,T1036,51,30.84313725490196,0.3137254901960784,0.8823529411764706
scenario_to_attack_technique,T1571,51,32.0,0.0196078431372549,1.0
scenario_to_attack_technique,T1203,50,32.0,0.0,1.0
scenario_to_attack_technique,T1566.002,50,8.98,1.98,0.02
scenario_to_attack_technique,T1059.007,47,32.0,0.0851063829787234,1.0
scenario_to_attack_technique,T1548.002,46,27.0,0.8913043478260869,0.6956521739130435
scenario_to_attack_technique,T1560,45,31.91111111111111,0.2222222222222222,0.9777777777777777
scenario_to_attack_technique,T1569.002,44,29.772727272727273,0.4772727272727273,0.8863636363636364
scenario_to_attack_technique,T1021.002,43,25.441860465116278,1.1627906976744187,0.5581395348837209
scenario_to_attack_technique,T1078,43,27.069767441860463,0.6511627906976745,0.7674418604651163
scenario_to_attack_technique,T1087.001,43,13.395348837209303,1.697674418604651,0.18604651162790697
scenario_to_attack_technique,T1490,43,31.46511627906977,0.18604651162790697,0.9534883720930233
scenario_to_attack_technique,T1008,42,32.0,0.023809523809523808,1.0
scenario_to_attack_technique,T1055.001,42,6.880952380952381,1.9761904761904763,0.023809523809523808
scenario_to_attack_technique,T1505.003,42,30.88095238095238,0.38095238095238093,0.9047619047619048
scenario_to_attack_technique,T1027.010,41,32.0,0.0,1.0
scenario_to_attack_technique,T1087.002,39,30.256410256410255,0.5641025641025641,0.8461538461538461
scenario_to_attack_technique,T1583.001,39,26.794871794871796,0.9743589743589743,0.6410256410256411
scenario_to_attack_technique,T1021.001,38,10.263157894736842,1.868421052631579,0.07894736842105263
scenario_to_attack_technique,T1059.006,38,31.236842105263158,0.3684210526315789,0.9473684210526315
scenario_to_attack_technique,T1564.003,38,32.0,0.0,1.0
scenario_to_attack_technique,T1059.004,37,29.756756756756758,0.8108108108108109,0.7567567567567568
scenario_to_attack_technique,T1570,37,32.0,0.08108108108108109,1.0
scenario_to_attack_technique,T1489,36,29.22222222222222,0.5833333333333334,0.8333333333333334
scenario_to_attack_technique,T1059,34,22.852941176470587,1.3235294117647058,0.4411764705882353
scenario_to_attack_technique,T1071.004,34,32.0,0.058823529411764705,1.0
scenario_to_attack_technique,T1102.002,34,32.0,0.0,1.0
scenario_to_attack_technique,T1068,32,31.6875,0.40625,0.90625
scenario_to_attack_technique,T1189,32,27.90625,0.71875,0.78125
scenario_to_attack_technique,T1102,31,31.838709677419356,0.0967741935483871,0.967741935483871
scenario_to_attack_technique,T1133,31,32.0,0.03225806451612903,1.0
scenario_to_attack_technique,T1562.004,31,29.129032258064516,0.6451612903225806,0.7741935483870968
scenario_to_attack_technique,T1567.002,29,32.0,0.27586206896551724,1.0
scenario_to_attack_technique,T1055.012,27,30.925925925925927,0.4074074074074074,0.8888888888888888
scenario_to_attack_technique,T1070.001,27,13.666666666666666,1.8148148148148149,0.14814814814814814
scenario_to_attack_technique,T1218.010,27,31.62962962962963,0.2962962962962963,0.9259259259259259
scenario_to_attack_technique,T1070,26,29.46153846153846,0.3076923076923077,0.8846153846153846
scenario_to_attack_technique,T1587.001,26,32.0,0.0,1.0
scenario_to_attack_technique,T1572,25,30.56,0.52,0.88
scenario_to_attack_technique,T1048.003,24,26.958333333333332,1.0,0.625
scenario_to_attack_technique,T1090.003,24,26.083333333333332,1.0416666666666667,0.625
scenario_to_attack_technique,T1078.002,23,30.608695652173914,0.34782608695652173,0.9130434782608695
scenario_to_attack_technique,T1480,23,32.0,0.0,1.0
scenario_to_attack_technique,T1585.002,23,32.0,0.0,1.0
scenario_to_attack_technique,T1003.002,22,31.136363636363637,0.5,0.8636363636363636
scenario_to_attack_technique,T1027.011,22,32.0,0.0,1.0
scenario_to_attack_technique,T1040,22,24.681818181818183,1.1818181818181819,0.5
scenario_to_attack_technique,T1218.005,22,30.136363636363637,0.7272727272727273,0.7727272727272727
scenario_to_attack_technique,T1218.007,22,30.818181818181817,0.36363636363636365,0.9090909090909091
scenario_to_attack_technique,T1071.003,21,32.0,0.0,1.0
scenario_to_attack_technique,T1090.001,21,32.0,0.09523809523809523,1.0
scenario_to_attack_technique,T1091,21,32.0,0.0,1.0
scenario_to_attack_technique,T1547.009,21,32.0,0.047619047619047616,1.0
scenario_to_attack_technique,T1027.015,20,32.0,0.0,1.0
scenario_to_attack_technique,T1136.001,20,16.6,1.45,0.3
scenario_to_attack_technique,T1539,20,32.0,0.0,1.0
scenario_to_attack_technique,T1555,20,32.0,0.1,1.0
scenario_to_attack_technique,T1608.001,20,32.0,0.0,1.0
scenario_to_attack_technique,T1021.004,19,32.0,0.05263157894736842,1.0
scenario_to_attack_technique,T1027.009,19,32.0,0.0,1.0
scenario_to_attack_technique,T1482,19,30.736842105263158,0.47368421052631576,0.9473684210526315
scenario_to_attack_technique,T1485,19,20.31578947368421,1.263157894736842,0.42105263157894735
scenario_to_attack_technique,T1071.002,18,32.0,0.0,1.0
scenario_to_attack_technique,T1102.001,18,32.0,0.2222222222222222,1.0
scenario_to_attack_technique,T1134,18,27.333333333333332,0.8888888888888888,0.6666666666666666
scenario_to_attack_technique,T1210,18,14.777777777777779,1.6666666666666667,0.2777777777777778
scenario_to_attack_technique,T1552.001,18,27.333333333333332,0.7777777777777778,0.6666666666666666
scenario_to_attack_technique,T1583.006,18,32.0,0.0,1.0
scenario_to_attack_technique,T1003,17,20.58823529411765,1.411764705882353,0.4117647058823529
scenario_to_attack_technique,T1030,17,32.0,0.0,1.0
scenario_to_attack_technique,T1110,17,32.0,0.058823529411764705,1.0
scenario_to_attack_technique,T1554,17,32.0,0.0,1.0
scenario_to_attack_technique,T1588.001,17,32.0,0.0,1.0
scenario_to_attack_technique,T1001.003,16,32.0,0.0625,1.0
scenario_to_attack_technique,T1090.002,16,32.0,0.0,1.0
scenario_to_attack_technique,T1219,16,29.3125,0.8125,0.75
scenario_to_attack_technique,T1001.001,15,32.0,0.2,1.0
scenario_to_attack_technique,T1110.003,15,31.2,0.5333333333333333,0.9333333333333333
scenario_to_attack_technique,T1129,15,32.0,0.0,1.0
scenario_to_attack_technique,T1134.001,15,20.133333333333333,1.2,0.4666666666666667
scenario_to_attack_technique,T1552.004,15,24.4,1.3333333333333333,0.4666666666666667
scenario_to_attack_technique,T1561.002,15,32.0,0.0,1.0
scenario_to_attack_technique,T1568.002,15,30.6,0.4666666666666667,0.8
scenario_to_attack_technique,T1583.003,15,32.0,0.26666666666666666,1.0
scenario_to_attack_technique,T1025,14,32.0,0.0,1.0
scenario_to_attack_technique,T1078.003,14,31.785714285714285,0.14285714285714285,0.9285714285714286
scenario_to_attack_technique,T1114.001,14,30.857142857142858,0.14285714285714285,0.9285714285714286
scenario_to_attack_technique,T1205,14,32.0,0.0,1.0
scenario_to_attack_technique,T1546.003,14,32.0,0.07142857142857142,1.0
scenario_to_attack_technique,T1559.001,14,32.0,0.0,1.0
scenario_to_attack_technique,T1559.002,14,32.0,0.0,1.0
scenario_to_attack_technique,T1564.004,14,32.0,0.07142857142857142,1.0
scenario_to_attack_technique,T1003.003,13,20.076923076923077,1.5384615384615385,0.3076923076923077
scenario_to_attack_technique,T1027.016,13,32.0,0.0,1.0
scenario_to_attack_technique,T1053.003,13,26.923076923076923,1.1538461538461537,0.46153846153846156
scenario_to_attack_technique,T1071,13,31.0,0.23076923076923078,0.9230769230769231
scenario_to_attack_technique,T1114.002,13,32.0,0.0,1.0
scenario_to_attack_technique,T1195.002,13,32.0,0.07692307692307693,1.0
scenario_to_attack_technique,T1550.002,13,32.0,0.07692307692307693,1.0
scenario_to_attack_technique,T1573,13,25.307692307692307,1.2307692307692308,0.6153846153846154
scenario_to_attack_technique,T1584.004,13,32.0,0.0,1.0
scenario_to_attack_technique,T1029,12,32.0,0.0,1.0
scenario_to_attack_technique,T1036.008,12,32.0,0.0,1.0
scenario_to_attack_technique,T1197,12,32.0,0.0,1.0
scenario_to_attack_technique,T1484.001,12,30.75,0.4166666666666667,0.9166666666666666
scenario_to_attack_technique,T1543.001,12,30.166666666666668,0.3333333333333333,0.8333333333333334
scenario_to_attack_technique,T1566.003,12,32.0,0.6666666666666666,1.0
scenario_to_attack_technique,T1568,12,32.0,0.08333333333333333,1.0
scenario_to_attack_technique,T1657,12,32.0,0.0,1.0
scenario_to_attack_technique,T1078.004,11,28.727272727272727,0.36363636363636365,0.8181818181818182
scenario_to_attack_technique,T1132.002,11,32.0,0.0,1.0
scenario_to_attack_technique,T1185,11,32.0,0.18181818181818182,1.0
scenario_to_attack_technique,T1219.002,11,30.181818181818183,0.6363636363636364,0.9090909090909091
scenario_to_attack_technique,T1547.004,11,32.0,0.0,1.0
scenario_to_attack_technique,T1561.001,11,32.0,0.0,1.0
scenario_to_attack_technique,T1585.001,11,32.0,0.0,1.0
scenario_to_attack_technique,T1598.003,11,32.0,0.0,1.0
scenario_to_attack_technique,T1001.002,10,32.0,0.0,1.0
scenario_to_attack_technique,T1003.004,10,32.0,0.0,1.0
scenario_to_attack_technique,T1055.002,10,32.0,0.1,1.0
scenario_to_attack_technique,T1070.009,10,32.0,0.0,1.0
scenario_to_attack_technique,T1134.002,10,32.0,0.1,1.0
scenario_to_attack_technique,T1222.001,10,32.0,0.0,1.0
scenario_to_attack_technique,T1480.001,10,32.0,0.0,1.0
scenario_to_attack_technique,T1543.004,10,30.5,0.6,0.9
scenario_to_attack_technique,T1558.003,10,6.2,2.0,0.0
scenario_to_attack_technique,T1559,10,32.0,0.0,1.0
scenario_to_attack_technique,T1567,10,32.0,0.4,1.0
scenario_to_attack_technique,T1584.001,10,32.0,0.0,1.0
scenario_to_attack_technique,T1586.002,10,32.0,0.0,1.0
scenario_to_attack_technique,T1588.003,10,32.0,0.0,1.0
scenario_to_attack_technique,T1589.002,10,32.0,0.0,1.0
scenario_to_attack_technique,T1595.002,10,32.0,0.0,1.0
scenario_to_attack_technique,T1656,10,32.0,0.0,1.0
scenario_to_attack_technique,T1001,9,32.0,0.2222222222222222,1.0
scenario_to_attack_technique,T1080,9,32.0,0.0,1.0
scenario_to_attack_technique,T1104,9,32.0,0.0,1.0
scenario_to_attack_technique,T1491.001,9,32.0,0.2222222222222222,1.0
scenario_to_attack_technique,T1543.002,9,32.0,0.1111111111111111,1.0
scenario_to_attack_technique,T1555.001,9,32.0,0.0,1.0
scenario_to_attack_technique,T1589,9,32.0,0.0,1.0
scenario_to_attack_technique,T1036.001,8,32.0,0.0,1.0
scenario_to_attack_technique,T1055.004,8,32.0,0.0,1.0
scenario_to_attack_technique,T1136.002,8,32.0,0.125,1.0
scenario_to_attack_technique,T1199,8,32.0,0.25,1.0
scenario_to_attack_technique,T1221,8,32.0,0.0,1.0
scenario_to_attack_technique,T1222.002,8,32.0,0.0,1.0
scenario_to_attack_technique,T1480.002,8,32.0,0.0,1.0
scenario_to_attack_technique,T1530,8,32.0,0.0,1.0
scenario_to_attack_technique,T1555.004,8,32.0,0.0,1.0
scenario_to_attack_technique,T1588.004,8,32.0,0.0,1.0
scenario_to_attack_technique,T1021.005,7,32.0,0.14285714285714285,1.0
scenario_to_attack_technique,T1021.006,7,32.0,0.0,1.0
scenario_to_attack_technique,T1070.003,7,32.0,0.0,1.0
scenario_to_attack_technique,T1102.003,7,32.0,0.0,1.0
scenario_to_attack_technique,T1110.001,7,32.0,0.0,1.0
scenario_to_attack_technique,T1555.005,7,32.0,0.0,1.0
scenario_to_attack_technique,T1562.003,7,32.0,0.0,1.0
scenario_to_attack_technique,T1574,7,32.0,0.0,1.0
scenario_to_attack_technique,T1584.008,7,32.0,0.0,1.0
scenario_to_attack_technique,T1589.001,7,32.0,0.0,1.0
scenario_to_attack_technique,T1654,7,32.0,0.0,1.0
scenario_to_attack_technique,T1048,6,30.5,0.5,0.8333333333333334
scenario_to_attack_technique,T1053.002,6,32.0,0.0,1.0
scenario_to_attack_technique,T1056.002,6,32.0,0.0,1.0
scenario_to_attack_technique,T1070.002,6,28.333333333333332,1.0,0.8333333333333334
scenario_to_attack_technique,T1072,6,32.0,0.0,1.0
scenario_to_attack_technique,T1111,6,32.0,0.0,1.0
scenario_to_attack_technique,T1201,6,32.0,0.16666666666666666,1.0
scenario_to_attack_technique,T1213.002,6,32.0,0.0,1.0
scenario_to_attack_technique,T1542.003,6,32.0,0.16666666666666666,1.0
scenario_to_attack_technique,T1552,6,31.166666666666668,0.6666666666666666,0.8333333333333334
scenario_to_attack_technique,T1557,6,32.0,0.16666666666666666,1.0
scenario_to_attack_technique,T1557.001,6,30.5,0.5,0.8333333333333334
scenario_to_attack_technique,T1562.006,6,32.0,0.0,1.0
scenario_to_attack_technique,T1562.009,6,32.0,0.0,1.0
scenario_to_attack_technique,T1566,6,10.833333333333334,2.0,0.16666666666666666
scenario_to_attack_technique,T1574.006,6,32.0,0.0,1.0
scenario_to_attack_technique,T1585,6,32.0,0.0,1.0
scenario_to_attack_technique,T1594,6,32.0,0.3333333333333333,1.0
scenario_to_attack_technique,T1608.004,6,32.0,0.0,1.0
scenario_to_attack_technique,T1003.006,5,32.0,0.0,1.0
scenario_to_attack_technique,T1037,5,32.0,0.0,1.0
scenario_to_attack_technique,T1059.010,5,32.0,0.0,1.0
scenario_to_attack_technique,T1070.008,5,32.0,0.0,1.0
scenario_to_attack_technique,T1087,5,19.2,2.0,0.0
scenario_to_attack_technique,T1098.002,5,32.0,0.0,1.0
scenario_to_attack_technique,T1098.003,5,32.0,0.0,1.0
scenario_to_attack_technique,T1136,5,27.4,1.0,0.6
scenario_to_attack_technique,T1176.001,5,32.0,0.0,1.0
scenario_to_attack_technique,T1213.006,5,32.0,0.0,1.0
scenario_to_attack_technique,T1218.004,5,32.0,0.2,1.0
scenario_to_attack_technique,T1543,5,32.0,0.2,1.0
scenario_to_attack_technique,T1546.004,5,27.0,0.8,0.8
scenario_to_attack_technique,T1547.013,5,32.0,0.0,1.0
scenario_to_attack_technique,T1550.001,5,26.6,0.6,0.8
scenario_to_attack_technique,T1553.005,5,32.0,0.0,1.0
scenario_to_attack_technique,T1562,5,32.0,0.6,1.0
scenario_to_attack_technique,T1611,5,32.0,0.0,1.0
scenario_to_attack_technique,T1006,4,32.0,0.0,1.0
scenario_to_attack_technique,T1027.012,4,32.0,0.0,1.0
scenario_to_attack_technique,T1036.007,4,32.0,0.0,1.0
scenario_to_attack_technique,T1036.010,4,32.0,0.0,1.0
scenario_to_attack_technique,T1037.001,4,32.0,0.0,1.0
scenario_to_attack_technique,T1037.004,4,32.0,0.0,1.0
scenario_to_attack_technique,T1048.002,4,32.0,0.0,1.0
scenario_to_attack_technique,T1052.001,4,32.0,0.0,1.0
scenario_to_attack_technique,T1059.002,4,32.0,0.0,1.0
scenario_to_attack_technique,T1070.007,4,32.0,0.0,1.0
scenario_to_attack_technique,T1087.004,4,32.0,0.75,1.0
scenario_to_attack_technique,T1098,4,32.0,0.0,1.0
scenario_to_attack_technique,T1098.004,4,32.0,0.0,1.0
scenario_to_attack_technique,T1098.005,4,32.0,0.0,1.0
scenario_to_attack_technique,T1110.002,4,32.0,0.0,1.0
scenario_to_attack_technique,T1114.003,4,32.0,0.0,1.0
scenario_to_attack_technique,T1134.003,4,31.0,0.5,0.75
scenario_to_attack_technique,T1218.001,4,32.0,0.25,1.0
scenario_to_attack_technique,T1547.006,4,32.0,0.0,1.0
scenario_to_attack_technique,T1552.002,4,32.0,0.0,1.0
scenario_to_attack_technique,T1552.006,4,32.0,0.0,1.0
scenario_to_attack_technique,T1553.004,4,32.0,0.0,1.0
scenario_to_attack_technique,T1564,4,32.0,0.0,1.0
scenario_to_attack_technique,T1565.002,4,32.0,0.0,1.0
scenario_to_attack_technique,T1569.001,4,32.0,0.0,1.0
scenario_to_attack_technique,T1583,4,32.0,0.0,1.0
scenario_to_attack_technique,T1583.004,4,32.0,0.0,1.0
scenario_to_attack_technique,T1587.002,4,32.0,0.0,1.0
scenario_to_attack_technique,T1588.006,4,32.0,0.0,1.0
scenario_to_attack_technique,T1591,4,32.0,0.25,1.0
scenario_to_attack_technique,T1593,4,32.0,0.0,1.0
scenario_to_attack_technique,T1608.002,4,32.0,0.0,1.0
scenario_to_attack_technique,T1003.005,3,32.0,0.0,1.0
scenario_to_attack_technique,T1021,3,22.666666666666668,0.6666666666666666,0.6666666666666666
scenario_to_attack_technique,T1021.003,3,32.0,0.0,1.0
scenario_to_attack_technique,T1021.007,3,32.0,0.0,1.0
scenario_to_attack_technique,T1036.003,3,32.0,0.0,1.0
scenario_to_attack_technique,T1055.003,3,22.666666666666668,2.0,0.0
scenario_to_attack_technique,T1055.013,3,32.0,0.3333333333333333,1.0
scenario_to_attack_technique,T1056.003,3,32.0,0.3333333333333333,1.0
scenario_to_attack_technique,T1059.011,3,32.0,0.0,1.0
scenario_to_attack_technique,T1078.001,3,32.0,0.3333333333333333,1.0
scenario_to_attack_technique,T1090.004,3,32.0,0.0,1.0
scenario_to_attack_technique,T1098.001,3,32.0,0.0,1.0
scenario_to_attack_technique,T1114,3,32.0,0.0,1.0
scenario_to_attack_technique,T1132,3,27.666666666666668,0.6666666666666666,0.6666666666666666
scenario_to_attack_technique,T1137.006,3,32.0,0.0,1.0
scenario_to_attack_technique,T1195,3,32.0,0.6666666666666666,1.0
scenario_to_attack_technique,T1204,3,32.0,0.3333333333333333,1.0
scenario_to_attack_technique,T1205.001,3,32.0,0.0,1.0
scenario_to_attack_technique,T1205.002,3,32.0,0.0,1.0
scenario_to_attack_technique,T1220,3,32.0,0.0,1.0
scenario_to_attack_technique,T1484.002,3,32.0,0.3333333333333333,1.0
scenario_to_attack_technique,T1499,3,32.0,0.0,1.0
scenario_to_attack_technique,T1505.004,3,32.0,0.0,1.0
scenario_to_attack_technique,T1546,3,32.0,0.0,1.0
scenario_to_attack_technique,T1546.008,3,32.0,0.0,1.0
scenario_to_attack_technique,T1547.012,3,32.0,0.0,1.0
scenario_to_attack_technique,T1550.003,3,32.0,0.0,1.0
scenario_to_attack_technique,T1553.001,3,32.0,0.0,1.0
scenario_to_attack_technique,T1553.006,3,32.0,0.0,1.0
scenario_to_attack_technique,T1555.006,3,32.0,0.0,1.0
scenario_to_attack_technique,T1556,3,32.0,0.0,1.0
scenario_to_attack_technique,T1556.002,3,32.0,0.0,1.0
scenario_to_attack_technique,T1558.001,3,17.666666666666668,2.0,0.3333333333333333
scenario_to_attack_technique,T1558.002,3,32.0,0.6666666666666666,1.0
scenario_to_attack_technique,T1562.002,3,32.0,0.0,1.0
scenario_to_attack_technique,T1564.006,3,32.0,0.0,1.0
scenario_to_attack_technique,T1565.001,3,32.0,0.0,1.0
scenario_to_attack_technique,T1574.007,3,32.0,0.0,1.0
scenario_to_attack_technique,T1583.002,3,32.0,0.3333333333333333,1.0
scenario_to_attack_technique,T1584.006,3,32.0,0.0,1.0
scenario_to_attack_technique,T1587,3,32.0,0.0,1.0
scenario_to_attack_technique,T1587.003,3,32.0,0.0,1.0
scenario_to_attack_technique,T1589.003,3,32.0,0.0,1.0
scenario_to_attack_technique,T1590,3,32.0,0.0,1.0
scenario_to_attack_technique,T1590.004,3,32.0,0.0,1.0
scenario_to_attack_technique,T1591.004,3,32.0,0.0,1.0
scenario_to_attack_technique,T1592.002,3,32.0,0.0,1.0
scenario_to_attack_technique,T1593.001,3,32.0,0.0,1.0
scenario_to_attack_technique,T1598.004,3,32.0,0.0,1.0
scenario_to_attack_technique,T1608.005,3,32.0,0.0,1.0
scenario_to_attack_technique,T1610,3,32.0,0.0,1.0
scenario_to_attack_technique,T1621,3,32.0,0.0,1.0
scenario_to_attack_technique,T1653,3,32.0,0.0,1.0
scenario_to_attack_technique,T1003.008,2,32.0,0.0,1.0
scenario_to_attack_technique,T1055.005,2,32.0,0.5,1.0
scenario_to_attack_technique,T1059.008,2,32.0,0.0,1.0
scenario_to_attack_technique,T1092,2,32.0,0.0,1.0
scenario_to_attack_technique,T1127.001,2,32.0,0.0,1.0
scenario_to_attack_technique,T1134.005,2,32.0,0.0,1.0
scenario_to_attack_technique,T1136.003,2,28.0,1.0,0.5
scenario_to_attack_technique,T1137,2,32.0,0.0,1.0
scenario_to_attack_technique,T1137.001,2,32.0,0.0,1.0
scenario_to_attack_technique,T1137.004,2,32.0,0.0,1.0
scenario_to_attack_technique,T1187,2,32.0,0.0,1.0
scenario_to_attack_technique,T1195.001,2,32.0,0.0,1.0
scenario_to_attack_technique,T1204.004,2,32.0,0.0,1.0
scenario_to_attack_technique,T1212,2,32.0,0.0,1.0
scenario_to_attack_technique,T1213,2,32.0,0.0,1.0
scenario_to_attack_technique,T1213.003,2,32.0,0.0,1.0
scenario_to_attack_technique,T1213.005,2,32.0,0.0,1.0
scenario_to_attack_technique,T1218,2,30.5,1.5,0.5
scenario_to_attack_technique,T1218.002,2,32.0,0.0,1.0
scenario_to_attack_technique,T1218.003,2,27.0,1.0,0.5
scenario_to_attack_technique,T1218.014,2,32.0,0.0,1.0
scenario_to_attack_technique,T1498,2,8.5,2.0,0.0
scenario_to_attack_technique,T1505.001,2,32.0,0.0,1.0
scenario_to_attack_technique,T1505.006,2,32.0,0.0,1.0
scenario_to_attack_technique,T1528,2,32.0,0.0,1.0
scenario_to_attack_technique,T1537,2,32.0,0.0,1.0
scenario_to_attack_technique,T1542.001,2,32.0,0.0,1.0
scenario_to_attack_technique,T1542.002,2,32.0,0.0,1.0
scenario_to_attack_technique,T1546.010,2,32.0,0.0,1.0
scenario_to_attack_technique,T1546.011,2,32.0,0.0,1.0
scenario_to_attack_technique,T1547.005,2,32.0,0.0,1.0
scenario_to_attack_technique,T1548,2,32.0,0.5,1.0
scenario_to_attack_technique,T1548.001,2,32.0,0.0,1.0
scenario_to_attack_technique,T1548.003,2,25.5,1.5,0.5
scenario_to_attack_technique,T1550,2,32.0,0.0,1.0
scenario_to_attack_technique,T1550.004,2,32.0,0.0,1.0
scenario_to_attack_technique,T1556.001,2,32.0,0.0,1.0
scenario_to_attack_technique,T1556.003,2,32.0,0.0,1.0
scenario_to_attack_technique,T1556.004,2,32.0,0.0,1.0
scenario_to_attack_technique,T1556.006,2,32.0,0.0,1.0
scenario_to_attack_technique,T1556.007,2,32.0,0.0,1.0
scenario_to_attack_technique,T1562.008,2,32.0,0.0,1.0
scenario_to_attack_technique,T1562.010,2,32.0,0.0,1.0
scenario_to_attack_technique,T1563.002,2,20.5,1.0,0.5
scenario_to_attack_technique,T1564.009,2,32.0,0.0,1.0
scenario_to_attack_technique,T1574.008,2,32.0,0.0,1.0
scenario_to_attack_technique,T1574.009,2,32.0,0.0,1.0
scenario_to_attack_technique,T1574.012,2,32.0,0.0,1.0
scenario_to_attack_technique,T1574.013,2,32.0,0.0,1.0
scenario_to_attack_technique,T1578.002,2,32.0,0.0,1.0
scenario_to_attack_technique,T1578.003,2,32.0,0.0,1.0
scenario_to_attack_technique,T1580,2,32.0,0.0,1.0
scenario_to_attack_technique,T1583.005,2,32.0,0.0,1.0
scenario_to_attack_technique,T1584.002,2,32.0,0.0,1.0
scenario_to_attack_technique,T1584.003,2,32.0,0.0,1.0
scenario_to_attack_technique,T1584.005,2,32.0,0.0,1.0
scenario_to_attack_technique,T1586.001,2,32.0,0.0,1.0
scenario_to_attack_technique,T1586.003,2,32.0,0.0,1.0
scenario_to_attack_technique,T1587.004,2,32.0,0.0,1.0
scenario_to_attack_technique,T1588.005,2,32.0,0.0,1.0
scenario_to_attack_technique,T1590.001,2,26.5,1.0,0.5
scenario_to_attack_technique,T1590.005,2,32.0,0.0,1.0
scenario_to_attack_technique,T1593.003,2,32.0,0.0,1.0
scenario_to_attack_technique,T1595.001,2,32.0,0.0,1.0
scenario_to_attack_technique,T1596,2,32.0,0.0,1.0
scenario_to_attack_technique,T1596.005,2,32.0,0.0,1.0
scenario_to_attack_technique,T1598,2,32.0,0.0,1.0
scenario_to_attack_technique,T1598.002,2,32.0,0.0,1.0
scenario_to_attack_technique,T1599,2,32.0,0.0,1.0
scenario_to_attack_technique,T1606.002,2,32.0,0.0,1.0
scenario_to_attack_technique,T1609,2,32.0,0.0,1.0
scenario_to_attack_technique,T1647,2,32.0,0.0,1.0
scenario_to_attack_technique,T1649,2,32.0,0.0,1.0
scenario_to_attack_technique,T1669,2,32.0,0.0,1.0
scenario_to_attack_technique,T1675,2,32.0,0.0,1.0
scenario_to_attack_technique,T1681,2,32.0,0.0,1.0
scenario_to_attack_technique,T1003.007,1,32.0,0.0,1.0
scenario_to_attack_technique,T1027.006,1,32.0,0.0,1.0
scenario_to_attack_technique,T1027.014,1,32.0,0.0,1.0
scenario_to_attack_technique,T1053,1,12.0,2.0,0.0
scenario_to_attack_technique,T1055.009,1,32.0,0.0,1.0
scenario_to_attack_technique,T1055.011,1,32.0,0.0,1.0
scenario_to_attack_technique,T1055.015,1,32.0,0.0,1.0
scenario_to_attack_technique,T1059.013,1,32.0,0.0,1.0
scenario_to_attack_technique,T1110.004,1,32.0,0.0,1.0
scenario_to_attack_technique,T1137.002,1,32.0,0.0,1.0
scenario_to_attack_technique,T1176.002,1,32.0,0.0,1.0
scenario_to_attack_technique,T1200,1,32.0,0.0,1.0
scenario_to_attack_technique,T1204.003,1,32.0,0.0,1.0
scenario_to_attack_technique,T1204.005,1,32.0,0.0,1.0
scenario_to_attack_technique,T1211,1,32.0,0.0,1.0
scenario_to_attack_technique,T1213.004,1,32.0,0.0,1.0
scenario_to_attack_technique,T1218.008,1,32.0,0.0,1.0
scenario_to_attack_technique,T1218.012,1,32.0,0.0,1.0
scenario_to_attack_technique,T1218.013,1,32.0,0.0,1.0
scenario_to_attack_technique,T1218.015,1,32.0,0.0,1.0
scenario_to_attack_technique,T1219.001,1,32.0,0.0,1.0
scenario_to_attack_technique,T1222,1,32.0,0.0,1.0
scenario_to_attack_technique,T1491.002,1,32.0,0.0,1.0
scenario_to_attack_technique,T1495,1,32.0,0.0,1.0
scenario_to_attack_technique,T1499.004,1,32.0,0.0,1.0
scenario_to_attack_technique,T1505.002,1,32.0,0.0,1.0
scenario_to_attack_technique,T1538,1,32.0,0.0,1.0
scenario_to_attack_technique,T1546.002,1,32.0,0.0,1.0
scenario_to_attack_technique,T1546.009,1,32.0,0.0,1.0
scenario_to_attack_technique,T1546.013,1,32.0,0.0,1.0
scenario_to_attack_technique,T1547.008,1,32.0,0.0,1.0
scenario_to_attack_technique,T1548.006,1,32.0,0.0,1.0
scenario_to_attack_technique,T1552.003,1,32.0,0.0,1.0
scenario_to_attack_technique,T1552.007,1,32.0,0.0,1.0
scenario_to_attack_technique,T1552.008,1,32.0,0.0,1.0
scenario_to_attack_technique,T1553,1,32.0,0.0,1.0
scenario_to_attack_technique,T1557.002,1,32.0,0.0,1.0
scenario_to_attack_technique,T1557.004,1,32.0,0.0,1.0
scenario_to_attack_technique,T1558,1,32.0,1.0,1.0
scenario_to_attack_technique,T1558.004,1,32.0,0.0,1.0
scenario_to_attack_technique,T1562.013,1,32.0,0.0,1.0
scenario_to_attack_technique,T1563.001,1,32.0,0.0,1.0
scenario_to_attack_technique,T1564.002,1,32.0,0.0,1.0
scenario_to_attack_technique,T1564.012,1,32.0,0.0,1.0
scenario_to_attack_technique,T1565,1,32.0,0.0,1.0
scenario_to_attack_technique,T1565.003,1,32.0,0.0,1.0
scenario_to_attack_technique,T1566.004,1,32.0,1.0,1.0
scenario_to_attack_technique,T1567.001,1,32.0,0.0,1.0
scenario_to_attack_technique,T1569.003,1,32.0,0.0,1.0
scenario_to_attack_technique,T1574.004,1,32.0,0.0,1.0
scenario_to_attack_technique,T1574.005,1,32.0,0.0,1.0
scenario_to_attack_technique,T1574.010,1,32.0,0.0,1.0
scenario_to_attack_technique,T1574.011,1,32.0,0.0,1.0
scenario_to_attack_technique,T1583.007,1,32.0,0.0,1.0
scenario_to_attack_technique,T1583.008,1,32.0,0.0,1.0
scenario_to_attack_technique,T1584,1,32.0,0.0,1.0
scenario_to_attack_technique,T1585.003,1,32.0,0.0,1.0
scenario_to_attack_technique,T1588.007,1,32.0,0.0,1.0
scenario_to_attack_technique,T1590.006,1,32.0,0.0,1.0
scenario_to_attack_technique,T1591.001,1,32.0,0.0,1.0
scenario_to_attack_technique,T1591.002,1,32.0,0.0,1.0
scenario_to_attack_technique,T1592,1,32.0,0.0,1.0
scenario_to_attack_technique,T1593.002,1,32.0,0.0,1.0
scenario_to_attack_technique,T1595,1,32.0,0.0,1.0
scenario_to_attack_technique,T1595.003,1,32.0,0.0,1.0
scenario_to_attack_technique,T1597,1,32.0,0.0,1.0
scenario_to_attack_technique,T1597.002,1,32.0,0.0,1.0
scenario_to_attack_technique,T1598.001,1,32.0,0.0,1.0
scenario_to_attack_technique,T1601.001,1,32.0,0.0,1.0
scenario_to_attack_technique,T1608,1,32.0,0.0,1.0
scenario_to_attack_technique,T1608.003,1,32.0,0.0,1.0
scenario_to_attack_technique,T1608.006,1,32.0,0.0,1.0
scenario_to_attack_technique,T1613,1,32.0,0.0,1.0
scenario_to_attack_technique,T1648,1,32.0,0.0,1.0
scenario_to_attack_technique,T1650,1,32.0,0.0,1.0
scenario_to_attack_technique,T1651,1,32.0,0.0,1.0
scenario_to_attack_technique,T1659,1,32.0,0.0,1.0
scenario_to_attack_technique,T1671,1,32.0,0.0,1.0
scenario_to_attack_technique,T1674,1,32.0,0.0,1.0
