"Step","minerva_noctua_llama_3_1_8b_instruct_lr0.05_flush_bs256_mlh_t0.7_p0.9_defer_ema - acr_distill/heuristic_passed_frac","minerva_noctua_llama_3_1_8b_instruct_lr0.05_flush_bs256_mlh_t0.7_p0.9_defer_ema - acr_distill/heuristic_passed_frac__MIN","minerva_noctua_llama_3_1_8b_instruct_lr0.05_flush_bs256_mlh_t0.7_p0.9_defer_ema - acr_distill/heuristic_passed_frac__MAX"
"10","0.6611284181377639","0.6611284181377639","0.6611284181377639"
"20","0.6608540925266904","0.6608540925266904","0.6608540925266904"
"30","0.6705246913580247","0.6705246913580247","0.6705246913580247"
"40","0.6786846275752774","0.6786846275752774","0.6786846275752774"
"50","0.6860749185667753","0.6860749185667753","0.6860749185667753"
"60","0.6979027219991075","0.6979027219991075","0.6979027219991075"
"70","0.694170403587444","0.694170403587444","0.694170403587444"
"80","0.711063829787234","0.711063829787234","0.711063829787234"
"90","0.7218693284936479","0.7218693284936479","0.7218693284936479"
"100","0.7131566713156672","0.7131566713156672","0.7131566713156672"
"110","0.7280296022201665","0.7280296022201665","0.7280296022201665"
"120","0.7454031117397454","0.7454031117397454","0.7454031117397454"
"130","0.7470997679814385","0.7470997679814385","0.7470997679814385"
"140","0.7608901515151515","0.7608901515151515","0.7608901515151515"
"150","0.7609108159392789","0.7609108159392789","0.7609108159392789"
"160","0.8031533683707597","0.8031533683707597","0.8031533683707597"
"170","0.7955699123211813","0.7955699123211813","0.7955699123211813"
"180","0.8022143935581278","0.8022143935581278","0.8022143935581278"
"190","0.8180914512922465","0.8180914512922465","0.8180914512922465"
"200","0.8356504468718967","0.8356504468718967","0.8356504468718967"
"210","0.8336547733847638","0.8336547733847638","0.8336547733847638"
"220","0.8489713998996488","0.8489713998996488","0.8489713998996488"
"230","0.8658603628367235","0.8658603628367235","0.8658603628367235"
"240","0.8607089365951074","0.8607089365951074","0.8607089365951074"
"250","0.8749361919346605","0.8749361919346605","0.8749361919346605"
"260","0.8758465011286681","0.8758465011286681","0.8758465011286681"
"270","0.889505830094392","0.889505830094392","0.889505830094392"
"280","0.8767123287671232","0.8767123287671232","0.8767123287671232"
"290","0.8973950026581605","0.8973950026581605","0.8973950026581605"
"300","0.8734739178690344","0.8734739178690344","0.8734739178690344"
"310","0.8753372908796546","0.8753372908796546","0.8753372908796546"
"320","0.8709112149532711","0.8709112149532711","0.8709112149532711"
"330","0.8840425531914894","0.8840425531914894","0.8840425531914894"
"340","0.8668146503884573","0.8668146503884573","0.8668146503884573"
"350","0.8914223669923995","0.8914223669923995","0.8914223669923995"
"360","0.8823895457373989","0.8823895457373989","0.8823895457373989"
"370","0.8770442156268928","0.8770442156268928","0.8770442156268928"
"380","0.8658269441401971","0.8658269441401971","0.8658269441401971"
"390","0.8519893899204244","0.8519893899204244","0.8519893899204244"
"400","0.8550143266475645","0.8550143266475645","0.8550143266475645"
"410","0.8450274557657108","0.8450274557657108","0.8450274557657108"
"420","0.8625509609784507","0.8625509609784507","0.8625509609784507"
"430","0.8498190591073582","0.8498190591073582","0.8498190591073582"
"440","0.8353080568720379","0.8353080568720379","0.8353080568720379"
"450","0.8259788688626476","0.8259788688626476","0.8259788688626476"
"460","0.8607516943930992","0.8607516943930992","0.8607516943930992"
"470","0.8318298969072165","0.8318298969072165","0.8318298969072165"
"480","0.8180051813471503","0.8180051813471503","0.8180051813471503"
"490","0.8094936708860759","0.8094936708860759","0.8094936708860759"