"Step","minerva_grpo_llama_3_1_8b_instruct_rollout12 - pg/zero_solve_frac","minerva_grpo_llama_3_1_8b_instruct_rollout12 - pg/zero_solve_frac__MIN","minerva_grpo_llama_3_1_8b_instruct_rollout12 - pg/zero_solve_frac__MAX","minerva_noctua_llama_3_1_8b_instruct_lr0.05_flush_bs256_mlh_t0.7_p0.9_defer_ema - pg/zero_solve_frac","minerva_noctua_llama_3_1_8b_instruct_lr0.05_flush_bs256_mlh_t0.7_p0.9_defer_ema - pg/zero_solve_frac__MIN","minerva_noctua_llama_3_1_8b_instruct_lr0.05_flush_bs256_mlh_t0.7_p0.9_defer_ema - pg/zero_solve_frac__MAX","minerva_grpo_llama_3_1_8b_instruct - pg/zero_solve_frac","minerva_grpo_llama_3_1_8b_instruct - pg/zero_solve_frac__MIN","minerva_grpo_llama_3_1_8b_instruct - pg/zero_solve_frac__MAX"
"1","0.578125","0.578125","0.578125","0.5859375","0.5859375","0.5859375","0.59375","0.59375","0.59375"
"2","0.5","0.5","0.5","0.53125","0.53125","0.53125","0.5859375","0.5859375","0.5859375"
"3","0.5390625","0.5390625","0.5390625","0.5625","0.5625","0.5625","0.609375","0.609375","0.609375"
"4","0.421875","0.421875","0.421875","0.4921875","0.4921875","0.4921875","0.453125","0.453125","0.453125"
"5","0.3671875","0.3671875","0.3671875","0.4453125","0.4453125","0.4453125","0.4765625","0.4765625","0.4765625"
"6","0.375","0.375","0.375","0.4453125","0.4453125","0.4453125","0.4140625","0.4140625","0.4140625"
"7","0.359375","0.359375","0.359375","0.46875","0.46875","0.46875","0.46875","0.46875","0.46875"
"8","0.3203125","0.3203125","0.3203125","0.3671875","0.3671875","0.3671875","0.3203125","0.3203125","0.3203125"
"9","0.2578125","0.2578125","0.2578125","0.34375","0.34375","0.34375","0.359375","0.359375","0.359375"
"10","0.3359375","0.3359375","0.3359375","0.375","0.375","0.375","0.375","0.375","0.375"
"11","0.3671875","0.3671875","0.3671875","0.4140625","0.4140625","0.4140625","0.421875","0.421875","0.421875"
"12","0.421875","0.421875","0.421875","0.421875","0.421875","0.421875","0.4296875","0.4296875","0.4296875"
"13","0.296875","0.296875","0.296875","0.34375","0.34375","0.34375","0.328125","0.328125","0.328125"
"14","0.3671875","0.3671875","0.3671875","0.40625","0.40625","0.40625","0.4140625","0.4140625","0.4140625"
"15","0.328125","0.328125","0.328125","0.4296875","0.4296875","0.4296875","0.375","0.375","0.375"
"16","0.3125","0.3125","0.3125","0.34375","0.34375","0.34375","0.3515625","0.3515625","0.3515625"
"17","0.34375","0.34375","0.34375","0.375","0.375","0.375","0.3359375","0.3359375","0.3359375"
"18","0.3203125","0.3203125","0.3203125","0.3515625","0.3515625","0.3515625","0.3671875","0.3671875","0.3671875"
"19","0.359375","0.359375","0.359375","0.3828125","0.3828125","0.3828125","0.3984375","0.3984375","0.3984375"
"20","0.3203125","0.3203125","0.3203125","0.375","0.375","0.375","0.328125","0.328125","0.328125"
"21","0.328125","0.328125","0.328125","0.34375","0.34375","0.34375","0.3359375","0.3359375","0.3359375"
"22","0.3515625","0.3515625","0.3515625","0.3359375","0.3359375","0.3359375","0.390625","0.390625","0.390625"
"23","0.3359375","0.3359375","0.3359375","0.3125","0.3125","0.3125","0.3828125","0.3828125","0.3828125"
"24","0.3671875","0.3671875","0.3671875","0.34375","0.34375","0.34375","0.3671875","0.3671875","0.3671875"
"25","0.34375","0.34375","0.34375","0.40625","0.40625","0.40625","0.4375","0.4375","0.4375"
"26","0.328125","0.328125","0.328125","0.296875","0.296875","0.296875","0.375","0.375","0.375"
"27","0.3828125","0.3828125","0.3828125","0.390625","0.390625","0.390625","0.3828125","0.3828125","0.3828125"
"28","0.3671875","0.3671875","0.3671875","0.3671875","0.3671875","0.3671875","0.375","0.375","0.375"
"29","0.375","0.375","0.375","0.390625","0.390625","0.390625","0.375","0.375","0.375"
"30","0.3671875","0.3671875","0.3671875","0.34375","0.34375","0.34375","0.3984375","0.3984375","0.3984375"
"31","0.3671875","0.3671875","0.3671875","0.4453125","0.4453125","0.4453125","0.421875","0.421875","0.421875"
"32","0.34375","0.34375","0.34375","0.296875","0.296875","0.296875","0.328125","0.328125","0.328125"
"33","0.34375","0.34375","0.34375","0.3359375","0.3359375","0.3359375","0.3671875","0.3671875","0.3671875"
"34","0.3515625","0.3515625","0.3515625","0.3125","0.3125","0.3125","0.3984375","0.3984375","0.3984375"
"35","0.40625","0.40625","0.40625","0.3671875","0.3671875","0.3671875","0.3984375","0.3984375","0.3984375"
"36","0.3515625","0.3515625","0.3515625","0.3125","0.3125","0.3125","0.3671875","0.3671875","0.3671875"
"37","0.421875","0.421875","0.421875","0.3515625","0.3515625","0.3515625","0.4296875","0.4296875","0.4296875"
"38","0.3203125","0.3203125","0.3203125","0.3125","0.3125","0.3125","0.40625","0.40625","0.40625"
"39","0.3671875","0.3671875","0.3671875","0.3046875","0.3046875","0.3046875","0.3984375","0.3984375","0.3984375"
"40","0.3984375","0.3984375","0.3984375","0.3359375","0.3359375","0.3359375","0.3515625","0.3515625","0.3515625"
"41","0.3671875","0.3671875","0.3671875","0.3671875","0.3671875","0.3671875","0.4296875","0.4296875","0.4296875"
"42","0.3203125","0.3203125","0.3203125","0.265625","0.265625","0.265625","0.359375","0.359375","0.359375"
"43","0.3359375","0.3359375","0.3359375","0.3125","0.3125","0.3125","0.375","0.375","0.375"
"44","0.3828125","0.3828125","0.3828125","0.3359375","0.3359375","0.3359375","0.421875","0.421875","0.421875"
"45","0.421875","0.421875","0.421875","0.34375","0.34375","0.34375","0.4375","0.4375","0.4375"
"46","0.359375","0.359375","0.359375","0.328125","0.328125","0.328125","0.3828125","0.3828125","0.3828125"
"47","0.3984375","0.3984375","0.3984375","0.3359375","0.3359375","0.3359375","0.40625","0.40625","0.40625"
"48","0.375","0.375","0.375","0.3984375","0.3984375","0.3984375","0.390625","0.390625","0.390625"
"49","0.3125","0.3125","0.3125","0.28125","0.28125","0.28125","0.3671875","0.3671875","0.3671875"
"50","0.359375","0.359375","0.359375","0.390625","0.390625","0.390625","0.4453125","0.4453125","0.4453125"
"51","0.3203125","0.3203125","0.3203125","0.296875","0.296875","0.296875","0.359375","0.359375","0.359375"
"52","0.2890625","0.2890625","0.2890625","0.28125","0.28125","0.28125","0.3125","0.3125","0.3125"
"53","0.3984375","0.3984375","0.3984375","0.3203125","0.3203125","0.3203125","0.3515625","0.3515625","0.3515625"
"54","0.453125","0.453125","0.453125","0.3515625","0.3515625","0.3515625","0.4296875","0.4296875","0.4296875"
"55","0.3828125","0.3828125","0.3828125","0.3671875","0.3671875","0.3671875","0.390625","0.390625","0.390625"
"56","0.359375","0.359375","0.359375","0.2578125","0.2578125","0.2578125","0.375","0.375","0.375"
"57","0.359375","0.359375","0.359375","0.328125","0.328125","0.328125","0.375","0.375","0.375"
"58","0.4140625","0.4140625","0.4140625","0.3203125","0.3203125","0.3203125","0.390625","0.390625","0.390625"
"59","0.34375","0.34375","0.34375","0.265625","0.265625","0.265625","0.34375","0.34375","0.34375"
"60","0.3671875","0.3671875","0.3671875","0.328125","0.328125","0.328125","0.3984375","0.3984375","0.3984375"
"61","0.3984375","0.3984375","0.3984375","0.3203125","0.3203125","0.3203125","0.390625","0.390625","0.390625"
"62","0.390625","0.390625","0.390625","0.2734375","0.2734375","0.2734375","0.421875","0.421875","0.421875"
"63","0.3828125","0.3828125","0.3828125","0.3125","0.3125","0.3125","0.4296875","0.4296875","0.4296875"
"64","0.3125","0.3125","0.3125","0.25","0.25","0.25","0.3203125","0.3203125","0.3203125"
"65","0.359375","0.359375","0.359375","0.296875","0.296875","0.296875","0.328125","0.328125","0.328125"
"66","0.2890625","0.2890625","0.2890625","0.25","0.25","0.25","0.3046875","0.3046875","0.3046875"
"67","0.390625","0.390625","0.390625","0.359375","0.359375","0.359375","0.421875","0.421875","0.421875"
"68","0.40625","0.40625","0.40625","0.3359375","0.3359375","0.3359375","0.4453125","0.4453125","0.4453125"
"69","0.4140625","0.4140625","0.4140625","0.3671875","0.3671875","0.3671875","0.4296875","0.4296875","0.4296875"
"70","0.3125","0.3125","0.3125","0.2578125","0.2578125","0.2578125","0.359375","0.359375","0.359375"
"71","0.4296875","0.4296875","0.4296875","0.34375","0.34375","0.34375","0.4375","0.4375","0.4375"
"72","0.375","0.375","0.375","0.296875","0.296875","0.296875","0.375","0.375","0.375"
"73","0.3671875","0.3671875","0.3671875","0.328125","0.328125","0.328125","0.3984375","0.3984375","0.3984375"
"74","0.3828125","0.3828125","0.3828125","0.3125","0.3125","0.3125","0.3828125","0.3828125","0.3828125"
"75","0.359375","0.359375","0.359375","0.28125","0.28125","0.28125","0.3828125","0.3828125","0.3828125"
"76","0.3359375","0.3359375","0.3359375","0.2578125","0.2578125","0.2578125","0.328125","0.328125","0.328125"
"77","0.3671875","0.3671875","0.3671875","0.3203125","0.3203125","0.3203125","0.3359375","0.3359375","0.3359375"
"78","0.375","0.375","0.375","0.359375","0.359375","0.359375","0.4453125","0.4453125","0.4453125"
"79","0.40625","0.40625","0.40625","0.328125","0.328125","0.328125","0.4296875","0.4296875","0.4296875"
"80","0.421875","0.421875","0.421875","0.3046875","0.3046875","0.3046875","0.4375","0.4375","0.4375"
"81","0.3984375","0.3984375","0.3984375","0.3046875","0.3046875","0.3046875","0.421875","0.421875","0.421875"
"82","0.3515625","0.3515625","0.3515625","0.2734375","0.2734375","0.2734375","0.40625","0.40625","0.40625"
"83","0.3359375","0.3359375","0.3359375","0.21875","0.21875","0.21875","0.328125","0.328125","0.328125"
"84","0.3671875","0.3671875","0.3671875","0.265625","0.265625","0.265625","0.375","0.375","0.375"
"85","0.3828125","0.3828125","0.3828125","0.3515625","0.3515625","0.3515625","0.4296875","0.4296875","0.4296875"
"86","0.3203125","0.3203125","0.3203125","0.2890625","0.2890625","0.2890625","0.4140625","0.4140625","0.4140625"
"87","0.3515625","0.3515625","0.3515625","0.2578125","0.2578125","0.2578125","0.34375","0.34375","0.34375"
"88","0.3359375","0.3359375","0.3359375","0.2578125","0.2578125","0.2578125","0.34375","0.34375","0.34375"
"89","0.3125","0.3125","0.3125","0.265625","0.265625","0.265625","0.328125","0.328125","0.328125"
"90","0.3671875","0.3671875","0.3671875","0.3125","0.3125","0.3125","0.3515625","0.3515625","0.3515625"
"91","0.3125","0.3125","0.3125","0.25","0.25","0.25","0.3671875","0.3671875","0.3671875"
"92","0.34375","0.34375","0.34375","0.2890625","0.2890625","0.2890625","0.34375","0.34375","0.34375"
"93","0.3125","0.3125","0.3125","0.265625","0.265625","0.265625","0.390625","0.390625","0.390625"
"94","0.328125","0.328125","0.328125","0.2578125","0.2578125","0.2578125","0.3359375","0.3359375","0.3359375"
"95","0.3046875","0.3046875","0.3046875","0.296875","0.296875","0.296875","0.3359375","0.3359375","0.3359375"
"96","0.421875","0.421875","0.421875","0.3203125","0.3203125","0.3203125","0.4296875","0.4296875","0.4296875"
"97","0.296875","0.296875","0.296875","0.25","0.25","0.25","0.3203125","0.3203125","0.3203125"
"98","0.3515625","0.3515625","0.3515625","0.296875","0.296875","0.296875","0.3984375","0.3984375","0.3984375"
"99","0.3671875","0.3671875","0.3671875","0.2890625","0.2890625","0.2890625","0.4140625","0.4140625","0.4140625"
"100","0.3515625","0.3515625","0.3515625","0.2578125","0.2578125","0.2578125","0.3671875","0.3671875","0.3671875"
"101","0.359375","0.359375","0.359375","0.3046875","0.3046875","0.3046875","0.3984375","0.3984375","0.3984375"
"102","0.328125","0.328125","0.328125","0.28125","0.28125","0.28125","0.3515625","0.3515625","0.3515625"
"103","0.265625","0.265625","0.265625","0.2109375","0.2109375","0.2109375","0.3125","0.3125","0.3125"
"104","0.359375","0.359375","0.359375","0.3203125","0.3203125","0.3203125","0.40625","0.40625","0.40625"
"105","0.3671875","0.3671875","0.3671875","0.2578125","0.2578125","0.2578125","0.3984375","0.3984375","0.3984375"
"106","0.3203125","0.3203125","0.3203125","0.2734375","0.2734375","0.2734375","0.3671875","0.3671875","0.3671875"
"107","0.328125","0.328125","0.328125","0.265625","0.265625","0.265625","0.3125","0.3125","0.3125"
"108","0.3671875","0.3671875","0.3671875","0.2578125","0.2578125","0.2578125","0.3984375","0.3984375","0.3984375"
"109","0.34375","0.34375","0.34375","0.296875","0.296875","0.296875","0.4140625","0.4140625","0.4140625"
"110","0.359375","0.359375","0.359375","0.25","0.25","0.25","0.3515625","0.3515625","0.3515625"
"111","0.328125","0.328125","0.328125","0.2890625","0.2890625","0.2890625","0.390625","0.390625","0.390625"
"112","0.3515625","0.3515625","0.3515625","0.3359375","0.3359375","0.3359375","0.4140625","0.4140625","0.4140625"
"113","0.3359375","0.3359375","0.3359375","0.2734375","0.2734375","0.2734375","0.328125","0.328125","0.328125"
"114","0.34375","0.34375","0.34375","0.2578125","0.2578125","0.2578125","0.359375","0.359375","0.359375"
"115","0.2890625","0.2890625","0.2890625","0.1796875","0.1796875","0.1796875","0.28125","0.28125","0.28125"
"116","0.40625","0.40625","0.40625","0.3359375","0.3359375","0.3359375","0.4453125","0.4453125","0.4453125"
"117","0.3203125","0.3203125","0.3203125","0.296875","0.296875","0.296875","0.390625","0.390625","0.390625"
"118","0.3359375","0.3359375","0.3359375","0.3046875","0.3046875","0.3046875","0.3828125","0.3828125","0.3828125"
"119","0.34375","0.34375","0.34375","0.25","0.25","0.25","0.3671875","0.3671875","0.3671875"
"120","0.3046875","0.3046875","0.3046875","0.296875","0.296875","0.296875","0.3515625","0.3515625","0.3515625"
"121","0.375","0.375","0.375","0.2890625","0.2890625","0.2890625","0.3828125","0.3828125","0.3828125"
"122","0.3359375","0.3359375","0.3359375","0.2578125","0.2578125","0.2578125","0.3828125","0.3828125","0.3828125"
"123","0.359375","0.359375","0.359375","0.3125","0.3125","0.3125","0.3984375","0.3984375","0.3984375"
"124","0.3671875","0.3671875","0.3671875","0.28125","0.28125","0.28125","0.40625","0.40625","0.40625"
"125","0.3515625","0.3515625","0.3515625","0.3125","0.3125","0.3125","0.4296875","0.4296875","0.4296875"
"126","0.2578125","0.2578125","0.2578125","0.2109375","0.2109375","0.2109375","0.328125","0.328125","0.328125"
"127","0.3203125","0.3203125","0.3203125","0.265625","0.265625","0.265625","0.375","0.375","0.375"
"128","0.3671875","0.3671875","0.3671875","0.328125","0.328125","0.328125","0.40625","0.40625","0.40625"
"129","0.2890625","0.2890625","0.2890625","0.25","0.25","0.25","0.328125","0.328125","0.328125"
"130","0.3671875","0.3671875","0.3671875","0.265625","0.265625","0.265625","0.375","0.375","0.375"
"131","0.3125","0.3125","0.3125","0.25","0.25","0.25","0.3203125","0.3203125","0.3203125"
"132","0.3359375","0.3359375","0.3359375","0.265625","0.265625","0.265625","0.3125","0.3125","0.3125"
"133","0.328125","0.328125","0.328125","0.2734375","0.2734375","0.2734375","0.328125","0.328125","0.328125"
"134","0.34375","0.34375","0.34375","0.2890625","0.2890625","0.2890625","0.3828125","0.3828125","0.3828125"
"135","0.3125","0.3125","0.3125","0.28125","0.28125","0.28125","0.359375","0.359375","0.359375"
"136","0.3125","0.3125","0.3125","0.21875","0.21875","0.21875","0.3828125","0.3828125","0.3828125"
"137","0.375","0.375","0.375","0.2890625","0.2890625","0.2890625","0.3984375","0.3984375","0.3984375"
"138","0.2890625","0.2890625","0.2890625","0.25","0.25","0.25","0.3203125","0.3203125","0.3203125"
"139","0.4375","0.4375","0.4375","0.34375","0.34375","0.34375","0.4375","0.4375","0.4375"
"140","0.3046875","0.3046875","0.3046875","0.28125","0.28125","0.28125","0.3828125","0.3828125","0.3828125"
"141","0.34375","0.34375","0.34375","0.25","0.25","0.25","0.3515625","0.3515625","0.3515625"
"142","0.390625","0.390625","0.390625","0.3203125","0.3203125","0.3203125","0.40625","0.40625","0.40625"
"143","0.28125","0.28125","0.28125","0.21875","0.21875","0.21875","0.328125","0.328125","0.328125"
"144","0.328125","0.328125","0.328125","0.2890625","0.2890625","0.2890625","0.34375","0.34375","0.34375"
"145","0.4453125","0.4453125","0.4453125","0.2890625","0.2890625","0.2890625","0.46875","0.46875","0.46875"
"146","0.421875","0.421875","0.421875","0.3125","0.3125","0.3125","0.5234375","0.5234375","0.5234375"
"147","0.359375","0.359375","0.359375","0.2734375","0.2734375","0.2734375","0.3515625","0.3515625","0.3515625"
"148","0.2734375","0.2734375","0.2734375","0.203125","0.203125","0.203125","0.3359375","0.3359375","0.3359375"
"149","0.3046875","0.3046875","0.3046875","0.25","0.25","0.25","0.3828125","0.3828125","0.3828125"
"150","0.34375","0.34375","0.34375","0.28125","0.28125","0.28125","0.3828125","0.3828125","0.3828125"
"151","0.2890625","0.2890625","0.2890625","0.2578125","0.2578125","0.2578125","0.328125","0.328125","0.328125"
"152","0.359375","0.359375","0.359375","0.25","0.25","0.25","0.359375","0.359375","0.359375"
"153","0.3125","0.3125","0.3125","0.25","0.25","0.25","0.3515625","0.3515625","0.3515625"
"154","0.359375","0.359375","0.359375","0.3046875","0.3046875","0.3046875","0.4375","0.4375","0.4375"
"155","0.3125","0.3125","0.3125","0.234375","0.234375","0.234375","0.3515625","0.3515625","0.3515625"
"156","0.3359375","0.3359375","0.3359375","0.2109375","0.2109375","0.2109375","0.375","0.375","0.375"
"157","0.4375","0.4375","0.4375","0.359375","0.359375","0.359375","0.421875","0.421875","0.421875"
"158","0.3046875","0.3046875","0.3046875","0.2578125","0.2578125","0.2578125","0.34375","0.34375","0.34375"
"159","0.2890625","0.2890625","0.2890625","0.234375","0.234375","0.234375","0.40625","0.40625","0.40625"
"160","0.328125","0.328125","0.328125","0.265625","0.265625","0.265625","0.390625","0.390625","0.390625"
"161","0.28125","0.28125","0.28125","0.2265625","0.2265625","0.2265625","0.3125","0.3125","0.3125"
"162","0.3203125","0.3203125","0.3203125","0.2578125","0.2578125","0.2578125","0.3359375","0.3359375","0.3359375"
"163","0.3203125","0.3203125","0.3203125","0.2890625","0.2890625","0.2890625","0.3671875","0.3671875","0.3671875"
"164","0.359375","0.359375","0.359375","0.2578125","0.2578125","0.2578125","0.3828125","0.3828125","0.3828125"
"165","0.34375","0.34375","0.34375","0.296875","0.296875","0.296875","0.4296875","0.4296875","0.4296875"
"166","0.375","0.375","0.375","0.3203125","0.3203125","0.3203125","0.375","0.375","0.375"
"167","0.296875","0.296875","0.296875","0.28125","0.28125","0.28125","0.359375","0.359375","0.359375"
"168","0.3671875","0.3671875","0.3671875","0.3125","0.3125","0.3125","0.375","0.375","0.375"
"169","0.3046875","0.3046875","0.3046875","0.3046875","0.3046875","0.3046875","0.3984375","0.3984375","0.3984375"
"170","0.375","0.375","0.375","0.359375","0.359375","0.359375","0.4609375","0.4609375","0.4609375"
"171","0.3125","0.3125","0.3125","0.2890625","0.2890625","0.2890625","0.375","0.375","0.375"
"172","0.3984375","0.3984375","0.3984375","0.2890625","0.2890625","0.2890625","0.4296875","0.4296875","0.4296875"
"173","0.328125","0.328125","0.328125","0.265625","0.265625","0.265625","0.34375","0.34375","0.34375"
"174","0.3984375","0.3984375","0.3984375","0.2734375","0.2734375","0.2734375","0.484375","0.484375","0.484375"
"175","0.3984375","0.3984375","0.3984375","0.328125","0.328125","0.328125","0.4609375","0.4609375","0.4609375"
"176","0.3359375","0.3359375","0.3359375","0.2421875","0.2421875","0.2421875","0.3984375","0.3984375","0.3984375"
"177","0.28125","0.28125","0.28125","0.2109375","0.2109375","0.2109375","0.3359375","0.3359375","0.3359375"
"178","0.3125","0.3125","0.3125","0.234375","0.234375","0.234375","0.3046875","0.3046875","0.3046875"
"179","0.34375","0.34375","0.34375","0.2421875","0.2421875","0.2421875","0.375","0.375","0.375"
"180","0.3046875","0.3046875","0.3046875","0.296875","0.296875","0.296875","0.3515625","0.3515625","0.3515625"
"181","0.3203125","0.3203125","0.3203125","0.2890625","0.2890625","0.2890625","0.34375","0.34375","0.34375"
"182","0.3203125","0.3203125","0.3203125","0.2265625","0.2265625","0.2265625","0.390625","0.390625","0.390625"
"183","0.3828125","0.3828125","0.3828125","0.296875","0.296875","0.296875","0.390625","0.390625","0.390625"
"184","0.328125","0.328125","0.328125","0.2265625","0.2265625","0.2265625","0.421875","0.421875","0.421875"
"185","0.2734375","0.2734375","0.2734375","0.2890625","0.2890625","0.2890625","0.3515625","0.3515625","0.3515625"
"186","0.2890625","0.2890625","0.2890625","0.203125","0.203125","0.203125","0.3671875","0.3671875","0.3671875"
"187","0.2890625","0.2890625","0.2890625","0.25","0.25","0.25","0.4296875","0.4296875","0.4296875"
"188","0.296875","0.296875","0.296875","0.2578125","0.2578125","0.2578125","0.375","0.375","0.375"
"189","0.3125","0.3125","0.3125","0.203125","0.203125","0.203125","0.359375","0.359375","0.359375"
"190","0.390625","0.390625","0.390625","0.28125","0.28125","0.28125","0.4375","0.4375","0.4375"
"191","0.375","0.375","0.375","0.296875","0.296875","0.296875","0.390625","0.390625","0.390625"
"192","0.375","0.375","0.375","0.2734375","0.2734375","0.2734375","0.46875","0.46875","0.46875"
"193","0.296875","0.296875","0.296875","0.2734375","0.2734375","0.2734375","0.3203125","0.3203125","0.3203125"
"194","0.3515625","0.3515625","0.3515625","0.28125","0.28125","0.28125","0.3828125","0.3828125","0.3828125"
"195","0.3046875","0.3046875","0.3046875","0.2265625","0.2265625","0.2265625","0.359375","0.359375","0.359375"
"196","0.28125","0.28125","0.28125","0.2265625","0.2265625","0.2265625","0.2890625","0.2890625","0.2890625"
"197","0.2578125","0.2578125","0.2578125","0.1796875","0.1796875","0.1796875","0.3203125","0.3203125","0.3203125"
"198","0.3046875","0.3046875","0.3046875","0.265625","0.265625","0.265625","0.3515625","0.3515625","0.3515625"
"199","0.3984375","0.3984375","0.3984375","0.28125","0.28125","0.28125","0.4375","0.4375","0.4375"
"200","0.28125","0.28125","0.28125","0.2109375","0.2109375","0.2109375","0.2890625","0.2890625","0.2890625"
"201","0.3046875","0.3046875","0.3046875","0.265625","0.265625","0.265625","0.3359375","0.3359375","0.3359375"
"202","0.3203125","0.3203125","0.3203125","0.25","0.25","0.25","0.34375","0.34375","0.34375"
"203","0.328125","0.328125","0.328125","0.25","0.25","0.25","0.375","0.375","0.375"
"204","0.328125","0.328125","0.328125","0.2265625","0.2265625","0.2265625","0.40625","0.40625","0.40625"
"205","0.40625","0.40625","0.40625","0.3359375","0.3359375","0.3359375","0.421875","0.421875","0.421875"
"206","0.2578125","0.2578125","0.2578125","0.2578125","0.2578125","0.2578125","0.328125","0.328125","0.328125"
"207","0.3828125","0.3828125","0.3828125","0.2421875","0.2421875","0.2421875","0.375","0.375","0.375"
"208","0.3203125","0.3203125","0.3203125","0.2734375","0.2734375","0.2734375","0.34375","0.34375","0.34375"
"209","0.3203125","0.3203125","0.3203125","0.2421875","0.2421875","0.2421875","0.328125","0.328125","0.328125"
"210","0.359375","0.359375","0.359375","0.2734375","0.2734375","0.2734375","0.421875","0.421875","0.421875"
"211","0.3203125","0.3203125","0.3203125","0.2265625","0.2265625","0.2265625","0.3125","0.3125","0.3125"
"212","0.4140625","0.4140625","0.4140625","0.296875","0.296875","0.296875","0.4375","0.4375","0.4375"
"213","0.3984375","0.3984375","0.3984375","0.2734375","0.2734375","0.2734375","0.4140625","0.4140625","0.4140625"
"214","0.34375","0.34375","0.34375","0.2734375","0.2734375","0.2734375","0.390625","0.390625","0.390625"
"215","0.3828125","0.3828125","0.3828125","0.265625","0.265625","0.265625","0.3984375","0.3984375","0.3984375"
"216","0.3515625","0.3515625","0.3515625","0.265625","0.265625","0.265625","0.359375","0.359375","0.359375"
"217","0.328125","0.328125","0.328125","0.2421875","0.2421875","0.2421875","0.3671875","0.3671875","0.3671875"
"218","0.2734375","0.2734375","0.2734375","0.203125","0.203125","0.203125","0.3828125","0.3828125","0.3828125"
"219","0.3359375","0.3359375","0.3359375","0.2421875","0.2421875","0.2421875","0.375","0.375","0.375"
"220","0.3515625","0.3515625","0.3515625","0.28125","0.28125","0.28125","0.3671875","0.3671875","0.3671875"
"221","0.2890625","0.2890625","0.2890625","0.234375","0.234375","0.234375","0.3515625","0.3515625","0.3515625"
"222","0.3125","0.3125","0.3125","0.21875","0.21875","0.21875","0.359375","0.359375","0.359375"
"223","0.2734375","0.2734375","0.2734375","0.1953125","0.1953125","0.1953125","0.28125","0.28125","0.28125"
"224","0.328125","0.328125","0.328125","0.265625","0.265625","0.265625","0.3671875","0.3671875","0.3671875"
"225","0.3359375","0.3359375","0.3359375","0.265625","0.265625","0.265625","0.421875","0.421875","0.421875"
"226","0.3046875","0.3046875","0.3046875","0.2421875","0.2421875","0.2421875","0.3515625","0.3515625","0.3515625"
"227","0.3125","0.3125","0.3125","0.21875","0.21875","0.21875","0.34375","0.34375","0.34375"
"228","0.2578125","0.2578125","0.2578125","0.1875","0.1875","0.1875","0.28125","0.28125","0.28125"
"229","0.3515625","0.3515625","0.3515625","0.2578125","0.2578125","0.2578125","0.3515625","0.3515625","0.3515625"
"230","0.1953125","0.1953125","0.1953125","0.1640625","0.1640625","0.1640625","0.2734375","0.2734375","0.2734375"
"231","0.328125","0.328125","0.328125","0.1875","0.1875","0.1875","0.3359375","0.3359375","0.3359375"
"232","0.328125","0.328125","0.328125","0.2421875","0.2421875","0.2421875","0.3671875","0.3671875","0.3671875"
"233","0.296875","0.296875","0.296875","0.265625","0.265625","0.265625","0.40625","0.40625","0.40625"
"234","0.296875","0.296875","0.296875","0.2109375","0.2109375","0.2109375","0.3359375","0.3359375","0.3359375"
"235","0.3671875","0.3671875","0.3671875","0.2578125","0.2578125","0.2578125","0.3515625","0.3515625","0.3515625"
"236","0.3671875","0.3671875","0.3671875","0.21875","0.21875","0.21875","0.296875","0.296875","0.296875"
"237","0.34375","0.34375","0.34375","0.2265625","0.2265625","0.2265625","0.3359375","0.3359375","0.3359375"
"238","0.3046875","0.3046875","0.3046875","0.234375","0.234375","0.234375","0.328125","0.328125","0.328125"
"239","0.3671875","0.3671875","0.3671875","0.328125","0.328125","0.328125","0.40625","0.40625","0.40625"
"240","0.3671875","0.3671875","0.3671875","0.2890625","0.2890625","0.2890625","0.359375","0.359375","0.359375"
"241","0.3359375","0.3359375","0.3359375","0.2890625","0.2890625","0.2890625","0.375","0.375","0.375"
"242","0.2578125","0.2578125","0.2578125","0.1640625","0.1640625","0.1640625","0.3203125","0.3203125","0.3203125"
"243","0.3515625","0.3515625","0.3515625","0.265625","0.265625","0.265625","0.3984375","0.3984375","0.3984375"
"244","0.359375","0.359375","0.359375","0.3046875","0.3046875","0.3046875","0.4296875","0.4296875","0.4296875"
"245","0.3203125","0.3203125","0.3203125","0.2421875","0.2421875","0.2421875","0.3984375","0.3984375","0.3984375"
"246","0.3828125","0.3828125","0.3828125","0.21875","0.21875","0.21875","0.3984375","0.3984375","0.3984375"
"247","0.3828125","0.3828125","0.3828125","0.2890625","0.2890625","0.2890625","0.3984375","0.3984375","0.3984375"
"248","0.328125","0.328125","0.328125","0.2578125","0.2578125","0.2578125","0.3828125","0.3828125","0.3828125"
"249","0.2734375","0.2734375","0.2734375","0.1875","0.1875","0.1875","0.3203125","0.3203125","0.3203125"
"250","0.296875","0.296875","0.296875","0.1953125","0.1953125","0.1953125","0.328125","0.328125","0.328125"
"251","0.3046875","0.3046875","0.3046875","0.265625","0.265625","0.265625","0.3203125","0.3203125","0.3203125"
"252","0.390625","0.390625","0.390625","0.3203125","0.3203125","0.3203125","0.4375","0.4375","0.4375"
"253","0.265625","0.265625","0.265625","0.2265625","0.2265625","0.2265625","0.328125","0.328125","0.328125"
"254","0.3125","0.3125","0.3125","0.2578125","0.2578125","0.2578125","0.328125","0.328125","0.328125"
"255","0.3046875","0.3046875","0.3046875","0.2578125","0.2578125","0.2578125","0.3828125","0.3828125","0.3828125"
"256","0.3203125","0.3203125","0.3203125","0.2265625","0.2265625","0.2265625","0.3125","0.3125","0.3125"
"257","0.25","0.25","0.25","0.1796875","0.1796875","0.1796875","0.375","0.375","0.375"
"258","0.3125","0.3125","0.3125","0.203125","0.203125","0.203125","0.359375","0.359375","0.359375"
"259","0.3125","0.3125","0.3125","0.265625","0.265625","0.265625","0.359375","0.359375","0.359375"
"260","0.296875","0.296875","0.296875","0.21875","0.21875","0.21875","0.3125","0.3125","0.3125"
"261","0.234375","0.234375","0.234375","0.171875","0.171875","0.171875","0.28125","0.28125","0.28125"
"262","0.265625","0.265625","0.265625","0.15625","0.15625","0.15625","0.3125","0.3125","0.3125"
"263","0.2890625","0.2890625","0.2890625","0.1484375","0.1484375","0.1484375","0.34375","0.34375","0.34375"
"264","0.3515625","0.3515625","0.3515625","0.265625","0.265625","0.265625","0.3984375","0.3984375","0.3984375"
"265","0.25","0.25","0.25","0.1796875","0.1796875","0.1796875","0.2734375","0.2734375","0.2734375"
"266","0.3125","0.3125","0.3125","0.21875","0.21875","0.21875","0.3515625","0.3515625","0.3515625"
"267","0.265625","0.265625","0.265625","0.2265625","0.2265625","0.2265625","0.3359375","0.3359375","0.3359375"
"268","0.1875","0.1875","0.1875","0.15625","0.15625","0.15625","0.28125","0.28125","0.28125"
"269","0.34375","0.34375","0.34375","0.2578125","0.2578125","0.2578125","0.3515625","0.3515625","0.3515625"
"270","0.25","0.25","0.25","0.2265625","0.2265625","0.2265625","0.28125","0.28125","0.28125"
"271","0.3671875","0.3671875","0.3671875","0.3046875","0.3046875","0.3046875","0.3671875","0.3671875","0.3671875"
"272","0.234375","0.234375","0.234375","0.1640625","0.1640625","0.1640625","0.3046875","0.3046875","0.3046875"
"273","0.328125","0.328125","0.328125","0.2109375","0.2109375","0.2109375","0.3828125","0.3828125","0.3828125"
"274","0.34375","0.34375","0.34375","0.2578125","0.2578125","0.2578125","0.3828125","0.3828125","0.3828125"
"275","0.3125","0.3125","0.3125","0.2421875","0.2421875","0.2421875","0.4296875","0.4296875","0.4296875"
"276","0.296875","0.296875","0.296875","0.21875","0.21875","0.21875","0.296875","0.296875","0.296875"
"277","0.328125","0.328125","0.328125","0.1953125","0.1953125","0.1953125","0.390625","0.390625","0.390625"
"278","0.3046875","0.3046875","0.3046875","0.2265625","0.2265625","0.2265625","0.40625","0.40625","0.40625"
"279","0.2734375","0.2734375","0.2734375","0.171875","0.171875","0.171875","0.3359375","0.3359375","0.3359375"
"280","0.265625","0.265625","0.265625","0.15625","0.15625","0.15625","0.3125","0.3125","0.3125"
"281","0.28125","0.28125","0.28125","0.203125","0.203125","0.203125","0.3671875","0.3671875","0.3671875"
"282","0.34375","0.34375","0.34375","0.21875","0.21875","0.21875","0.359375","0.359375","0.359375"
"283","0.359375","0.359375","0.359375","0.2734375","0.2734375","0.2734375","0.359375","0.359375","0.359375"
"284","0.265625","0.265625","0.265625","0.15625","0.15625","0.15625","0.3125","0.3125","0.3125"
"285","0.3203125","0.3203125","0.3203125","0.21875","0.21875","0.21875","0.3515625","0.3515625","0.3515625"
"286","0.3359375","0.3359375","0.3359375","0.296875","0.296875","0.296875","0.3671875","0.3671875","0.3671875"
"287","0.296875","0.296875","0.296875","0.2265625","0.2265625","0.2265625","0.3359375","0.3359375","0.3359375"
"288","0.3671875","0.3671875","0.3671875","0.25","0.25","0.25","0.3671875","0.3671875","0.3671875"
"289","0.28125","0.28125","0.28125","0.1953125","0.1953125","0.1953125","0.296875","0.296875","0.296875"
"290","0.234375","0.234375","0.234375","0.1875","0.1875","0.1875","0.3046875","0.3046875","0.3046875"
"291","0.25","0.25","0.25","0.1953125","0.1953125","0.1953125","0.2734375","0.2734375","0.2734375"
"292","0.3046875","0.3046875","0.3046875","0.2578125","0.2578125","0.2578125","0.3984375","0.3984375","0.3984375"
"293","0.296875","0.296875","0.296875","0.234375","0.234375","0.234375","0.34375","0.34375","0.34375"
"294","0.265625","0.265625","0.265625","0.1875","0.1875","0.1875","0.3671875","0.3671875","0.3671875"
"295","0.2890625","0.2890625","0.2890625","0.171875","0.171875","0.171875","0.34375","0.34375","0.34375"
"296","0.265625","0.265625","0.265625","0.203125","0.203125","0.203125","0.3515625","0.3515625","0.3515625"
"297","0.234375","0.234375","0.234375","0.1484375","0.1484375","0.1484375","0.296875","0.296875","0.296875"
"298","0.34375","0.34375","0.34375","0.2578125","0.2578125","0.2578125","0.3515625","0.3515625","0.3515625"
"299","0.28125","0.28125","0.28125","0.1484375","0.1484375","0.1484375","0.3203125","0.3203125","0.3203125"
"300","0.3125","0.3125","0.3125","0.1953125","0.1953125","0.1953125","0.3125","0.3125","0.3125"
"301","0.359375","0.359375","0.359375","0.234375","0.234375","0.234375","0.3515625","0.3515625","0.3515625"
"302","0.375","0.375","0.375","0.25","0.25","0.25","0.4296875","0.4296875","0.4296875"
"303","0.3046875","0.3046875","0.3046875","0.234375","0.234375","0.234375","0.3515625","0.3515625","0.3515625"
"304","0.3359375","0.3359375","0.3359375","0.265625","0.265625","0.265625","0.4140625","0.4140625","0.4140625"
"305","0.3125","0.3125","0.3125","0.2109375","0.2109375","0.2109375","0.3515625","0.3515625","0.3515625"
"306","0.265625","0.265625","0.265625","0.171875","0.171875","0.171875","0.3515625","0.3515625","0.3515625"
"307","0.21875","0.21875","0.21875","0.1640625","0.1640625","0.1640625","0.2734375","0.2734375","0.2734375"
"308","0.359375","0.359375","0.359375","0.171875","0.171875","0.171875","0.375","0.375","0.375"
"309","0.3046875","0.3046875","0.3046875","0.21875","0.21875","0.21875","0.359375","0.359375","0.359375"
"310","0.28125","0.28125","0.28125","0.1875","0.1875","0.1875","0.328125","0.328125","0.328125"
"311","0.2734375","0.2734375","0.2734375","0.2265625","0.2265625","0.2265625","0.3671875","0.3671875","0.3671875"
"312","0.3125","0.3125","0.3125","0.2265625","0.2265625","0.2265625","0.3515625","0.3515625","0.3515625"
"313","0.3203125","0.3203125","0.3203125","0.1953125","0.1953125","0.1953125","0.3125","0.3125","0.3125"
"314","0.3515625","0.3515625","0.3515625","0.265625","0.265625","0.265625","0.4453125","0.4453125","0.4453125"
"315","0.2890625","0.2890625","0.2890625","0.21875","0.21875","0.21875","0.359375","0.359375","0.359375"
"316","0.3359375","0.3359375","0.3359375","0.1796875","0.1796875","0.1796875","0.3984375","0.3984375","0.3984375"
"317","0.25","0.25","0.25","0.140625","0.140625","0.140625","0.3359375","0.3359375","0.3359375"
"318","0.3125","0.3125","0.3125","0.1796875","0.1796875","0.1796875","0.3359375","0.3359375","0.3359375"
"319","0.3515625","0.3515625","0.3515625","0.2265625","0.2265625","0.2265625","0.3671875","0.3671875","0.3671875"
"320","0.3125","0.3125","0.3125","0.25","0.25","0.25","0.359375","0.359375","0.359375"
"321","0.3203125","0.3203125","0.3203125","0.1875","0.1875","0.1875","0.390625","0.390625","0.390625"
"322","0.375","0.375","0.375","0.265625","0.265625","0.265625","0.4453125","0.4453125","0.4453125"
"323","0.3671875","0.3671875","0.3671875","0.2109375","0.2109375","0.2109375","0.4140625","0.4140625","0.4140625"
"324","0.2890625","0.2890625","0.2890625","0.2109375","0.2109375","0.2109375","0.3359375","0.3359375","0.3359375"
"325","0.3359375","0.3359375","0.3359375","0.2421875","0.2421875","0.2421875","0.3671875","0.3671875","0.3671875"
"326","0.2578125","0.2578125","0.2578125","0.234375","0.234375","0.234375","0.34375","0.34375","0.34375"
"327","0.2890625","0.2890625","0.2890625","0.234375","0.234375","0.234375","0.3828125","0.3828125","0.3828125"
"328","0.3046875","0.3046875","0.3046875","0.2578125","0.2578125","0.2578125","0.3828125","0.3828125","0.3828125"
"329","0.296875","0.296875","0.296875","0.171875","0.171875","0.171875","0.3984375","0.3984375","0.3984375"
"330","0.2890625","0.2890625","0.2890625","0.21875","0.21875","0.21875","0.3359375","0.3359375","0.3359375"
"331","0.2734375","0.2734375","0.2734375","0.2265625","0.2265625","0.2265625","0.28125","0.28125","0.28125"
"332","0.359375","0.359375","0.359375","0.1953125","0.1953125","0.1953125","0.3671875","0.3671875","0.3671875"
"333","0.3359375","0.3359375","0.3359375","0.21875","0.21875","0.21875","0.390625","0.390625","0.390625"
"334","0.296875","0.296875","0.296875","0.2109375","0.2109375","0.2109375","0.34375","0.34375","0.34375"
"335","0.3046875","0.3046875","0.3046875","0.171875","0.171875","0.171875","0.328125","0.328125","0.328125"
"336","0.3359375","0.3359375","0.3359375","0.1875","0.1875","0.1875","0.375","0.375","0.375"
"337","0.359375","0.359375","0.359375","0.203125","0.203125","0.203125","0.3359375","0.3359375","0.3359375"
"338","0.3203125","0.3203125","0.3203125","0.203125","0.203125","0.203125","0.3828125","0.3828125","0.3828125"
"339","0.2421875","0.2421875","0.2421875","0.1875","0.1875","0.1875","0.3515625","0.3515625","0.3515625"
"340","0.3046875","0.3046875","0.3046875","0.1796875","0.1796875","0.1796875","0.328125","0.328125","0.328125"
"341","0.34375","0.34375","0.34375","0.2109375","0.2109375","0.2109375","0.4140625","0.4140625","0.4140625"
"342","0.2734375","0.2734375","0.2734375","0.1796875","0.1796875","0.1796875","0.3203125","0.3203125","0.3203125"
"343","0.3203125","0.3203125","0.3203125","0.1640625","0.1640625","0.1640625","0.390625","0.390625","0.390625"
"344","0.3671875","0.3671875","0.3671875","0.25","0.25","0.25","0.3828125","0.3828125","0.3828125"
"345","0.2734375","0.2734375","0.2734375","0.1640625","0.1640625","0.1640625","0.3359375","0.3359375","0.3359375"
"346","0.359375","0.359375","0.359375","0.2890625","0.2890625","0.2890625","0.4921875","0.4921875","0.4921875"
"347","0.3359375","0.3359375","0.3359375","0.2421875","0.2421875","0.2421875","0.3984375","0.3984375","0.3984375"
"348","0.2421875","0.2421875","0.2421875","0.1953125","0.1953125","0.1953125","0.3046875","0.3046875","0.3046875"
"349","0.3515625","0.3515625","0.3515625","0.25","0.25","0.25","0.390625","0.390625","0.390625"
"350","0.265625","0.265625","0.265625","0.1875","0.1875","0.1875","0.3359375","0.3359375","0.3359375"
"351","0.28125","0.28125","0.28125","0.1796875","0.1796875","0.1796875","0.296875","0.296875","0.296875"
"352","0.1953125","0.1953125","0.1953125","0.140625","0.140625","0.140625","0.2265625","0.2265625","0.2265625"
"353","0.34375","0.34375","0.34375","0.25","0.25","0.25","0.3828125","0.3828125","0.3828125"
"354","0.25","0.25","0.25","0.125","0.125","0.125","0.25","0.25","0.25"
"355","0.3046875","0.3046875","0.3046875","0.1640625","0.1640625","0.1640625","0.3359375","0.3359375","0.3359375"
"356","0.2734375","0.2734375","0.2734375","0.1796875","0.1796875","0.1796875","0.2578125","0.2578125","0.2578125"
"357","0.3046875","0.3046875","0.3046875","0.1875","0.1875","0.1875","0.3125","0.3125","0.3125"
"358","0.3046875","0.3046875","0.3046875","0.15625","0.15625","0.15625","0.3671875","0.3671875","0.3671875"
"359","0.375","0.375","0.375","0.2265625","0.2265625","0.2265625","0.4140625","0.4140625","0.4140625"
"360","0.2421875","0.2421875","0.2421875","0.1328125","0.1328125","0.1328125","0.2890625","0.2890625","0.2890625"
"361","0.2890625","0.2890625","0.2890625","0.203125","0.203125","0.203125","0.359375","0.359375","0.359375"
"362","0.3125","0.3125","0.3125","0.203125","0.203125","0.203125","0.328125","0.328125","0.328125"
"363","0.265625","0.265625","0.265625","0.1875","0.1875","0.1875","0.34375","0.34375","0.34375"
"364","0.3203125","0.3203125","0.3203125","0.15625","0.15625","0.15625","0.375","0.375","0.375"
"365","0.2578125","0.2578125","0.2578125","0.15625","0.15625","0.15625","0.3515625","0.3515625","0.3515625"
"366","0.34375","0.34375","0.34375","0.1875","0.1875","0.1875","0.4140625","0.4140625","0.4140625"
"367","0.28125","0.28125","0.28125","0.140625","0.140625","0.140625","0.3125","0.3125","0.3125"
"368","0.28125","0.28125","0.28125","0.1796875","0.1796875","0.1796875","0.34375","0.34375","0.34375"
"369","0.28125","0.28125","0.28125","0.21875","0.21875","0.21875","0.3671875","0.3671875","0.3671875"
"370","0.2734375","0.2734375","0.2734375","0.1484375","0.1484375","0.1484375","0.328125","0.328125","0.328125"
"371","0.328125","0.328125","0.328125","0.1796875","0.1796875","0.1796875","0.34375","0.34375","0.34375"
"372","0.3046875","0.3046875","0.3046875","0.171875","0.171875","0.171875","0.3671875","0.3671875","0.3671875"
"373","0.3203125","0.3203125","0.3203125","0.2265625","0.2265625","0.2265625","0.359375","0.359375","0.359375"
"374","0.3671875","0.3671875","0.3671875","0.28125","0.28125","0.28125","0.40625","0.40625","0.40625"
"375","0.2421875","0.2421875","0.2421875","0.1796875","0.1796875","0.1796875","0.34375","0.34375","0.34375"
"376","0.28125","0.28125","0.28125","0.140625","0.140625","0.140625","0.3046875","0.3046875","0.3046875"
"377","0.28125","0.28125","0.28125","0.1875","0.1875","0.1875","0.3203125","0.3203125","0.3203125"
"378","0.28125","0.28125","0.28125","0.1875","0.1875","0.1875","0.3359375","0.3359375","0.3359375"
"379","0.3125","0.3125","0.3125","0.1953125","0.1953125","0.1953125","0.390625","0.390625","0.390625"
"380","0.2734375","0.2734375","0.2734375","0.1484375","0.1484375","0.1484375","0.3359375","0.3359375","0.3359375"
"381","0.40625","0.40625","0.40625","0.21875","0.21875","0.21875","0.390625","0.390625","0.390625"
"382","0.2578125","0.2578125","0.2578125","0.1640625","0.1640625","0.1640625","0.3515625","0.3515625","0.3515625"
"383","0.2890625","0.2890625","0.2890625","0.1953125","0.1953125","0.1953125","0.359375","0.359375","0.359375"
"384","0.3046875","0.3046875","0.3046875","0.1875","0.1875","0.1875","0.375","0.375","0.375"
"385","0.2265625","0.2265625","0.2265625","0.1640625","0.1640625","0.1640625","0.2890625","0.2890625","0.2890625"
"386","0.296875","0.296875","0.296875","0.234375","0.234375","0.234375","0.359375","0.359375","0.359375"
"387","0.2734375","0.2734375","0.2734375","0.203125","0.203125","0.203125","0.3671875","0.3671875","0.3671875"
"388","0.4296875","0.4296875","0.4296875","0.3359375","0.3359375","0.3359375","0.4765625","0.4765625","0.4765625"
"389","0.265625","0.265625","0.265625","0.21875","0.21875","0.21875","0.3125","0.3125","0.3125"
"390","0.3359375","0.3359375","0.3359375","0.234375","0.234375","0.234375","0.390625","0.390625","0.390625"
"391","0.3359375","0.3359375","0.3359375","0.234375","0.234375","0.234375","0.359375","0.359375","0.359375"
"392","0.2578125","0.2578125","0.2578125","0.1796875","0.1796875","0.1796875","0.359375","0.359375","0.359375"
"393","0.3359375","0.3359375","0.3359375","0.25","0.25","0.25","0.3515625","0.3515625","0.3515625"
"394","0.3046875","0.3046875","0.3046875","0.125","0.125","0.125","0.34375","0.34375","0.34375"
"395","0.3046875","0.3046875","0.3046875","0.203125","0.203125","0.203125","0.421875","0.421875","0.421875"
"396","0.390625","0.390625","0.390625","0.2109375","0.2109375","0.2109375","0.4140625","0.4140625","0.4140625"
"397","0.296875","0.296875","0.296875","0.1953125","0.1953125","0.1953125","0.375","0.375","0.375"
"398","0.234375","0.234375","0.234375","0.1484375","0.1484375","0.1484375","0.328125","0.328125","0.328125"
"399","0.234375","0.234375","0.234375","0.171875","0.171875","0.171875","0.2890625","0.2890625","0.2890625"
"400","0.296875","0.296875","0.296875","0.171875","0.171875","0.171875","0.3515625","0.3515625","0.3515625"
"401","0.2421875","0.2421875","0.2421875","0.203125","0.203125","0.203125","0.3203125","0.3203125","0.3203125"
"402","0.34375","0.34375","0.34375","0.1953125","0.1953125","0.1953125","0.3359375","0.3359375","0.3359375"
"403","0.296875","0.296875","0.296875","0.1484375","0.1484375","0.1484375","0.390625","0.390625","0.390625"
"404","0.2890625","0.2890625","0.2890625","0.2265625","0.2265625","0.2265625","0.453125","0.453125","0.453125"
"405","0.28125","0.28125","0.28125","0.171875","0.171875","0.171875","0.296875","0.296875","0.296875"
"406","0.2734375","0.2734375","0.2734375","0.171875","0.171875","0.171875","0.328125","0.328125","0.328125"
"407","0.3203125","0.3203125","0.3203125","0.1953125","0.1953125","0.1953125","0.390625","0.390625","0.390625"
"408","0.2890625","0.2890625","0.2890625","0.1875","0.1875","0.1875","0.375","0.375","0.375"
"409","0.34375","0.34375","0.34375","0.171875","0.171875","0.171875","0.421875","0.421875","0.421875"
"410","0.25","0.25","0.25","0.1328125","0.1328125","0.1328125","0.2734375","0.2734375","0.2734375"
"411","0.3359375","0.3359375","0.3359375","0.2109375","0.2109375","0.2109375","0.4140625","0.4140625","0.4140625"
"412","0.3359375","0.3359375","0.3359375","0.28125","0.28125","0.28125","0.3359375","0.3359375","0.3359375"
"413","0.296875","0.296875","0.296875","0.171875","0.171875","0.171875","0.375","0.375","0.375"
"414","0.359375","0.359375","0.359375","0.1796875","0.1796875","0.1796875","0.390625","0.390625","0.390625"
"415","0.265625","0.265625","0.265625","0.171875","0.171875","0.171875","0.34375","0.34375","0.34375"
"416","0.3125","0.3125","0.3125","0.2265625","0.2265625","0.2265625","0.328125","0.328125","0.328125"
"417","0.3046875","0.3046875","0.3046875","0.1953125","0.1953125","0.1953125","0.421875","0.421875","0.421875"
"418","0.265625","0.265625","0.265625","0.1640625","0.1640625","0.1640625","0.265625","0.265625","0.265625"
"419","0.3671875","0.3671875","0.3671875","0.25","0.25","0.25","0.3671875","0.3671875","0.3671875"
"420","0.28125","0.28125","0.28125","0.21875","0.21875","0.21875","0.3671875","0.3671875","0.3671875"
"421","0.265625","0.265625","0.265625","0.1484375","0.1484375","0.1484375","0.34375","0.34375","0.34375"
"422","0.328125","0.328125","0.328125","0.1875","0.1875","0.1875","0.375","0.375","0.375"
"423","0.3046875","0.3046875","0.3046875","0.1796875","0.1796875","0.1796875","0.34375","0.34375","0.34375"
"424","0.3046875","0.3046875","0.3046875","0.1953125","0.1953125","0.1953125","0.3359375","0.3359375","0.3359375"
"425","0.2734375","0.2734375","0.2734375","0.1953125","0.1953125","0.1953125","0.3359375","0.3359375","0.3359375"
"426","0.3671875","0.3671875","0.3671875","0.203125","0.203125","0.203125","0.390625","0.390625","0.390625"
"427","0.2421875","0.2421875","0.2421875","0.171875","0.171875","0.171875","0.328125","0.328125","0.328125"
"428","0.296875","0.296875","0.296875","0.140625","0.140625","0.140625","0.328125","0.328125","0.328125"
"429","0.265625","0.265625","0.265625","0.140625","0.140625","0.140625","0.3671875","0.3671875","0.3671875"
"430","0.296875","0.296875","0.296875","0.21875","0.21875","0.21875","0.3671875","0.3671875","0.3671875"
"431","0.3046875","0.3046875","0.3046875","0.203125","0.203125","0.203125","0.3828125","0.3828125","0.3828125"
"432","0.3203125","0.3203125","0.3203125","0.1953125","0.1953125","0.1953125","0.3828125","0.3828125","0.3828125"
"433","0.3671875","0.3671875","0.3671875","0.2265625","0.2265625","0.2265625","0.375","0.375","0.375"
"434","0.3203125","0.3203125","0.3203125","0.2109375","0.2109375","0.2109375","0.3671875","0.3671875","0.3671875"
"435","0.2578125","0.2578125","0.2578125","0.1328125","0.1328125","0.1328125","0.296875","0.296875","0.296875"
"436","0.2890625","0.2890625","0.2890625","0.1796875","0.1796875","0.1796875","0.296875","0.296875","0.296875"
"437","0.3515625","0.3515625","0.3515625","0.1875","0.1875","0.1875","0.3828125","0.3828125","0.3828125"
"438","0.3046875","0.3046875","0.3046875","0.1484375","0.1484375","0.1484375","0.3203125","0.3203125","0.3203125"
"439","0.3359375","0.3359375","0.3359375","0.15625","0.15625","0.15625","0.3984375","0.3984375","0.3984375"
"440","0.3203125","0.3203125","0.3203125","0.203125","0.203125","0.203125","0.3671875","0.3671875","0.3671875"
"441","0.3515625","0.3515625","0.3515625","0.1875","0.1875","0.1875","0.3671875","0.3671875","0.3671875"
"442","0.3125","0.3125","0.3125","0.21875","0.21875","0.21875","0.375","0.375","0.375"
"443","0.3046875","0.3046875","0.3046875","0.1875","0.1875","0.1875","0.3671875","0.3671875","0.3671875"
"444","0.3515625","0.3515625","0.3515625","0.25","0.25","0.25","0.40625","0.40625","0.40625"
"445","0.3359375","0.3359375","0.3359375","0.1953125","0.1953125","0.1953125","0.34375","0.34375","0.34375"
"446","0.359375","0.359375","0.359375","0.1953125","0.1953125","0.1953125","0.4375","0.4375","0.4375"
"447","0.265625","0.265625","0.265625","0.1640625","0.1640625","0.1640625","0.3125","0.3125","0.3125"
"448","0.3046875","0.3046875","0.3046875","0.234375","0.234375","0.234375","0.3125","0.3125","0.3125"
"449","0.3359375","0.3359375","0.3359375","0.2109375","0.2109375","0.2109375","0.3828125","0.3828125","0.3828125"
"450","0.2265625","0.2265625","0.2265625","0.078125","0.078125","0.078125","0.265625","0.265625","0.265625"
"451","0.3046875","0.3046875","0.3046875","0.1796875","0.1796875","0.1796875","0.328125","0.328125","0.328125"
"452","0.2578125","0.2578125","0.2578125","0.1015625","0.1015625","0.1015625","0.296875","0.296875","0.296875"
"453","0.359375","0.359375","0.359375","0.1484375","0.1484375","0.1484375","0.3984375","0.3984375","0.3984375"
"454","0.2734375","0.2734375","0.2734375","0.1484375","0.1484375","0.1484375","0.375","0.375","0.375"
"455","0.28125","0.28125","0.28125","0.1796875","0.1796875","0.1796875","0.3046875","0.3046875","0.3046875"
"456","0.328125","0.328125","0.328125","0.234375","0.234375","0.234375","0.375","0.375","0.375"
"457","0.3125","0.3125","0.3125","0.203125","0.203125","0.203125","0.359375","0.359375","0.359375"
"458","0.3046875","0.3046875","0.3046875","0.234375","0.234375","0.234375","0.359375","0.359375","0.359375"
"459","0.234375","0.234375","0.234375","0.1640625","0.1640625","0.1640625","0.3203125","0.3203125","0.3203125"
"460","0.3046875","0.3046875","0.3046875","0.1875","0.1875","0.1875","0.375","0.375","0.375"
"461","0.2734375","0.2734375","0.2734375","0.1796875","0.1796875","0.1796875","0.3125","0.3125","0.3125"
"462","0.265625","0.265625","0.265625","0.15625","0.15625","0.15625","0.265625","0.265625","0.265625"
"463","0.328125","0.328125","0.328125","0.21875","0.21875","0.21875","0.34375","0.34375","0.34375"
"464","0.3046875","0.3046875","0.3046875","0.1640625","0.1640625","0.1640625","0.3359375","0.3359375","0.3359375"
"465","0.2890625","0.2890625","0.2890625","0.1875","0.1875","0.1875","0.3984375","0.3984375","0.3984375"
"466","0.3203125","0.3203125","0.3203125","0.21875","0.21875","0.21875","0.3359375","0.3359375","0.3359375"
"467","0.328125","0.328125","0.328125","0.203125","0.203125","0.203125","0.3671875","0.3671875","0.3671875"
"468","0.2890625","0.2890625","0.2890625","0.1875","0.1875","0.1875","0.328125","0.328125","0.328125"
"469","0.296875","0.296875","0.296875","0.15625","0.15625","0.15625","0.359375","0.359375","0.359375"
"470","0.2890625","0.2890625","0.2890625","0.1875","0.1875","0.1875","0.359375","0.359375","0.359375"
"471","0.328125","0.328125","0.328125","0.1796875","0.1796875","0.1796875","0.3515625","0.3515625","0.3515625"
"472","0.3359375","0.3359375","0.3359375","0.2109375","0.2109375","0.2109375","0.34375","0.34375","0.34375"
"473","0.1796875","0.1796875","0.1796875","0.1015625","0.1015625","0.1015625","0.2109375","0.2109375","0.2109375"
"474","0.3046875","0.3046875","0.3046875","0.1640625","0.1640625","0.1640625","0.3515625","0.3515625","0.3515625"
"475","0.2734375","0.2734375","0.2734375","0.140625","0.140625","0.140625","0.3125","0.3125","0.3125"
"476","0.21875","0.21875","0.21875","0.140625","0.140625","0.140625","0.265625","0.265625","0.265625"
"477","0.3359375","0.3359375","0.3359375","0.1796875","0.1796875","0.1796875","0.390625","0.390625","0.390625"
"478","0.2578125","0.2578125","0.2578125","0.1328125","0.1328125","0.1328125","0.3046875","0.3046875","0.3046875"
"479","0.34375","0.34375","0.34375","0.1953125","0.1953125","0.1953125","0.359375","0.359375","0.359375"
"480","0.3046875","0.3046875","0.3046875","0.1796875","0.1796875","0.1796875","0.34375","0.34375","0.34375"
"481","0.328125","0.328125","0.328125","0.1640625","0.1640625","0.1640625","0.359375","0.359375","0.359375"
"482","0.265625","0.265625","0.265625","0.171875","0.171875","0.171875","0.3125","0.3125","0.3125"
"483","0.296875","0.296875","0.296875","0.171875","0.171875","0.171875","0.34375","0.34375","0.34375"
"484","0.3125","0.3125","0.3125","0.140625","0.140625","0.140625","0.328125","0.328125","0.328125"
"485","0.3359375","0.3359375","0.3359375","0.203125","0.203125","0.203125","0.390625","0.390625","0.390625"
"486","0.2890625","0.2890625","0.2890625","0.1953125","0.1953125","0.1953125","0.2578125","0.2578125","0.2578125"
"487","0.3515625","0.3515625","0.3515625","0.2109375","0.2109375","0.2109375","0.3984375","0.3984375","0.3984375"
"488","0.28125","0.28125","0.28125","0.1875","0.1875","0.1875","0.3359375","0.3359375","0.3359375"
"489","0.296875","0.296875","0.296875","0.171875","0.171875","0.171875","0.3203125","0.3203125","0.3203125"
"490","0.328125","0.328125","0.328125","0.1640625","0.1640625","0.1640625","0.40625","0.40625","0.40625"
"491","0.265625","0.265625","0.265625","0.15625","0.15625","0.15625","0.3125","0.3125","0.3125"
"492","0.328125","0.328125","0.328125","0.1953125","0.1953125","0.1953125","0.3828125","0.3828125","0.3828125"
"493","0.3359375","0.3359375","0.3359375","0.21875","0.21875","0.21875","0.3671875","0.3671875","0.3671875"
"494","0.359375","0.359375","0.359375","0.1953125","0.1953125","0.1953125","0.3515625","0.3515625","0.3515625"
"495","0.359375","0.359375","0.359375","0.1640625","0.1640625","0.1640625","0.359375","0.359375","0.359375"
"496","0.265625","0.265625","0.265625","0.1015625","0.1015625","0.1015625","0.328125","0.328125","0.328125"
"497","0.296875","0.296875","0.296875","0.1640625","0.1640625","0.1640625","0.296875","0.296875","0.296875"
"498","0.3046875","0.3046875","0.3046875","0.1484375","0.1484375","0.1484375","0.3515625","0.3515625","0.3515625"
"499","0.3359375","0.3359375","0.3359375","0.1953125","0.1953125","0.1953125","","",""