"Step","minerva_grpo_llama_3_1_8b_instruct_rollout12 - actor/entropy","minerva_grpo_llama_3_1_8b_instruct_rollout12 - actor/entropy__MIN","minerva_grpo_llama_3_1_8b_instruct_rollout12 - actor/entropy__MAX","minerva_noctua_llama_3_1_8b_instruct_lr0.05_flush_bs256_mlh_t0.7_p0.9_defer_ema - actor/entropy","minerva_noctua_llama_3_1_8b_instruct_lr0.05_flush_bs256_mlh_t0.7_p0.9_defer_ema - actor/entropy__MIN","minerva_noctua_llama_3_1_8b_instruct_lr0.05_flush_bs256_mlh_t0.7_p0.9_defer_ema - actor/entropy__MAX","minerva_grpo_llama_3_1_8b_instruct - actor/entropy","minerva_grpo_llama_3_1_8b_instruct - actor/entropy__MIN","minerva_grpo_llama_3_1_8b_instruct - actor/entropy__MAX"
"1","3.958595037460327","3.958595037460327","3.958595037460327","3.891597032546997","3.891597032546997","3.891597032546997","3.9109766483306885","3.9109766483306885","3.9109766483306885"
"2","3.9510068893432617","3.9510068893432617","3.9510068893432617","4.122910976409912","4.122910976409912","4.122910976409912","3.889308452606201","3.889308452606201","3.889308452606201"
"3","3.8611080646514893","3.8611080646514893","3.8611080646514893","3.8963849544525146","3.8963849544525146","3.8963849544525146","3.414405584335327","3.414405584335327","3.414405584335327"
"4","3.3674986362457275","3.3674986362457275","3.3674986362457275","3.8231735229492188","3.8231735229492188","3.8231735229492188","3.2295045852661133","3.2295045852661133","3.2295045852661133"
"5","3.1481103897094727","3.1481103897094727","3.1481103897094727","3.4776246547698975","3.4776246547698975","3.4776246547698975","2.757136106491089","2.757136106491089","2.757136106491089"
"6","2.377088785171509","2.377088785171509","2.377088785171509","2.500272035598755","2.500272035598755","2.500272035598755","2.2226998805999756","2.2226998805999756","2.2226998805999756"
"7","2.4216151237487793","2.4216151237487793","2.4216151237487793","2.481894016265869","2.481894016265869","2.481894016265869","2.048715353012085","2.048715353012085","2.048715353012085"
"8","2.18752384185791","2.18752384185791","2.18752384185791","2.063075065612793","2.063075065612793","2.063075065612793","2.0637636184692383","2.0637636184692383","2.0637636184692383"
"9","1.7933567762374878","1.7933567762374878","1.7933567762374878","1.869375228881836","1.869375228881836","1.869375228881836","1.687036156654358","1.687036156654358","1.687036156654358"
"10","1.5071282386779785","1.5071282386779785","1.5071282386779785","1.6417491436004639","1.6417491436004639","1.6417491436004639","1.1398553848266602","1.1398553848266602","1.1398553848266602"
"11","1.227757453918457","1.227757453918457","1.227757453918457","1.4522510766983032","1.4522510766983032","1.4522510766983032","1.2143466472625732","1.2143466472625732","1.2143466472625732"
"12","1.200732946395874","1.200732946395874","1.200732946395874","1.4920463562011719","1.4920463562011719","1.4920463562011719","0.9706792235374451","0.9706792235374451","0.9706792235374451"
"13","0.9053548574447632","0.9053548574447632","0.9053548574447632","1.6946725845336914","1.6946725845336914","1.6946725845336914","0.941533625125885","0.941533625125885","0.941533625125885"
"14","0.8622540831565857","0.8622540831565857","0.8622540831565857","1.3245255947113037","1.3245255947113037","1.3245255947113037","0.9016273021697998","0.9016273021697998","0.9016273021697998"
"15","0.8462646007537842","0.8462646007537842","0.8462646007537842","1.0627728700637817","1.0627728700637817","1.0627728700637817","0.8538593053817749","0.8538593053817749","0.8538593053817749"
"16","0.7450183033943176","0.7450183033943176","0.7450183033943176","1.103629469871521","1.103629469871521","1.103629469871521","0.7293620109558105","0.7293620109558105","0.7293620109558105"
"17","0.7099811434745789","0.7099811434745789","0.7099811434745789","1.1109464168548584","1.1109464168548584","1.1109464168548584","0.7371390461921692","0.7371390461921692","0.7371390461921692"
"18","0.6365838050842285","0.6365838050842285","0.6365838050842285","1.0474570989608765","1.0474570989608765","1.0474570989608765","0.7427035570144653","0.7427035570144653","0.7427035570144653"
"19","0.6515859961509705","0.6515859961509705","0.6515859961509705","1.0148417949676514","1.0148417949676514","1.0148417949676514","0.6961382031440735","0.6961382031440735","0.6961382031440735"
"20","0.6042465567588806","0.6042465567588806","0.6042465567588806","1.1832525730133057","1.1832525730133057","1.1832525730133057","0.7434438467025757","0.7434438467025757","0.7434438467025757"
"21","0.5462086796760559","0.5462086796760559","0.5462086796760559","0.9754722714424133","0.9754722714424133","0.9754722714424133","0.6486399173736572","0.6486399173736572","0.6486399173736572"
"22","0.5365906357765198","0.5365906357765198","0.5365906357765198","1.0834909677505493","1.0834909677505493","1.0834909677505493","0.6066624522209167","0.6066624522209167","0.6066624522209167"
"23","0.5180918574333191","0.5180918574333191","0.5180918574333191","1.0278294086456299","1.0278294086456299","1.0278294086456299","0.5983269810676575","0.5983269810676575","0.5983269810676575"
"24","0.521274745464325","0.521274745464325","0.521274745464325","1.0696674585342407","1.0696674585342407","1.0696674585342407","0.5504277348518372","0.5504277348518372","0.5504277348518372"
"25","0.517082929611206","0.517082929611206","0.517082929611206","1.1162680387496948","1.1162680387496948","1.1162680387496948","0.5227931141853333","0.5227931141853333","0.5227931141853333"
"26","0.4890891909599304","0.4890891909599304","0.4890891909599304","0.9591308236122131","0.9591308236122131","0.9591308236122131","0.47871994972229004","0.47871994972229004","0.47871994972229004"
"27","0.46937447786331177","0.46937447786331177","0.46937447786331177","0.9582399725914001","0.9582399725914001","0.9582399725914001","0.47928571701049805","0.47928571701049805","0.47928571701049805"
"28","0.470812052488327","0.470812052488327","0.470812052488327","0.9622210264205933","0.9622210264205933","0.9622210264205933","0.48752331733703613","0.48752331733703613","0.48752331733703613"
"29","0.46502843499183655","0.46502843499183655","0.46502843499183655","1.0929239988327026","1.0929239988327026","1.0929239988327026","0.45648878812789917","0.45648878812789917","0.45648878812789917"
"30","0.4586643576622009","0.4586643576622009","0.4586643576622009","1.0293400287628174","1.0293400287628174","1.0293400287628174","0.4673345685005188","0.4673345685005188","0.4673345685005188"
"31","0.42984187602996826","0.42984187602996826","0.42984187602996826","1.0244685411453247","1.0244685411453247","1.0244685411453247","0.45904532074928284","0.45904532074928284","0.45904532074928284"
"32","0.4206734001636505","0.4206734001636505","0.4206734001636505","1.3080823421478271","1.3080823421478271","1.3080823421478271","0.46457386016845703","0.46457386016845703","0.46457386016845703"
"33","0.40749162435531616","0.40749162435531616","0.40749162435531616","1.1556510925292969","1.1556510925292969","1.1556510925292969","0.4438873529434204","0.4438873529434204","0.4438873529434204"
"34","0.3912994861602783","0.3912994861602783","0.3912994861602783","1.176662802696228","1.176662802696228","1.176662802696228","0.5065876841545105","0.5065876841545105","0.5065876841545105"
"35","0.37710025906562805","0.37710025906562805","0.37710025906562805","1.1692719459533691","1.1692719459533691","1.1692719459533691","0.48591333627700806","0.48591333627700806","0.48591333627700806"
"36","0.3748248517513275","0.3748248517513275","0.3748248517513275","1.0102009773254395","1.0102009773254395","1.0102009773254395","0.4793064296245575","0.4793064296245575","0.4793064296245575"
"37","0.35836026072502136","0.35836026072502136","0.35836026072502136","1.0751922130584717","1.0751922130584717","1.0751922130584717","0.48629313707351685","0.48629313707351685","0.48629313707351685"
"38","0.34663477540016174","0.34663477540016174","0.34663477540016174","0.9523998498916626","0.9523998498916626","0.9523998498916626","0.4748380780220032","0.4748380780220032","0.4748380780220032"
"39","0.3478507399559021","0.3478507399559021","0.3478507399559021","0.9013720750808716","0.9013720750808716","0.9013720750808716","0.4814595580101013","0.4814595580101013","0.4814595580101013"
"40","0.34949007630348206","0.34949007630348206","0.34949007630348206","0.8820676207542419","0.8820676207542419","0.8820676207542419","0.47958698868751526","0.47958698868751526","0.47958698868751526"
"41","0.33042117953300476","0.33042117953300476","0.33042117953300476","0.8745888471603394","0.8745888471603394","0.8745888471603394","0.49280062317848206","0.49280062317848206","0.49280062317848206"
"42","0.3102932572364807","0.3102932572364807","0.3102932572364807","0.8877583146095276","0.8877583146095276","0.8877583146095276","0.49698537588119507","0.49698537588119507","0.49698537588119507"
"43","0.32041245698928833","0.32041245698928833","0.32041245698928833","0.8697975873947144","0.8697975873947144","0.8697975873947144","0.497719943523407","0.497719943523407","0.497719943523407"
"44","0.29957816004753113","0.29957816004753113","0.29957816004753113","0.8698069453239441","0.8698069453239441","0.8698069453239441","0.5064717531204224","0.5064717531204224","0.5064717531204224"
"45","0.3042285144329071","0.3042285144329071","0.3042285144329071","0.9428050518035889","0.9428050518035889","0.9428050518035889","0.4981141686439514","0.4981141686439514","0.4981141686439514"
"46","0.2951756417751312","0.2951756417751312","0.2951756417751312","0.7962241172790527","0.7962241172790527","0.7962241172790527","0.5188131928443909","0.5188131928443909","0.5188131928443909"
"47","0.2978925108909607","0.2978925108909607","0.2978925108909607","0.7854312062263489","0.7854312062263489","0.7854312062263489","0.5529203414916992","0.5529203414916992","0.5529203414916992"
"48","0.2882036566734314","0.2882036566734314","0.2882036566734314","0.7762293815612793","0.7762293815612793","0.7762293815612793","0.5196974873542786","0.5196974873542786","0.5196974873542786"
"49","0.28738412261009216","0.28738412261009216","0.28738412261009216","0.9327285885810852","0.9327285885810852","0.9327285885810852","0.5020647048950195","0.5020647048950195","0.5020647048950195"
"50","0.29353490471839905","0.29353490471839905","0.29353490471839905","0.8567285537719727","0.8567285537719727","0.8567285537719727","0.5193623900413513","0.5193623900413513","0.5193623900413513"
"51","0.2821248769760132","0.2821248769760132","0.2821248769760132","0.8491348624229431","0.8491348624229431","0.8491348624229431","0.5476672053337097","0.5476672053337097","0.5476672053337097"
"52","0.28410688042640686","0.28410688042640686","0.28410688042640686","0.8243837952613831","0.8243837952613831","0.8243837952613831","0.5715152621269226","0.5715152621269226","0.5715152621269226"
"53","0.29518839716911316","0.29518839716911316","0.29518839716911316","0.9246395826339722","0.9246395826339722","0.9246395826339722","0.5663233399391174","0.5663233399391174","0.5663233399391174"
"54","0.29996535181999207","0.29996535181999207","0.29996535181999207","0.8857836723327637","0.8857836723327637","0.8857836723327637","0.5998531579971313","0.5998531579971313","0.5998531579971313"
"55","0.29175853729248047","0.29175853729248047","0.29175853729248047","0.958063542842865","0.958063542842865","0.958063542842865","0.5977804064750671","0.5977804064750671","0.5977804064750671"
"56","0.29437193274497986","0.29437193274497986","0.29437193274497986","0.9883522987365723","0.9883522987365723","0.9883522987365723","0.549177885055542","0.549177885055542","0.549177885055542"
"57","0.3022674322128296","0.3022674322128296","0.3022674322128296","1.0214341878890991","1.0214341878890991","1.0214341878890991","0.6111757159233093","0.6111757159233093","0.6111757159233093"
"58","0.29796382784843445","0.29796382784843445","0.29796382784843445","1.100694179534912","1.100694179534912","1.100694179534912","0.5575832724571228","0.5575832724571228","0.5575832724571228"
"59","0.30233457684516907","0.30233457684516907","0.30233457684516907","1.0102406740188599","1.0102406740188599","1.0102406740188599","0.5565824508666992","0.5565824508666992","0.5565824508666992"
"60","0.2887904644012451","0.2887904644012451","0.2887904644012451","1.029790997505188","1.029790997505188","1.029790997505188","0.594401478767395","0.594401478767395","0.594401478767395"
"61","0.28143489360809326","0.28143489360809326","0.28143489360809326","0.9322808980941772","0.9322808980941772","0.9322808980941772","0.5465187430381775","0.5465187430381775","0.5465187430381775"
"62","0.29321327805519104","0.29321327805519104","0.29321327805519104","0.9982724189758301","0.9982724189758301","0.9982724189758301","0.5864993929862976","0.5864993929862976","0.5864993929862976"
"63","0.28988349437713623","0.28988349437713623","0.28988349437713623","1.009903073310852","1.009903073310852","1.009903073310852","0.5283661484718323","0.5283661484718323","0.5283661484718323"
"64","0.2872438132762909","0.2872438132762909","0.2872438132762909","0.9641244411468506","0.9641244411468506","0.9641244411468506","0.5499945282936096","0.5499945282936096","0.5499945282936096"
"65","0.2971316874027252","0.2971316874027252","0.2971316874027252","0.9262328147888184","0.9262328147888184","0.9262328147888184","0.5565744042396545","0.5565744042396545","0.5565744042396545"
"66","0.2923469841480255","0.2923469841480255","0.2923469841480255","1.0161818265914917","1.0161818265914917","1.0161818265914917","0.5253574252128601","0.5253574252128601","0.5253574252128601"
"67","0.29294583201408386","0.29294583201408386","0.29294583201408386","1.2417628765106201","1.2417628765106201","1.2417628765106201","0.5471576452255249","0.5471576452255249","0.5471576452255249"
"68","0.3017854690551758","0.3017854690551758","0.3017854690551758","1.0787705183029175","1.0787705183029175","1.0787705183029175","0.5098714828491211","0.5098714828491211","0.5098714828491211"
"69","0.3031570017337799","0.3031570017337799","0.3031570017337799","0.9428262114524841","0.9428262114524841","0.9428262114524841","0.4938369393348694","0.4938369393348694","0.4938369393348694"
"70","0.31283947825431824","0.31283947825431824","0.31283947825431824","1.039538025856018","1.039538025856018","1.039538025856018","0.5043811202049255","0.5043811202049255","0.5043811202049255"
"71","0.31053006649017334","0.31053006649017334","0.31053006649017334","1.0787599086761475","1.0787599086761475","1.0787599086761475","0.549243688583374","0.549243688583374","0.549243688583374"
"72","0.30314576625823975","0.30314576625823975","0.30314576625823975","1.0099433660507202","1.0099433660507202","1.0099433660507202","0.5689840912818909","0.5689840912818909","0.5689840912818909"
"73","0.3193274736404419","0.3193274736404419","0.3193274736404419","0.9416869282722473","0.9416869282722473","0.9416869282722473","0.5126838088035583","0.5126838088035583","0.5126838088035583"
"74","0.32520657777786255","0.32520657777786255","0.32520657777786255","0.9141756892204285","0.9141756892204285","0.9141756892204285","0.5351775884628296","0.5351775884628296","0.5351775884628296"
"75","0.3214506208896637","0.3214506208896637","0.3214506208896637","0.9070624113082886","0.9070624113082886","0.9070624113082886","0.583145260810852","0.583145260810852","0.583145260810852"
"76","0.3242902159690857","0.3242902159690857","0.3242902159690857","0.9201464056968689","0.9201464056968689","0.9201464056968689","0.5173372626304626","0.5173372626304626","0.5173372626304626"
"77","0.3340429961681366","0.3340429961681366","0.3340429961681366","0.8861467242240906","0.8861467242240906","0.8861467242240906","0.5182018280029297","0.5182018280029297","0.5182018280029297"
"78","0.3428991138935089","0.3428991138935089","0.3428991138935089","0.8931252360343933","0.8931252360343933","0.8931252360343933","0.5366583466529846","0.5366583466529846","0.5366583466529846"
"79","0.34821322560310364","0.34821322560310364","0.34821322560310364","0.8985090255737305","0.8985090255737305","0.8985090255737305","0.516694188117981","0.516694188117981","0.516694188117981"
"80","0.3492475152015686","0.3492475152015686","0.3492475152015686","0.9480337500572205","0.9480337500572205","0.9480337500572205","0.5300725102424622","0.5300725102424622","0.5300725102424622"
"81","0.345081090927124","0.345081090927124","0.345081090927124","0.9357385635375977","0.9357385635375977","0.9357385635375977","0.5318381786346436","0.5318381786346436","0.5318381786346436"
"82","0.3634014427661896","0.3634014427661896","0.3634014427661896","1.0063010454177856","1.0063010454177856","1.0063010454177856","0.5623378157615662","0.5623378157615662","0.5623378157615662"
"83","0.3643675148487091","0.3643675148487091","0.3643675148487091","1.1102468967437744","1.1102468967437744","1.1102468967437744","0.5197562575340271","0.5197562575340271","0.5197562575340271"
"84","0.3690079152584076","0.3690079152584076","0.3690079152584076","0.9161768555641174","0.9161768555641174","0.9161768555641174","0.5189310908317566","0.5189310908317566","0.5189310908317566"
"85","0.3837452828884125","0.3837452828884125","0.3837452828884125","1.008239984512329","1.008239984512329","1.008239984512329","0.5416287183761597","0.5416287183761597","0.5416287183761597"
"86","0.3883056938648224","0.3883056938648224","0.3883056938648224","1.083863615989685","1.083863615989685","1.083863615989685","0.5838936567306519","0.5838936567306519","0.5838936567306519"
"87","0.3947264552116394","0.3947264552116394","0.3947264552116394","0.9882247447967529","0.9882247447967529","0.9882247447967529","0.5128372311592102","0.5128372311592102","0.5128372311592102"
"88","0.39859700202941895","0.39859700202941895","0.39859700202941895","1.0538636445999146","1.0538636445999146","1.0538636445999146","0.5248138904571533","0.5248138904571533","0.5248138904571533"
"89","0.4046640694141388","0.4046640694141388","0.4046640694141388","0.9629254937171936","0.9629254937171936","0.9629254937171936","0.5123181939125061","0.5123181939125061","0.5123181939125061"
"90","0.4022793173789978","0.4022793173789978","0.4022793173789978","1.0850846767425537","1.0850846767425537","1.0850846767425537","0.5380974411964417","0.5380974411964417","0.5380974411964417"
"91","0.39619171619415283","0.39619171619415283","0.39619171619415283","1.0479148626327515","1.0479148626327515","1.0479148626327515","0.5202876925468445","0.5202876925468445","0.5202876925468445"
"92","0.413860559463501","0.413860559463501","0.413860559463501","1.165476679801941","1.165476679801941","1.165476679801941","0.5653519034385681","0.5653519034385681","0.5653519034385681"
"93","0.39932844042778015","0.39932844042778015","0.39932844042778015","0.9437189102172852","0.9437189102172852","0.9437189102172852","0.5412194728851318","0.5412194728851318","0.5412194728851318"
"94","0.4067361056804657","0.4067361056804657","0.4067361056804657","0.9555373787879944","0.9555373787879944","0.9555373787879944","0.5448698401451111","0.5448698401451111","0.5448698401451111"
"95","0.411708265542984","0.411708265542984","0.411708265542984","0.9199365377426147","0.9199365377426147","0.9199365377426147","0.5499293804168701","0.5499293804168701","0.5499293804168701"
"96","0.41849324107170105","0.41849324107170105","0.41849324107170105","0.9307791590690613","0.9307791590690613","0.9307791590690613","0.5751303434371948","0.5751303434371948","0.5751303434371948"
"97","0.40435725450515747","0.40435725450515747","0.40435725450515747","0.9362310767173767","0.9362310767173767","0.9362310767173767","0.5766419172286987","0.5766419172286987","0.5766419172286987"
"98","0.40902379155158997","0.40902379155158997","0.40902379155158997","0.8614098429679871","0.8614098429679871","0.8614098429679871","0.5871877074241638","0.5871877074241638","0.5871877074241638"
"99","0.4172154366970062","0.4172154366970062","0.4172154366970062","0.9041939973831177","0.9041939973831177","0.9041939973831177","0.5932438373565674","0.5932438373565674","0.5932438373565674"
"100","0.4095960259437561","0.4095960259437561","0.4095960259437561","0.803899347782135","0.803899347782135","0.803899347782135","0.5576638579368591","0.5576638579368591","0.5576638579368591"
"101","0.4114473760128021","0.4114473760128021","0.4114473760128021","0.8049101829528809","0.8049101829528809","0.8049101829528809","0.5787069201469421","0.5787069201469421","0.5787069201469421"
"102","0.41112545132637024","0.41112545132637024","0.41112545132637024","0.9037201404571533","0.9037201404571533","0.9037201404571533","0.5565565228462219","0.5565565228462219","0.5565565228462219"
"103","0.402494341135025","0.402494341135025","0.402494341135025","0.898596465587616","0.898596465587616","0.898596465587616","0.5513914227485657","0.5513914227485657","0.5513914227485657"
"104","0.3930845856666565","0.3930845856666565","0.3930845856666565","0.8276962637901306","0.8276962637901306","0.8276962637901306","0.5754185318946838","0.5754185318946838","0.5754185318946838"
"105","0.3824624717235565","0.3824624717235565","0.3824624717235565","0.887658417224884","0.887658417224884","0.887658417224884","0.5597440004348755","0.5597440004348755","0.5597440004348755"
"106","0.3774043023586273","0.3774043023586273","0.3774043023586273","0.8244132399559021","0.8244132399559021","0.8244132399559021","0.565519392490387","0.565519392490387","0.565519392490387"
"107","0.385123610496521","0.385123610496521","0.385123610496521","0.8480032086372375","0.8480032086372375","0.8480032086372375","0.58028244972229","0.58028244972229","0.58028244972229"
"108","0.37107741832733154","0.37107741832733154","0.37107741832733154","0.8681731820106506","0.8681731820106506","0.8681731820106506","0.5489420294761658","0.5489420294761658","0.5489420294761658"
"109","0.37988558411598206","0.37988558411598206","0.37988558411598206","0.8087242841720581","0.8087242841720581","0.8087242841720581","0.5489737391471863","0.5489737391471863","0.5489737391471863"
"110","0.3774087727069855","0.3774087727069855","0.3774087727069855","0.8166645765304565","0.8166645765304565","0.8166645765304565","0.6479261517524719","0.6479261517524719","0.6479261517524719"
"111","0.35672882199287415","0.35672882199287415","0.35672882199287415","0.8262144327163696","0.8262144327163696","0.8262144327163696","0.5460612177848816","0.5460612177848816","0.5460612177848816"
"112","0.35801103711128235","0.35801103711128235","0.35801103711128235","0.8573172092437744","0.8573172092437744","0.8573172092437744","0.553778350353241","0.553778350353241","0.553778350353241"
"113","0.3702481985092163","0.3702481985092163","0.3702481985092163","0.8174770474433899","0.8174770474433899","0.8174770474433899","0.545222282409668","0.545222282409668","0.545222282409668"
"114","0.35764607787132263","0.35764607787132263","0.35764607787132263","0.9138379693031311","0.9138379693031311","0.9138379693031311","0.5658365488052368","0.5658365488052368","0.5658365488052368"
"115","0.34677207469940186","0.34677207469940186","0.34677207469940186","0.9023223519325256","0.9023223519325256","0.9023223519325256","0.5270775556564331","0.5270775556564331","0.5270775556564331"
"116","0.35629358887672424","0.35629358887672424","0.35629358887672424","0.82425856590271","0.82425856590271","0.82425856590271","0.5548934936523438","0.5548934936523438","0.5548934936523438"
"117","0.34750592708587646","0.34750592708587646","0.34750592708587646","0.9479936957359314","0.9479936957359314","0.9479936957359314","0.5378365516662598","0.5378365516662598","0.5378365516662598"
"118","0.33726468682289124","0.33726468682289124","0.33726468682289124","0.7998600602149963","0.7998600602149963","0.7998600602149963","0.5233684778213501","0.5233684778213501","0.5233684778213501"
"119","0.3318324387073517","0.3318324387073517","0.3318324387073517","0.9017977714538574","0.9017977714538574","0.9017977714538574","0.5171371698379517","0.5171371698379517","0.5171371698379517"
"120","0.3143444061279297","0.3143444061279297","0.3143444061279297","0.8067689538002014","0.8067689538002014","0.8067689538002014","0.48478227853775024","0.48478227853775024","0.48478227853775024"
"121","0.3172546327114105","0.3172546327114105","0.3172546327114105","0.7710732817649841","0.7710732817649841","0.7710732817649841","0.49839112162590027","0.49839112162590027","0.49839112162590027"
"122","0.3099929392337799","0.3099929392337799","0.3099929392337799","0.85048907995224","0.85048907995224","0.85048907995224","0.5053840279579163","0.5053840279579163","0.5053840279579163"
"123","0.3001869022846222","0.3001869022846222","0.3001869022846222","0.7673363089561462","0.7673363089561462","0.7673363089561462","0.5100782513618469","0.5100782513618469","0.5100782513618469"
"124","0.29436421394348145","0.29436421394348145","0.29436421394348145","0.8671253323554993","0.8671253323554993","0.8671253323554993","0.4974416494369507","0.4974416494369507","0.4974416494369507"
"125","0.27296581864356995","0.27296581864356995","0.27296581864356995","0.820578932762146","0.820578932762146","0.820578932762146","0.48702436685562134","0.48702436685562134","0.48702436685562134"
"126","0.24657922983169556","0.24657922983169556","0.24657922983169556","0.7846871018409729","0.7846871018409729","0.7846871018409729","0.44589945673942566","0.44589945673942566","0.44589945673942566"
"127","0.24904853105545044","0.24904853105545044","0.24904853105545044","0.9243428111076355","0.9243428111076355","0.9243428111076355","0.4708021879196167","0.4708021879196167","0.4708021879196167"
"128","0.24327601492404938","0.24327601492404938","0.24327601492404938","0.8655082583427429","0.8655082583427429","0.8655082583427429","0.4919779896736145","0.4919779896736145","0.4919779896736145"
"129","0.22753232717514038","0.22753232717514038","0.22753232717514038","0.7731893658638","0.7731893658638","0.7731893658638","0.4633110463619232","0.4633110463619232","0.4633110463619232"
"130","0.21234552562236786","0.21234552562236786","0.21234552562236786","0.7657062411308289","0.7657062411308289","0.7657062411308289","0.46916186809539795","0.46916186809539795","0.46916186809539795"
"131","0.21428079903125763","0.21428079903125763","0.21428079903125763","0.8525550365447998","0.8525550365447998","0.8525550365447998","0.4777655303478241","0.4777655303478241","0.4777655303478241"
"132","0.20066745579242706","0.20066745579242706","0.20066745579242706","0.7505812048912048","0.7505812048912048","0.7505812048912048","0.44771742820739746","0.44771742820739746","0.44771742820739746"
"133","0.19990548491477966","0.19990548491477966","0.19990548491477966","0.740792989730835","0.740792989730835","0.740792989730835","0.4517225921154022","0.4517225921154022","0.4517225921154022"
"134","0.19933810830116272","0.19933810830116272","0.19933810830116272","0.8358584046363831","0.8358584046363831","0.8358584046363831","0.4393709599971771","0.4393709599971771","0.4393709599971771"
"135","0.19801515340805054","0.19801515340805054","0.19801515340805054","0.7862022519111633","0.7862022519111633","0.7862022519111633","0.4245484173297882","0.4245484173297882","0.4245484173297882"
"136","0.19228404760360718","0.19228404760360718","0.19228404760360718","0.7706653475761414","0.7706653475761414","0.7706653475761414","0.4356938898563385","0.4356938898563385","0.4356938898563385"
"137","0.19063398241996765","0.19063398241996765","0.19063398241996765","0.7576579451560974","0.7576579451560974","0.7576579451560974","0.42307502031326294","0.42307502031326294","0.42307502031326294"
"138","0.19176462292671204","0.19176462292671204","0.19176462292671204","0.7560580968856812","0.7560580968856812","0.7560580968856812","0.40196794271469116","0.40196794271469116","0.40196794271469116"
"139","0.1962975412607193","0.1962975412607193","0.1962975412607193","0.8083309531211853","0.8083309531211853","0.8083309531211853","0.43239209055900574","0.43239209055900574","0.43239209055900574"
"140","0.19685639441013336","0.19685639441013336","0.19685639441013336","0.7766093611717224","0.7766093611717224","0.7766093611717224","0.40328696370124817","0.40328696370124817","0.40328696370124817"
"141","0.1998055875301361","0.1998055875301361","0.1998055875301361","0.8002555966377258","0.8002555966377258","0.8002555966377258","0.40410473942756653","0.40410473942756653","0.40410473942756653"
"142","0.18410827219486237","0.18410827219486237","0.18410827219486237","0.7820508480072021","0.7820508480072021","0.7820508480072021","0.409868061542511","0.409868061542511","0.409868061542511"
"143","0.18924549221992493","0.18924549221992493","0.18924549221992493","0.9360067844390869","0.9360067844390869","0.9360067844390869","0.3952499330043793","0.3952499330043793","0.3952499330043793"
"144","0.20849034190177917","0.20849034190177917","0.20849034190177917","0.9258549213409424","0.9258549213409424","0.9258549213409424","0.39798033237457275","0.39798033237457275","0.39798033237457275"
"145","0.20215249061584473","0.20215249061584473","0.20215249061584473","0.9143316149711609","0.9143316149711609","0.9143316149711609","0.41319915652275085","0.41319915652275085","0.41319915652275085"
"146","0.21227435767650604","0.21227435767650604","0.21227435767650604","0.9187949299812317","0.9187949299812317","0.9187949299812317","0.4106951355934143","0.4106951355934143","0.4106951355934143"
"147","0.2101220190525055","0.2101220190525055","0.2101220190525055","0.9232966303825378","0.9232966303825378","0.9232966303825378","0.4028252363204956","0.4028252363204956","0.4028252363204956"
"148","0.21308360993862152","0.21308360993862152","0.21308360993862152","0.9251986145973206","0.9251986145973206","0.9251986145973206","0.3953023850917816","0.3953023850917816","0.3953023850917816"
"149","0.22405533492565155","0.22405533492565155","0.22405533492565155","0.95680171251297","0.95680171251297","0.95680171251297","0.3932064175605774","0.3932064175605774","0.3932064175605774"
"150","0.2329271137714386","0.2329271137714386","0.2329271137714386","1.013315200805664","1.013315200805664","1.013315200805664","0.403032124042511","0.403032124042511","0.403032124042511"
"151","0.2309911549091339","0.2309911549091339","0.2309911549091339","0.9701584577560425","0.9701584577560425","0.9701584577560425","0.38070330023765564","0.38070330023765564","0.38070330023765564"
"152","0.244343563914299","0.244343563914299","0.244343563914299","0.8597461581230164","0.8597461581230164","0.8597461581230164","0.37615248560905457","0.37615248560905457","0.37615248560905457"
"153","0.2583659887313843","0.2583659887313843","0.2583659887313843","0.9269406199455261","0.9269406199455261","0.9269406199455261","0.3794820010662079","0.3794820010662079","0.3794820010662079"
"154","0.27084869146347046","0.27084869146347046","0.27084869146347046","0.8617866039276123","0.8617866039276123","0.8617866039276123","0.38424912095069885","0.38424912095069885","0.38424912095069885"
"155","0.2750428318977356","0.2750428318977356","0.2750428318977356","0.9213388562202454","0.9213388562202454","0.9213388562202454","0.39788469672203064","0.39788469672203064","0.39788469672203064"
"156","0.2854461371898651","0.2854461371898651","0.2854461371898651","0.8952319025993347","0.8952319025993347","0.8952319025993347","0.39595118165016174","0.39595118165016174","0.39595118165016174"
"157","0.28470104932785034","0.28470104932785034","0.28470104932785034","0.8744603395462036","0.8744603395462036","0.8744603395462036","0.4152863323688507","0.4152863323688507","0.4152863323688507"
"158","0.28151947259902954","0.28151947259902954","0.28151947259902954","0.8597722053527832","0.8597722053527832","0.8597722053527832","0.40371713042259216","0.40371713042259216","0.40371713042259216"
"159","0.2842848002910614","0.2842848002910614","0.2842848002910614","0.8097823262214661","0.8097823262214661","0.8097823262214661","0.40819981694221497","0.40819981694221497","0.40819981694221497"
"160","0.28675010800361633","0.28675010800361633","0.28675010800361633","0.8146393299102783","0.8146393299102783","0.8146393299102783","0.44925421476364136","0.44925421476364136","0.44925421476364136"
"161","0.2839413285255432","0.2839413285255432","0.2839413285255432","0.808687150478363","0.808687150478363","0.808687150478363","0.4196109473705292","0.4196109473705292","0.4196109473705292"
"162","0.2795121371746063","0.2795121371746063","0.2795121371746063","0.7361035346984863","0.7361035346984863","0.7361035346984863","0.41580191254615784","0.41580191254615784","0.41580191254615784"
"163","0.27510470151901245","0.27510470151901245","0.27510470151901245","0.8204153776168823","0.8204153776168823","0.8204153776168823","0.4302024841308594","0.4302024841308594","0.4302024841308594"
"164","0.26861461997032166","0.26861461997032166","0.26861461997032166","0.7613658308982849","0.7613658308982849","0.7613658308982849","0.4426066279411316","0.4426066279411316","0.4426066279411316"
"165","0.27610716223716736","0.27610716223716736","0.27610716223716736","0.795761227607727","0.795761227607727","0.795761227607727","0.44464418292045593","0.44464418292045593","0.44464418292045593"
"166","0.26434561610221863","0.26434561610221863","0.26434561610221863","0.8141235709190369","0.8141235709190369","0.8141235709190369","0.4448232650756836","0.4448232650756836","0.4448232650756836"
"167","0.2567048668861389","0.2567048668861389","0.2567048668861389","0.7780336737632751","0.7780336737632751","0.7780336737632751","0.4336608350276947","0.4336608350276947","0.4336608350276947"
"168","0.263088196516037","0.263088196516037","0.263088196516037","0.8206787109375","0.8206787109375","0.8206787109375","0.46289366483688354","0.46289366483688354","0.46289366483688354"
"169","0.2636190950870514","0.2636190950870514","0.2636190950870514","0.8768745064735413","0.8768745064735413","0.8768745064735413","0.4644211232662201","0.4644211232662201","0.4644211232662201"
"170","0.25862234830856323","0.25862234830856323","0.25862234830856323","0.8664487600326538","0.8664487600326538","0.8664487600326538","0.45544326305389404","0.45544326305389404","0.45544326305389404"
"171","0.2533673346042633","0.2533673346042633","0.2533673346042633","0.8519291877746582","0.8519291877746582","0.8519291877746582","0.44637563824653625","0.44637563824653625","0.44637563824653625"
"172","0.2551516890525818","0.2551516890525818","0.2551516890525818","0.8203449249267578","0.8203449249267578","0.8203449249267578","0.4458599388599396","0.4458599388599396","0.4458599388599396"
"173","0.24944470822811127","0.24944470822811127","0.24944470822811127","0.8223743438720703","0.8223743438720703","0.8223743438720703","0.4492546021938324","0.4492546021938324","0.4492546021938324"
"174","0.2629716396331787","0.2629716396331787","0.2629716396331787","0.769710898399353","0.769710898399353","0.769710898399353","0.4448559582233429","0.4448559582233429","0.4448559582233429"
"175","0.25795504450798035","0.25795504450798035","0.25795504450798035","0.7888358235359192","0.7888358235359192","0.7888358235359192","0.44111040234565735","0.44111040234565735","0.44111040234565735"
"176","0.2538410723209381","0.2538410723209381","0.2538410723209381","0.7623551487922668","0.7623551487922668","0.7623551487922668","0.4213227927684784","0.4213227927684784","0.4213227927684784"
"177","0.2540226876735687","0.2540226876735687","0.2540226876735687","0.7770086526870728","0.7770086526870728","0.7770086526870728","0.44065093994140625","0.44065093994140625","0.44065093994140625"
"178","0.24894775450229645","0.24894775450229645","0.24894775450229645","0.6795607209205627","0.6795607209205627","0.6795607209205627","0.396200567483902","0.396200567483902","0.396200567483902"
"179","0.24717116355895996","0.24717116355895996","0.24717116355895996","0.7760956883430481","0.7760956883430481","0.7760956883430481","0.4237590730190277","0.4237590730190277","0.4237590730190277"
"180","0.24668659269809723","0.24668659269809723","0.24668659269809723","0.7152776122093201","0.7152776122093201","0.7152776122093201","0.40792006254196167","0.40792006254196167","0.40792006254196167"
"181","0.24240916967391968","0.24240916967391968","0.24240916967391968","0.7254574298858643","0.7254574298858643","0.7254574298858643","0.41013723611831665","0.41013723611831665","0.41013723611831665"
"182","0.23310062289237976","0.23310062289237976","0.23310062289237976","0.795337438583374","0.795337438583374","0.795337438583374","0.39256182312965393","0.39256182312965393","0.39256182312965393"
"183","0.23765341937541962","0.23765341937541962","0.23765341937541962","0.76567542552948","0.76567542552948","0.76567542552948","0.41184958815574646","0.41184958815574646","0.41184958815574646"
"184","0.23923717439174652","0.23923717439174652","0.23923717439174652","0.832191526889801","0.832191526889801","0.832191526889801","0.42256125807762146","0.42256125807762146","0.42256125807762146"
"185","0.23736830055713654","0.23736830055713654","0.23736830055713654","0.8649323582649231","0.8649323582649231","0.8649323582649231","0.3904975652694702","0.3904975652694702","0.3904975652694702"
"186","0.23777969181537628","0.23777969181537628","0.23777969181537628","0.8430870771408081","0.8430870771408081","0.8430870771408081","0.3766101896762848","0.3766101896762848","0.3766101896762848"
"187","0.22686870396137238","0.22686870396137238","0.22686870396137238","0.9187663197517395","0.9187663197517395","0.9187663197517395","0.39863744378089905","0.39863744378089905","0.39863744378089905"
"188","0.2202644646167755","0.2202644646167755","0.2202644646167755","0.838834285736084","0.838834285736084","0.838834285736084","0.3648373782634735","0.3648373782634735","0.3648373782634735"
"189","0.2271922379732132","0.2271922379732132","0.2271922379732132","0.8440779447555542","0.8440779447555542","0.8440779447555542","0.3877510130405426","0.3877510130405426","0.3877510130405426"
"190","0.22711911797523499","0.22711911797523499","0.22711911797523499","1.037428855895996","1.037428855895996","1.037428855895996","0.4008685350418091","0.4008685350418091","0.4008685350418091"
"191","0.22788240015506744","0.22788240015506744","0.22788240015506744","0.8740221858024597","0.8740221858024597","0.8740221858024597","0.368123322725296","0.368123322725296","0.368123322725296"
"192","0.22983430325984955","0.22983430325984955","0.22983430325984955","0.8495462536811829","0.8495462536811829","0.8495462536811829","0.37555992603302","0.37555992603302","0.37555992603302"
"193","0.22191229462623596","0.22191229462623596","0.22191229462623596","0.8623320460319519","0.8623320460319519","0.8623320460319519","0.3828529715538025","0.3828529715538025","0.3828529715538025"
"194","0.21746008098125458","0.21746008098125458","0.21746008098125458","0.884530782699585","0.884530782699585","0.884530782699585","0.3668106496334076","0.3668106496334076","0.3668106496334076"
"195","0.22328342497348785","0.22328342497348785","0.22328342497348785","0.9120286107063293","0.9120286107063293","0.9120286107063293","0.3723970949649811","0.3723970949649811","0.3723970949649811"
"196","0.2200406789779663","0.2200406789779663","0.2200406789779663","0.7973790168762207","0.7973790168762207","0.7973790168762207","0.35998544096946716","0.35998544096946716","0.35998544096946716"
"197","0.2223886102437973","0.2223886102437973","0.2223886102437973","0.8116904497146606","0.8116904497146606","0.8116904497146606","0.37809842824935913","0.37809842824935913","0.37809842824935913"
"198","0.22636927664279938","0.22636927664279938","0.22636927664279938","0.7578480243682861","0.7578480243682861","0.7578480243682861","0.35954904556274414","0.35954904556274414","0.35954904556274414"
"199","0.24022024869918823","0.24022024869918823","0.24022024869918823","0.7930443286895752","0.7930443286895752","0.7930443286895752","0.3733472526073456","0.3733472526073456","0.3733472526073456"
"200","0.25153490900993347","0.25153490900993347","0.25153490900993347","0.7770721316337585","0.7770721316337585","0.7770721316337585","0.36997178196907043","0.36997178196907043","0.36997178196907043"
"201","0.25419503450393677","0.25419503450393677","0.25419503450393677","0.7198302149772644","0.7198302149772644","0.7198302149772644","0.34528443217277527","0.34528443217277527","0.34528443217277527"
"202","0.2572297751903534","0.2572297751903534","0.2572297751903534","0.7236470580101013","0.7236470580101013","0.7236470580101013","0.3387281596660614","0.3387281596660614","0.3387281596660614"
"203","0.26303228735923767","0.26303228735923767","0.26303228735923767","0.7354596257209778","0.7354596257209778","0.7354596257209778","0.3421057164669037","0.3421057164669037","0.3421057164669037"
"204","0.2745524048805237","0.2745524048805237","0.2745524048805237","0.7532370090484619","0.7532370090484619","0.7532370090484619","0.3240068554878235","0.3240068554878235","0.3240068554878235"
"205","0.27244964241981506","0.27244964241981506","0.27244964241981506","0.7429412603378296","0.7429412603378296","0.7429412603378296","0.3324388563632965","0.3324388563632965","0.3324388563632965"
"206","0.2704707384109497","0.2704707384109497","0.2704707384109497","0.7009034752845764","0.7009034752845764","0.7009034752845764","0.31100040674209595","0.31100040674209595","0.31100040674209595"
"207","0.2760981023311615","0.2760981023311615","0.2760981023311615","0.7302363514900208","0.7302363514900208","0.7302363514900208","0.3192182183265686","0.3192182183265686","0.3192182183265686"
"208","0.2589794993400574","0.2589794993400574","0.2589794993400574","0.7859572172164917","0.7859572172164917","0.7859572172164917","0.31900084018707275","0.31900084018707275","0.31900084018707275"
"209","0.2614985704421997","0.2614985704421997","0.2614985704421997","0.7784907221794128","0.7784907221794128","0.7784907221794128","0.3202798068523407","0.3202798068523407","0.3202798068523407"
"210","0.26245179772377014","0.26245179772377014","0.26245179772377014","0.8424584865570068","0.8424584865570068","0.8424584865570068","0.3284720480442047","0.3284720480442047","0.3284720480442047"
"211","0.2550106346607208","0.2550106346607208","0.2550106346607208","0.7762435078620911","0.7762435078620911","0.7762435078620911","0.3234289586544037","0.3234289586544037","0.3234289586544037"
"212","0.2662414014339447","0.2662414014339447","0.2662414014339447","0.8407217860221863","0.8407217860221863","0.8407217860221863","0.315030038356781","0.315030038356781","0.315030038356781"
"213","0.2513788044452667","0.2513788044452667","0.2513788044452667","0.9081541895866394","0.9081541895866394","0.9081541895866394","0.3718414306640625","0.3718414306640625","0.3718414306640625"
"214","0.24639353156089783","0.24639353156089783","0.24639353156089783","0.9309689998626709","0.9309689998626709","0.9309689998626709","0.3363150656223297","0.3363150656223297","0.3363150656223297"
"215","0.25645866990089417","0.25645866990089417","0.25645866990089417","0.8767329454421997","0.8767329454421997","0.8767329454421997","0.3192889094352722","0.3192889094352722","0.3192889094352722"
"216","0.239431694149971","0.239431694149971","0.239431694149971","0.9870160818099976","0.9870160818099976","0.9870160818099976","0.3295651972293854","0.3295651972293854","0.3295651972293854"
"217","0.2477971464395523","0.2477971464395523","0.2477971464395523","0.9824419021606445","0.9824419021606445","0.9824419021606445","0.3313538432121277","0.3313538432121277","0.3313538432121277"
"218","0.24711667001247406","0.24711667001247406","0.24711667001247406","0.9257100820541382","0.9257100820541382","0.9257100820541382","0.33586615324020386","0.33586615324020386","0.33586615324020386"
"219","0.2253963202238083","0.2253963202238083","0.2253963202238083","0.9192809462547302","0.9192809462547302","0.9192809462547302","0.34064632654190063","0.34064632654190063","0.34064632654190063"
"220","0.22592319548130035","0.22592319548130035","0.22592319548130035","0.8646682500839233","0.8646682500839233","0.8646682500839233","0.32817909121513367","0.32817909121513367","0.32817909121513367"
"221","0.21633604168891907","0.21633604168891907","0.21633604168891907","0.9724599123001099","0.9724599123001099","0.9724599123001099","0.3482431173324585","0.3482431173324585","0.3482431173324585"
"222","0.19334420561790466","0.19334420561790466","0.19334420561790466","0.8551570177078247","0.8551570177078247","0.8551570177078247","0.3274489939212799","0.3274489939212799","0.3274489939212799"
"223","0.17268235981464386","0.17268235981464386","0.17268235981464386","0.8784690499305725","0.8784690499305725","0.8784690499305725","0.3433257043361664","0.3433257043361664","0.3433257043361664"
"224","0.1783539056777954","0.1783539056777954","0.1783539056777954","0.8819419741630554","0.8819419741630554","0.8819419741630554","0.34966742992401123","0.34966742992401123","0.34966742992401123"
"225","0.1560571789741516","0.1560571789741516","0.1560571789741516","0.8386451005935669","0.8386451005935669","0.8386451005935669","0.34805265069007874","0.34805265069007874","0.34805265069007874"
"226","0.14789970219135284","0.14789970219135284","0.14789970219135284","0.8408608436584473","0.8408608436584473","0.8408608436584473","0.3400253653526306","0.3400253653526306","0.3400253653526306"
"227","0.14546239376068115","0.14546239376068115","0.14546239376068115","0.8210704922676086","0.8210704922676086","0.8210704922676086","0.3492390513420105","0.3492390513420105","0.3492390513420105"
"228","0.13685205578804016","0.13685205578804016","0.13685205578804016","0.841385543346405","0.841385543346405","0.841385543346405","0.3470460772514343","0.3470460772514343","0.3470460772514343"
"229","0.13063295185565948","0.13063295185565948","0.13063295185565948","0.8206255435943604","0.8206255435943604","0.8206255435943604","0.34944063425064087","0.34944063425064087","0.34944063425064087"
"230","0.13173048198223114","0.13173048198223114","0.13173048198223114","0.802777886390686","0.802777886390686","0.802777886390686","0.3399084210395813","0.3399084210395813","0.3399084210395813"
"231","0.1290222853422165","0.1290222853422165","0.1290222853422165","0.7819780111312866","0.7819780111312866","0.7819780111312866","0.34627044200897217","0.34627044200897217","0.34627044200897217"
"232","0.1317271739244461","0.1317271739244461","0.1317271739244461","0.7842922806739807","0.7842922806739807","0.7842922806739807","0.33423060178756714","0.33423060178756714","0.33423060178756714"
"233","0.12499050796031952","0.12499050796031952","0.12499050796031952","0.8294396996498108","0.8294396996498108","0.8294396996498108","0.337496817111969","0.337496817111969","0.337496817111969"
"234","0.13091067969799042","0.13091067969799042","0.13091067969799042","0.7826269865036011","0.7826269865036011","0.7826269865036011","0.3400755226612091","0.3400755226612091","0.3400755226612091"
"235","0.12969647347927094","0.12969647347927094","0.12969647347927094","0.8418736457824707","0.8418736457824707","0.8418736457824707","0.34270814061164856","0.34270814061164856","0.34270814061164856"
"236","0.12448444217443466","0.12448444217443466","0.12448444217443466","0.831406831741333","0.831406831741333","0.831406831741333","0.3330617845058441","0.3330617845058441","0.3330617845058441"
"237","0.1271793246269226","0.1271793246269226","0.1271793246269226","0.8412045836448669","0.8412045836448669","0.8412045836448669","0.3298128545284271","0.3298128545284271","0.3298128545284271"
"238","0.12563693523406982","0.12563693523406982","0.12563693523406982","0.8163455128669739","0.8163455128669739","0.8163455128669739","0.34052684903144836","0.34052684903144836","0.34052684903144836"
"239","0.12161209434270859","0.12161209434270859","0.12161209434270859","0.7543525099754333","0.7543525099754333","0.7543525099754333","0.3242115378379822","0.3242115378379822","0.3242115378379822"
"240","0.13009099662303925","0.13009099662303925","0.13009099662303925","0.7985012531280518","0.7985012531280518","0.7985012531280518","0.32758957147598267","0.32758957147598267","0.32758957147598267"
"241","0.12229062616825104","0.12229062616825104","0.12229062616825104","0.827791154384613","0.827791154384613","0.827791154384613","0.3233606517314911","0.3233606517314911","0.3233606517314911"
"242","0.12722519040107727","0.12722519040107727","0.12722519040107727","0.7353838682174683","0.7353838682174683","0.7353838682174683","0.32257479429244995","0.32257479429244995","0.32257479429244995"
"243","0.1250562071800232","0.1250562071800232","0.1250562071800232","0.7730857729911804","0.7730857729911804","0.7730857729911804","0.33346453309059143","0.33346453309059143","0.33346453309059143"
"244","0.12581129372119904","0.12581129372119904","0.12581129372119904","0.8557489514350891","0.8557489514350891","0.8557489514350891","0.3598363995552063","0.3598363995552063","0.3598363995552063"
"245","0.12902583181858063","0.12902583181858063","0.12902583181858063","0.7838606238365173","0.7838606238365173","0.7838606238365173","0.34202516078948975","0.34202516078948975","0.34202516078948975"
"246","0.1224656030535698","0.1224656030535698","0.1224656030535698","0.7571722269058228","0.7571722269058228","0.7571722269058228","0.33952218294143677","0.33952218294143677","0.33952218294143677"
"247","0.12872883677482605","0.12872883677482605","0.12872883677482605","0.7089700102806091","0.7089700102806091","0.7089700102806091","0.3461584448814392","0.3461584448814392","0.3461584448814392"
"248","0.12988828122615814","0.12988828122615814","0.12988828122615814","0.7328770160675049","0.7328770160675049","0.7328770160675049","0.37235578894615173","0.37235578894615173","0.37235578894615173"
"249","0.13076120615005493","0.13076120615005493","0.13076120615005493","0.6996581554412842","0.6996581554412842","0.6996581554412842","0.3588702082633972","0.3588702082633972","0.3588702082633972"
"250","0.13363397121429443","0.13363397121429443","0.13363397121429443","0.7014983296394348","0.7014983296394348","0.7014983296394348","0.36136966943740845","0.36136966943740845","0.36136966943740845"
"251","0.1320040374994278","0.1320040374994278","0.1320040374994278","0.652569055557251","0.652569055557251","0.652569055557251","0.3461745083332062","0.3461745083332062","0.3461745083332062"
"252","0.13615785539150238","0.13615785539150238","0.13615785539150238","0.7287240028381348","0.7287240028381348","0.7287240028381348","0.37226587533950806","0.37226587533950806","0.37226587533950806"
"253","0.13627861440181732","0.13627861440181732","0.13627861440181732","0.659130871295929","0.659130871295929","0.659130871295929","0.34936150908470154","0.34936150908470154","0.34936150908470154"
"254","0.13778308033943176","0.13778308033943176","0.13778308033943176","0.7342485785484314","0.7342485785484314","0.7342485785484314","0.37220731377601624","0.37220731377601624","0.37220731377601624"
"255","0.13747775554656982","0.13747775554656982","0.13747775554656982","0.718074381351471","0.718074381351471","0.718074381351471","0.37375709414482117","0.37375709414482117","0.37375709414482117"
"256","0.13639391958713531","0.13639391958713531","0.13639391958713531","0.6702786684036255","0.6702786684036255","0.6702786684036255","0.35657772421836853","0.35657772421836853","0.35657772421836853"
"257","0.1373153030872345","0.1373153030872345","0.1373153030872345","0.6516386866569519","0.6516386866569519","0.6516386866569519","0.3617403507232666","0.3617403507232666","0.3617403507232666"
"258","0.13692565262317657","0.13692565262317657","0.13692565262317657","0.7060580253601074","0.7060580253601074","0.7060580253601074","0.3743928074836731","0.3743928074836731","0.3743928074836731"
"259","0.12973202764987946","0.12973202764987946","0.12973202764987946","0.6897127628326416","0.6897127628326416","0.6897127628326416","0.3729190528392792","0.3729190528392792","0.3729190528392792"
"260","0.1330377161502838","0.1330377161502838","0.1330377161502838","0.61252760887146","0.61252760887146","0.61252760887146","0.36035269498825073","0.36035269498825073","0.36035269498825073"
"261","0.13383163511753082","0.13383163511753082","0.13383163511753082","0.6297159194946289","0.6297159194946289","0.6297159194946289","0.3693338632583618","0.3693338632583618","0.3693338632583618"
"262","0.1354176104068756","0.1354176104068756","0.1354176104068756","0.6618531346321106","0.6618531346321106","0.6618531346321106","0.3885953724384308","0.3885953724384308","0.3885953724384308"
"263","0.13634233176708221","0.13634233176708221","0.13634233176708221","0.6380592584609985","0.6380592584609985","0.6380592584609985","0.37530699372291565","0.37530699372291565","0.37530699372291565"
"264","0.13277912139892578","0.13277912139892578","0.13277912139892578","0.777664303779602","0.777664303779602","0.777664303779602","0.4035073220729828","0.4035073220729828","0.4035073220729828"
"265","0.13253824412822723","0.13253824412822723","0.13253824412822723","0.7717410922050476","0.7717410922050476","0.7717410922050476","0.3932704031467438","0.3932704031467438","0.3932704031467438"
"266","0.12745949625968933","0.12745949625968933","0.12745949625968933","0.7734221816062927","0.7734221816062927","0.7734221816062927","0.37775084376335144","0.37775084376335144","0.37775084376335144"
"267","0.1326967030763626","0.1326967030763626","0.1326967030763626","0.8156530261039734","0.8156530261039734","0.8156530261039734","0.39687952399253845","0.39687952399253845","0.39687952399253845"
"268","0.1328919529914856","0.1328919529914856","0.1328919529914856","0.750758171081543","0.750758171081543","0.750758171081543","0.3889887034893036","0.3889887034893036","0.3889887034893036"
"269","0.13030119240283966","0.13030119240283966","0.13030119240283966","0.8402183055877686","0.8402183055877686","0.8402183055877686","0.40590929985046387","0.40590929985046387","0.40590929985046387"
"270","0.13749022781848907","0.13749022781848907","0.13749022781848907","0.8383793830871582","0.8383793830871582","0.8383793830871582","0.38841378688812256","0.38841378688812256","0.38841378688812256"
"271","0.13109269738197327","0.13109269738197327","0.13109269738197327","0.9006655216217041","0.9006655216217041","0.9006655216217041","0.3954566419124603","0.3954566419124603","0.3954566419124603"
"272","0.13214294612407684","0.13214294612407684","0.13214294612407684","0.9068126082420349","0.9068126082420349","0.9068126082420349","0.3979860842227936","0.3979860842227936","0.3979860842227936"
"273","0.13005541265010834","0.13005541265010834","0.13005541265010834","0.7845213413238525","0.7845213413238525","0.7845213413238525","0.37405160069465637","0.37405160069465637","0.37405160069465637"
"274","0.12905241549015045","0.12905241549015045","0.12905241549015045","0.9192481637001038","0.9192481637001038","0.9192481637001038","0.38963308930397034","0.38963308930397034","0.38963308930397034"
"275","0.12662407755851746","0.12662407755851746","0.12662407755851746","0.8843206167221069","0.8843206167221069","0.8843206167221069","0.39399904012680054","0.39399904012680054","0.39399904012680054"
"276","0.12523028254508972","0.12523028254508972","0.12523028254508972","0.990250825881958","0.990250825881958","0.990250825881958","0.3928585946559906","0.3928585946559906","0.3928585946559906"
"277","0.12776777148246765","0.12776777148246765","0.12776777148246765","0.9443117380142212","0.9443117380142212","0.9443117380142212","0.3990343511104584","0.3990343511104584","0.3990343511104584"
"278","0.12393818795681","0.12393818795681","0.12393818795681","0.9702995419502258","0.9702995419502258","0.9702995419502258","0.39228805899620056","0.39228805899620056","0.39228805899620056"
"279","0.12387609481811523","0.12387609481811523","0.12387609481811523","0.918039858341217","0.918039858341217","0.918039858341217","0.3946053683757782","0.3946053683757782","0.3946053683757782"
"280","0.1231621578335762","0.1231621578335762","0.1231621578335762","0.8324217796325684","0.8324217796325684","0.8324217796325684","0.3874959647655487","0.3874959647655487","0.3874959647655487"
"281","0.12416467815637589","0.12416467815637589","0.12416467815637589","0.8170995116233826","0.8170995116233826","0.8170995116233826","0.3808523714542389","0.3808523714542389","0.3808523714542389"
"282","0.12637582421302795","0.12637582421302795","0.12637582421302795","0.8481308221817017","0.8481308221817017","0.8481308221817017","0.3793601989746094","0.3793601989746094","0.3793601989746094"
"283","0.12561586499214172","0.12561586499214172","0.12561586499214172","0.823158323764801","0.823158323764801","0.823158323764801","0.39313510060310364","0.39313510060310364","0.39313510060310364"
"284","0.1235014870762825","0.1235014870762825","0.1235014870762825","0.8260189294815063","0.8260189294815063","0.8260189294815063","0.37047889828681946","0.37047889828681946","0.37047889828681946"
"285","0.12640570104122162","0.12640570104122162","0.12640570104122162","0.8059582114219666","0.8059582114219666","0.8059582114219666","0.3656585216522217","0.3656585216522217","0.3656585216522217"
"286","0.12611503899097443","0.12611503899097443","0.12611503899097443","0.8071759343147278","0.8071759343147278","0.8071759343147278","0.3499028980731964","0.3499028980731964","0.3499028980731964"
"287","0.12218036502599716","0.12218036502599716","0.12218036502599716","0.8069000244140625","0.8069000244140625","0.8069000244140625","0.37393972277641296","0.37393972277641296","0.37393972277641296"
"288","0.12563246488571167","0.12563246488571167","0.12563246488571167","0.7178686261177063","0.7178686261177063","0.7178686261177063","0.36781996488571167","0.36781996488571167","0.36781996488571167"
"289","0.1264416128396988","0.1264416128396988","0.1264416128396988","0.6645917892456055","0.6645917892456055","0.6645917892456055","0.36804428696632385","0.36804428696632385","0.36804428696632385"
"290","0.12207697331905365","0.12207697331905365","0.12207697331905365","0.6437532901763916","0.6437532901763916","0.6437532901763916","0.3572368919849396","0.3572368919849396","0.3572368919849396"
"291","0.11977647989988327","0.11977647989988327","0.11977647989988327","0.7022377848625183","0.7022377848625183","0.7022377848625183","0.36487963795661926","0.36487963795661926","0.36487963795661926"
"292","0.12146653234958649","0.12146653234958649","0.12146653234958649","0.6872080564498901","0.6872080564498901","0.6872080564498901","0.35350072383880615","0.35350072383880615","0.35350072383880615"
"293","0.11984310299158096","0.11984310299158096","0.11984310299158096","0.6867412328720093","0.6867412328720093","0.6867412328720093","0.3393007516860962","0.3393007516860962","0.3393007516860962"
"294","0.117043636739254","0.117043636739254","0.117043636739254","0.6459009647369385","0.6459009647369385","0.6459009647369385","0.3203536570072174","0.3203536570072174","0.3203536570072174"
"295","0.11333820223808289","0.11333820223808289","0.11333820223808289","0.7557945847511292","0.7557945847511292","0.7557945847511292","0.33099356293678284","0.33099356293678284","0.33099356293678284"
"296","0.1180306226015091","0.1180306226015091","0.1180306226015091","0.6885963678359985","0.6885963678359985","0.6885963678359985","0.33656901121139526","0.33656901121139526","0.33656901121139526"
"297","0.11398143321275711","0.11398143321275711","0.11398143321275711","0.6664714813232422","0.6664714813232422","0.6664714813232422","0.31944602727890015","0.31944602727890015","0.31944602727890015"
"298","0.1092902421951294","0.1092902421951294","0.1092902421951294","0.7643778920173645","0.7643778920173645","0.7643778920173645","0.3427916169166565","0.3427916169166565","0.3427916169166565"
"299","0.11284225434064865","0.11284225434064865","0.11284225434064865","0.7027824521064758","0.7027824521064758","0.7027824521064758","0.3225339353084564","0.3225339353084564","0.3225339353084564"
"300","0.10993795096874237","0.10993795096874237","0.10993795096874237","0.7361928820610046","0.7361928820610046","0.7361928820610046","0.31986477971076965","0.31986477971076965","0.31986477971076965"
"301","0.10899122059345245","0.10899122059345245","0.10899122059345245","0.7553589344024658","0.7553589344024658","0.7553589344024658","0.3134452998638153","0.3134452998638153","0.3134452998638153"
"302","0.1089661568403244","0.1089661568403244","0.1089661568403244","0.7741352319717407","0.7741352319717407","0.7741352319717407","0.3179517388343811","0.3179517388343811","0.3179517388343811"
"303","0.10574726015329361","0.10574726015329361","0.10574726015329361","0.7196804285049438","0.7196804285049438","0.7196804285049438","0.31164464354515076","0.31164464354515076","0.31164464354515076"
"304","0.10614470392465591","0.10614470392465591","0.10614470392465591","0.789460301399231","0.789460301399231","0.789460301399231","0.31698691844940186","0.31698691844940186","0.31698691844940186"
"305","0.10860088467597961","0.10860088467597961","0.10860088467597961","0.7426978349685669","0.7426978349685669","0.7426978349685669","0.29999834299087524","0.29999834299087524","0.29999834299087524"
"306","0.1047835573554039","0.1047835573554039","0.1047835573554039","0.713202178478241","0.713202178478241","0.713202178478241","0.2775171101093292","0.2775171101093292","0.2775171101093292"
"307","0.10164991021156311","0.10164991021156311","0.10164991021156311","0.7916713953018188","0.7916713953018188","0.7916713953018188","0.29261741042137146","0.29261741042137146","0.29261741042137146"
"308","0.10370059311389923","0.10370059311389923","0.10370059311389923","0.906495988368988","0.906495988368988","0.906495988368988","0.3444347083568573","0.3444347083568573","0.3444347083568573"
"309","0.10322032868862152","0.10322032868862152","0.10322032868862152","0.815819501876831","0.815819501876831","0.815819501876831","0.3365460932254791","0.3365460932254791","0.3365460932254791"
"310","0.09907226264476776","0.09907226264476776","0.09907226264476776","0.8651139140129089","0.8651139140129089","0.8651139140129089","0.35306674242019653","0.35306674242019653","0.35306674242019653"
"311","0.09740844368934631","0.09740844368934631","0.09740844368934631","0.7929961681365967","0.7929961681365967","0.7929961681365967","0.3564040958881378","0.3564040958881378","0.3564040958881378"
"312","0.09450145065784454","0.09450145065784454","0.09450145065784454","0.697175145149231","0.697175145149231","0.697175145149231","0.3367875814437866","0.3367875814437866","0.3367875814437866"
"313","0.09301389008760452","0.09301389008760452","0.09301389008760452","0.759361743927002","0.759361743927002","0.759361743927002","0.3388250470161438","0.3388250470161438","0.3388250470161438"
"314","0.08867543935775757","0.08867543935775757","0.08867543935775757","0.77081298828125","0.77081298828125","0.77081298828125","0.3374325633049011","0.3374325633049011","0.3374325633049011"
"315","0.08695005625486374","0.08695005625486374","0.08695005625486374","0.7653981447219849","0.7653981447219849","0.7653981447219849","0.34390807151794434","0.34390807151794434","0.34390807151794434"
"316","0.08381985127925873","0.08381985127925873","0.08381985127925873","0.6821727752685547","0.6821727752685547","0.6821727752685547","0.3394102454185486","0.3394102454185486","0.3394102454185486"
"317","0.08006902039051056","0.08006902039051056","0.08006902039051056","0.6960562467575073","0.6960562467575073","0.6960562467575073","0.3316522240638733","0.3316522240638733","0.3316522240638733"
"318","0.07945743203163147","0.07945743203163147","0.07945743203163147","0.7111303806304932","0.7111303806304932","0.7111303806304932","0.3164644241333008","0.3164644241333008","0.3164644241333008"
"319","0.07711596041917801","0.07711596041917801","0.07711596041917801","0.6868718266487122","0.6868718266487122","0.6868718266487122","0.3066430985927582","0.3066430985927582","0.3066430985927582"
"320","0.07785098999738693","0.07785098999738693","0.07785098999738693","0.6503154039382935","0.6503154039382935","0.6503154039382935","0.29981908202171326","0.29981908202171326","0.29981908202171326"
"321","0.07698510587215424","0.07698510587215424","0.07698510587215424","0.6214882135391235","0.6214882135391235","0.6214882135391235","0.2975965440273285","0.2975965440273285","0.2975965440273285"
"322","0.07574662566184998","0.07574662566184998","0.07574662566184998","0.6768301725387573","0.6768301725387573","0.6768301725387573","0.2662579417228699","0.2662579417228699","0.2662579417228699"
"323","0.07531444728374481","0.07531444728374481","0.07531444728374481","0.6553711891174316","0.6553711891174316","0.6553711891174316","0.26547127962112427","0.26547127962112427","0.26547127962112427"
"324","0.07422896474599838","0.07422896474599838","0.07422896474599838","0.6915726661682129","0.6915726661682129","0.6915726661682129","0.2613334655761719","0.2613334655761719","0.2613334655761719"
"325","0.07576097548007965","0.07576097548007965","0.07576097548007965","0.6750850081443787","0.6750850081443787","0.6750850081443787","0.2442915439605713","0.2442915439605713","0.2442915439605713"
"326","0.0740240067243576","0.0740240067243576","0.0740240067243576","0.6453003287315369","0.6453003287315369","0.6453003287315369","0.2329300493001938","0.2329300493001938","0.2329300493001938"
"327","0.07517740875482559","0.07517740875482559","0.07517740875482559","0.7249412536621094","0.7249412536621094","0.7249412536621094","0.24536065757274628","0.24536065757274628","0.24536065757274628"
"328","0.08047851175069809","0.08047851175069809","0.08047851175069809","0.7030967473983765","0.7030967473983765","0.7030967473983765","0.26239919662475586","0.26239919662475586","0.26239919662475586"
"329","0.07235695421695709","0.07235695421695709","0.07235695421695709","0.8005720973014832","0.8005720973014832","0.8005720973014832","0.26083651185035706","0.26083651185035706","0.26083651185035706"
"330","0.07668983191251755","0.07668983191251755","0.07668983191251755","0.7178884744644165","0.7178884744644165","0.7178884744644165","0.24194574356079102","0.24194574356079102","0.24194574356079102"
"331","0.07592716813087463","0.07592716813087463","0.07592716813087463","0.8142507076263428","0.8142507076263428","0.8142507076263428","0.25289011001586914","0.25289011001586914","0.25289011001586914"
"332","0.07988528907299042","0.07988528907299042","0.07988528907299042","0.7016019225120544","0.7016019225120544","0.7016019225120544","0.2319774478673935","0.2319774478673935","0.2319774478673935"
"333","0.07821901887655258","0.07821901887655258","0.07821901887655258","0.7233556509017944","0.7233556509017944","0.7233556509017944","0.24420993030071259","0.24420993030071259","0.24420993030071259"
"334","0.07998546957969666","0.07998546957969666","0.07998546957969666","0.7597411274909973","0.7597411274909973","0.7597411274909973","0.21556225419044495","0.21556225419044495","0.21556225419044495"
"335","0.07854292541742325","0.07854292541742325","0.07854292541742325","0.6916757822036743","0.6916757822036743","0.6916757822036743","0.20660400390625","0.20660400390625","0.20660400390625"
"336","0.08343979716300964","0.08343979716300964","0.08343979716300964","0.7758068442344666","0.7758068442344666","0.7758068442344666","0.22076526284217834","0.22076526284217834","0.22076526284217834"
"337","0.08091658353805542","0.08091658353805542","0.08091658353805542","0.8007746934890747","0.8007746934890747","0.8007746934890747","0.24338123202323914","0.24338123202323914","0.24338123202323914"
"338","0.08548183739185333","0.08548183739185333","0.08548183739185333","0.8355309963226318","0.8355309963226318","0.8355309963226318","0.2697392702102661","0.2697392702102661","0.2697392702102661"
"339","0.08347716927528381","0.08347716927528381","0.08347716927528381","0.7613005042076111","0.7613005042076111","0.7613005042076111","0.44834503531455994","0.44834503531455994","0.44834503531455994"
"340","0.08414189517498016","0.08414189517498016","0.08414189517498016","0.8610525131225586","0.8610525131225586","0.8610525131225586","0.3111310601234436","0.3111310601234436","0.3111310601234436"
"341","0.08593390882015228","0.08593390882015228","0.08593390882015228","0.875316321849823","0.875316321849823","0.875316321849823","0.21981985867023468","0.21981985867023468","0.21981985867023468"
"342","0.08637718856334686","0.08637718856334686","0.08637718856334686","0.8484736084938049","0.8484736084938049","0.8484736084938049","0.18563814461231232","0.18563814461231232","0.18563814461231232"
"343","0.0852656215429306","0.0852656215429306","0.0852656215429306","0.7850286364555359","0.7850286364555359","0.7850286364555359","0.19029298424720764","0.19029298424720764","0.19029298424720764"
"344","0.08538012206554413","0.08538012206554413","0.08538012206554413","0.7889831066131592","0.7889831066131592","0.7889831066131592","0.19157291948795319","0.19157291948795319","0.19157291948795319"
"345","0.08158013224601746","0.08158013224601746","0.08158013224601746","0.797061026096344","0.797061026096344","0.797061026096344","0.1978669911623001","0.1978669911623001","0.1978669911623001"
"346","0.0848328247666359","0.0848328247666359","0.0848328247666359","0.8988523483276367","0.8988523483276367","0.8988523483276367","0.21288876235485077","0.21288876235485077","0.21288876235485077"
"347","0.08552558720111847","0.08552558720111847","0.08552558720111847","0.7739946246147156","0.7739946246147156","0.7739946246147156","0.20149272680282593","0.20149272680282593","0.20149272680282593"
"348","0.08383038640022278","0.08383038640022278","0.08383038640022278","0.7706530690193176","0.7706530690193176","0.7706530690193176","0.2166651338338852","0.2166651338338852","0.2166651338338852"
"349","0.08589638769626617","0.08589638769626617","0.08589638769626617","0.7733129858970642","0.7733129858970642","0.7733129858970642","0.2390241026878357","0.2390241026878357","0.2390241026878357"
"350","0.08530377596616745","0.08530377596616745","0.08530377596616745","0.7560700178146362","0.7560700178146362","0.7560700178146362","0.22958585619926453","0.22958585619926453","0.22958585619926453"
"351","0.08728818595409393","0.08728818595409393","0.08728818595409393","0.677483081817627","0.677483081817627","0.677483081817627","0.22677995264530182","0.22677995264530182","0.22677995264530182"
"352","0.08844657242298126","0.08844657242298126","0.08844657242298126","0.6857733726501465","0.6857733726501465","0.6857733726501465","0.23696370422840118","0.23696370422840118","0.23696370422840118"
"353","0.08605467528104782","0.08605467528104782","0.08605467528104782","0.7353701591491699","0.7353701591491699","0.7353701591491699","0.25668221712112427","0.25668221712112427","0.25668221712112427"
"354","0.08648346364498138","0.08648346364498138","0.08648346364498138","0.646121621131897","0.646121621131897","0.646121621131897","0.24031011760234833","0.24031011760234833","0.24031011760234833"
"355","0.08359918743371964","0.08359918743371964","0.08359918743371964","0.7025162577629089","0.7025162577629089","0.7025162577629089","0.263785719871521","0.263785719871521","0.263785719871521"
"356","0.08278266340494156","0.08278266340494156","0.08278266340494156","0.6777982711791992","0.6777982711791992","0.6777982711791992","0.2540459632873535","0.2540459632873535","0.2540459632873535"
"357","0.08701566606760025","0.08701566606760025","0.08701566606760025","0.6397818326950073","0.6397818326950073","0.6397818326950073","0.25459426641464233","0.25459426641464233","0.25459426641464233"
"358","0.08583655953407288","0.08583655953407288","0.08583655953407288","0.685004711151123","0.685004711151123","0.685004711151123","0.26543810963630676","0.26543810963630676","0.26543810963630676"
"359","0.0874880775809288","0.0874880775809288","0.0874880775809288","0.673361599445343","0.673361599445343","0.673361599445343","0.2729061543941498","0.2729061543941498","0.2729061543941498"
"360","0.08499210327863693","0.08499210327863693","0.08499210327863693","0.6032333374023438","0.6032333374023438","0.6032333374023438","0.24995099008083344","0.24995099008083344","0.24995099008083344"
"361","0.08662748336791992","0.08662748336791992","0.08662748336791992","0.6070445775985718","0.6070445775985718","0.6070445775985718","0.2576153576374054","0.2576153576374054","0.2576153576374054"
"362","0.08867643773555756","0.08867643773555756","0.08867643773555756","0.5974674224853516","0.5974674224853516","0.5974674224853516","0.25550514459609985","0.25550514459609985","0.25550514459609985"
"363","0.08987566083669662","0.08987566083669662","0.08987566083669662","0.6782572269439697","0.6782572269439697","0.6782572269439697","0.24842317402362823","0.24842317402362823","0.24842317402362823"
"364","0.08475810289382935","0.08475810289382935","0.08475810289382935","0.7272557616233826","0.7272557616233826","0.7272557616233826","0.2627982199192047","0.2627982199192047","0.2627982199192047"
"365","0.08370210230350494","0.08370210230350494","0.08370210230350494","0.7643098831176758","0.7643098831176758","0.7643098831176758","0.25612643361091614","0.25612643361091614","0.25612643361091614"
"366","0.08915761113166809","0.08915761113166809","0.08915761113166809","0.7618857622146606","0.7618857622146606","0.7618857622146606","0.2571239471435547","0.2571239471435547","0.2571239471435547"
"367","0.08685263991355896","0.08685263991355896","0.08685263991355896","0.7460609674453735","0.7460609674453735","0.7460609674453735","0.24420978128910065","0.24420978128910065","0.24420978128910065"
"368","0.08754143863916397","0.08754143863916397","0.08754143863916397","0.7627798914909363","0.7627798914909363","0.7627798914909363","0.24029670655727386","0.24029670655727386","0.24029670655727386"
"369","0.09123008698225021","0.09123008698225021","0.09123008698225021","0.7626221179962158","0.7626221179962158","0.7626221179962158","0.25627052783966064","0.25627052783966064","0.25627052783966064"
"370","0.08722373098134995","0.08722373098134995","0.08722373098134995","0.7711411714553833","0.7711411714553833","0.7711411714553833","0.24638061225414276","0.24638061225414276","0.24638061225414276"
"371","0.08744428306818008","0.08744428306818008","0.08744428306818008","0.792604923248291","0.792604923248291","0.792604923248291","0.29685378074645996","0.29685378074645996","0.29685378074645996"
"372","0.0900348424911499","0.0900348424911499","0.0900348424911499","0.7979794144630432","0.7979794144630432","0.7979794144630432","0.28937914967536926","0.28937914967536926","0.28937914967536926"
"373","0.091016486287117","0.091016486287117","0.091016486287117","0.7710137963294983","0.7710137963294983","0.7710137963294983","0.25258323550224304","0.25258323550224304","0.25258323550224304"
"374","0.09241664409637451","0.09241664409637451","0.09241664409637451","0.8276533484458923","0.8276533484458923","0.8276533484458923","0.2606799602508545","0.2606799602508545","0.2606799602508545"
"375","0.09263227134943008","0.09263227134943008","0.09263227134943008","0.7838916778564453","0.7838916778564453","0.7838916778564453","0.24836482107639313","0.24836482107639313","0.24836482107639313"
"376","0.0938577651977539","0.0938577651977539","0.0938577651977539","0.7437780499458313","0.7437780499458313","0.7437780499458313","0.24457868933677673","0.24457868933677673","0.24457868933677673"
"377","0.09466845542192459","0.09466845542192459","0.09466845542192459","0.7583704590797424","0.7583704590797424","0.7583704590797424","0.24447737634181976","0.24447737634181976","0.24447737634181976"
"378","0.09812384843826294","0.09812384843826294","0.09812384843826294","0.7932270169258118","0.7932270169258118","0.7932270169258118","0.21983814239501953","0.21983814239501953","0.21983814239501953"
"379","0.09680754691362381","0.09680754691362381","0.09680754691362381","0.7224431037902832","0.7224431037902832","0.7224431037902832","0.23098376393318176","0.23098376393318176","0.23098376393318176"
"380","0.09160848706960678","0.09160848706960678","0.09160848706960678","0.6391838192939758","0.6391838192939758","0.6391838192939758","0.22716392576694489","0.22716392576694489","0.22716392576694489"
"381","0.09959204494953156","0.09959204494953156","0.09959204494953156","0.6082980036735535","0.6082980036735535","0.6082980036735535","0.23921404778957367","0.23921404778957367","0.23921404778957367"
"382","0.09337562322616577","0.09337562322616577","0.09337562322616577","0.6295531392097473","0.6295531392097473","0.6295531392097473","0.22652867436408997","0.22652867436408997","0.22652867436408997"
"383","0.10077884793281555","0.10077884793281555","0.10077884793281555","0.6503008604049683","0.6503008604049683","0.6503008604049683","0.23279578983783722","0.23279578983783722","0.23279578983783722"
"384","0.09632454067468643","0.09632454067468643","0.09632454067468643","0.687789797782898","0.687789797782898","0.687789797782898","0.23857781291007996","0.23857781291007996","0.23857781291007996"
"385","0.09613075107336044","0.09613075107336044","0.09613075107336044","0.6414189338684082","0.6414189338684082","0.6414189338684082","0.23737947642803192","0.23737947642803192","0.23737947642803192"
"386","0.09135889261960983","0.09135889261960983","0.09135889261960983","0.6307024359703064","0.6307024359703064","0.6307024359703064","0.22798295319080353","0.22798295319080353","0.22798295319080353"
"387","0.09093546867370605","0.09093546867370605","0.09093546867370605","0.6698218584060669","0.6698218584060669","0.6698218584060669","0.22454404830932617","0.22454404830932617","0.22454404830932617"
"388","0.08894091099500656","0.08894091099500656","0.08894091099500656","0.6500993967056274","0.6500993967056274","0.6500993967056274","0.2453383058309555","0.2453383058309555","0.2453383058309555"
"389","0.09086481481790543","0.09086481481790543","0.09086481481790543","0.619404137134552","0.619404137134552","0.619404137134552","0.22245526313781738","0.22245526313781738","0.22245526313781738"
"390","0.0930655300617218","0.0930655300617218","0.0930655300617218","0.5821414589881897","0.5821414589881897","0.5821414589881897","0.21757857501506805","0.21757857501506805","0.21757857501506805"
"391","0.0895368680357933","0.0895368680357933","0.0895368680357933","0.5877388119697571","0.5877388119697571","0.5877388119697571","0.2105293869972229","0.2105293869972229","0.2105293869972229"
"392","0.09112086147069931","0.09112086147069931","0.09112086147069931","0.641292154788971","0.641292154788971","0.641292154788971","0.19163525104522705","0.19163525104522705","0.19163525104522705"
"393","0.09404616802930832","0.09404616802930832","0.09404616802930832","0.6013935804367065","0.6013935804367065","0.6013935804367065","0.19562603533267975","0.19562603533267975","0.19562603533267975"
"394","0.09287625551223755","0.09287625551223755","0.09287625551223755","0.6874649524688721","0.6874649524688721","0.6874649524688721","0.20535506308078766","0.20535506308078766","0.20535506308078766"
"395","0.09583970159292221","0.09583970159292221","0.09583970159292221","0.6734253168106079","0.6734253168106079","0.6734253168106079","0.19966164231300354","0.19966164231300354","0.19966164231300354"
"396","0.09760327637195587","0.09760327637195587","0.09760327637195587","0.6887128353118896","0.6887128353118896","0.6887128353118896","0.1974506974220276","0.1974506974220276","0.1974506974220276"
"397","0.09663702547550201","0.09663702547550201","0.09663702547550201","0.7500640153884888","0.7500640153884888","0.7500640153884888","0.19201891124248505","0.19201891124248505","0.19201891124248505"
"398","0.09883266687393188","0.09883266687393188","0.09883266687393188","0.6729397177696228","0.6729397177696228","0.6729397177696228","0.1906541883945465","0.1906541883945465","0.1906541883945465"
"399","0.100862056016922","0.100862056016922","0.100862056016922","0.6487176418304443","0.6487176418304443","0.6487176418304443","0.19346991181373596","0.19346991181373596","0.19346991181373596"
"400","0.09689291566610336","0.09689291566610336","0.09689291566610336","0.7137166261672974","0.7137166261672974","0.7137166261672974","0.1965983808040619","0.1965983808040619","0.1965983808040619"
"401","0.10060349851846695","0.10060349851846695","0.10060349851846695","0.700916051864624","0.700916051864624","0.700916051864624","0.2141876518726349","0.2141876518726349","0.2141876518726349"
"402","0.10098662227392197","0.10098662227392197","0.10098662227392197","0.6720225811004639","0.6720225811004639","0.6720225811004639","0.19966693222522736","0.19966693222522736","0.19966693222522736"
"403","0.10430384427309036","0.10430384427309036","0.10430384427309036","0.6843886375427246","0.6843886375427246","0.6843886375427246","0.21109172701835632","0.21109172701835632","0.21109172701835632"
"404","0.10436446219682693","0.10436446219682693","0.10436446219682693","0.6910166144371033","0.6910166144371033","0.6910166144371033","0.2115592062473297","0.2115592062473297","0.2115592062473297"
"405","0.10551614314317703","0.10551614314317703","0.10551614314317703","0.6416733264923096","0.6416733264923096","0.6416733264923096","0.21780501306056976","0.21780501306056976","0.21780501306056976"
"406","0.10429226607084274","0.10429226607084274","0.10429226607084274","0.670866847038269","0.670866847038269","0.670866847038269","0.20660975575447083","0.20660975575447083","0.20660975575447083"
"407","0.10344161838293076","0.10344161838293076","0.10344161838293076","0.7191181182861328","0.7191181182861328","0.7191181182861328","0.21335738897323608","0.21335738897323608","0.21335738897323608"
"408","0.10165954381227493","0.10165954381227493","0.10165954381227493","0.600875198841095","0.600875198841095","0.600875198841095","0.20930275321006775","0.20930275321006775","0.20930275321006775"
"409","0.10245081037282944","0.10245081037282944","0.10245081037282944","0.6461133360862732","0.6461133360862732","0.6461133360862732","0.21101747453212738","0.21101747453212738","0.21101747453212738"
"410","0.09873975813388824","0.09873975813388824","0.09873975813388824","0.6602660417556763","0.6602660417556763","0.6602660417556763","0.2099066823720932","0.2099066823720932","0.2099066823720932"
"411","0.10377205908298492","0.10377205908298492","0.10377205908298492","0.6234449744224548","0.6234449744224548","0.6234449744224548","0.22000600397586823","0.22000600397586823","0.22000600397586823"
"412","0.10584864765405655","0.10584864765405655","0.10584864765405655","0.6480322480201721","0.6480322480201721","0.6480322480201721","0.2222561538219452","0.2222561538219452","0.2222561538219452"
"413","0.10481828451156616","0.10481828451156616","0.10481828451156616","0.6680735349655151","0.6680735349655151","0.6680735349655151","0.22417472302913666","0.22417472302913666","0.22417472302913666"
"414","0.10104504972696304","0.10104504972696304","0.10104504972696304","0.6745753288269043","0.6745753288269043","0.6745753288269043","0.21915650367736816","0.21915650367736816","0.21915650367736816"
"415","0.10140939056873322","0.10140939056873322","0.10140939056873322","0.6995849609375","0.6995849609375","0.6995849609375","0.22442249953746796","0.22442249953746796","0.22442249953746796"
"416","0.10392871499061584","0.10392871499061584","0.10392871499061584","0.6741270422935486","0.6741270422935486","0.6741270422935486","0.22821490466594696","0.22821490466594696","0.22821490466594696"
"417","0.10052356123924255","0.10052356123924255","0.10052356123924255","0.7361945509910583","0.7361945509910583","0.7361945509910583","0.22994501888751984","0.22994501888751984","0.22994501888751984"
"418","0.10299075394868851","0.10299075394868851","0.10299075394868851","0.6307056546211243","0.6307056546211243","0.6307056546211243","0.22845061123371124","0.22845061123371124","0.22845061123371124"
"419","0.10304642468690872","0.10304642468690872","0.10304642468690872","0.6840681433677673","0.6840681433677673","0.6840681433677673","0.23418772220611572","0.23418772220611572","0.23418772220611572"
"420","0.10263089835643768","0.10263089835643768","0.10263089835643768","0.641619086265564","0.641619086265564","0.641619086265564","0.22603468596935272","0.22603468596935272","0.22603468596935272"
"421","0.10246270149946213","0.10246270149946213","0.10246270149946213","0.6166620850563049","0.6166620850563049","0.6166620850563049","0.22611252963542938","0.22611252963542938","0.22611252963542938"
"422","0.10308848321437836","0.10308848321437836","0.10308848321437836","0.6434187889099121","0.6434187889099121","0.6434187889099121","0.22747856378555298","0.22747856378555298","0.22747856378555298"
"423","0.10492328554391861","0.10492328554391861","0.10492328554391861","0.678418755531311","0.678418755531311","0.678418755531311","0.2288823127746582","0.2288823127746582","0.2288823127746582"
"424","0.10438394546508789","0.10438394546508789","0.10438394546508789","0.635227382183075","0.635227382183075","0.635227382183075","0.21839755773544312","0.21839755773544312","0.21839755773544312"
"425","0.10731709748506546","0.10731709748506546","0.10731709748506546","0.6717193126678467","0.6717193126678467","0.6717193126678467","0.21775828301906586","0.21775828301906586","0.21775828301906586"
"426","0.10427272319793701","0.10427272319793701","0.10427272319793701","0.6690648198127747","0.6690648198127747","0.6690648198127747","0.21671240031719208","0.21671240031719208","0.21671240031719208"
"427","0.1121295616030693","0.1121295616030693","0.1121295616030693","0.6395549178123474","0.6395549178123474","0.6395549178123474","0.22214868664741516","0.22214868664741516","0.22214868664741516"
"428","0.1111663430929184","0.1111663430929184","0.1111663430929184","0.6164542436599731","0.6164542436599731","0.6164542436599731","0.21511007845401764","0.21511007845401764","0.21511007845401764"
"429","0.11018528789281845","0.11018528789281845","0.11018528789281845","0.623545229434967","0.623545229434967","0.623545229434967","0.2112589031457901","0.2112589031457901","0.2112589031457901"
"430","0.1145213171839714","0.1145213171839714","0.1145213171839714","0.6760505437850952","0.6760505437850952","0.6760505437850952","0.21401065587997437","0.21401065587997437","0.21401065587997437"
"431","0.11667504906654358","0.11667504906654358","0.11667504906654358","0.6738336086273193","0.6738336086273193","0.6738336086273193","0.21562829613685608","0.21562829613685608","0.21562829613685608"
"432","0.11356422305107117","0.11356422305107117","0.11356422305107117","0.7117932438850403","0.7117932438850403","0.7117932438850403","0.22004039585590363","0.22004039585590363","0.22004039585590363"
"433","0.1185731589794159","0.1185731589794159","0.1185731589794159","0.6711750030517578","0.6711750030517578","0.6711750030517578","0.2254631370306015","0.2254631370306015","0.2254631370306015"
"434","0.1163971796631813","0.1163971796631813","0.1163971796631813","0.6791830062866211","0.6791830062866211","0.6791830062866211","0.2274387925863266","0.2274387925863266","0.2274387925863266"
"435","0.12053544819355011","0.12053544819355011","0.12053544819355011","0.7045211791992188","0.7045211791992188","0.7045211791992188","0.23539331555366516","0.23539331555366516","0.23539331555366516"
"436","0.11815036833286285","0.11815036833286285","0.11815036833286285","0.7225024700164795","0.7225024700164795","0.7225024700164795","0.2351800948381424","0.2351800948381424","0.2351800948381424"
"437","0.11616197973489761","0.11616197973489761","0.11616197973489761","0.7200145721435547","0.7200145721435547","0.7200145721435547","0.24833083152770996","0.24833083152770996","0.24833083152770996"
"438","0.11736119538545609","0.11736119538545609","0.11736119538545609","0.711104691028595","0.711104691028595","0.711104691028595","0.2453634887933731","0.2453634887933731","0.2453634887933731"
"439","0.11971334367990494","0.11971334367990494","0.11971334367990494","0.7349047660827637","0.7349047660827637","0.7349047660827637","0.25040414929389954","0.25040414929389954","0.25040414929389954"
"440","0.1218041479587555","0.1218041479587555","0.1218041479587555","0.7002690434455872","0.7002690434455872","0.7002690434455872","0.25238367915153503","0.25238367915153503","0.25238367915153503"
"441","0.11791953444480896","0.11791953444480896","0.11791953444480896","0.658210277557373","0.658210277557373","0.658210277557373","0.2534451186656952","0.2534451186656952","0.2534451186656952"
"442","0.11806564778089523","0.11806564778089523","0.11806564778089523","0.6614393591880798","0.6614393591880798","0.6614393591880798","0.25914424657821655","0.25914424657821655","0.25914424657821655"
"443","0.11924943327903748","0.11924943327903748","0.11924943327903748","0.6684421896934509","0.6684421896934509","0.6684421896934509","0.26853129267692566","0.26853129267692566","0.26853129267692566"
"444","0.1178576722741127","0.1178576722741127","0.1178576722741127","0.6582842469215393","0.6582842469215393","0.6582842469215393","0.27461379766464233","0.27461379766464233","0.27461379766464233"
"445","0.1162126213312149","0.1162126213312149","0.1162126213312149","0.6413599252700806","0.6413599252700806","0.6413599252700806","0.27369120717048645","0.27369120717048645","0.27369120717048645"
"446","0.11538203805685043","0.11538203805685043","0.11538203805685043","0.6719308495521545","0.6719308495521545","0.6719308495521545","0.27234721183776855","0.27234721183776855","0.27234721183776855"
"447","0.11802715063095093","0.11802715063095093","0.11802715063095093","0.6797940731048584","0.6797940731048584","0.6797940731048584","0.27398017048835754","0.27398017048835754","0.27398017048835754"
"448","0.11859995126724243","0.11859995126724243","0.11859995126724243","0.7161505222320557","0.7161505222320557","0.7161505222320557","0.2793520390987396","0.2793520390987396","0.2793520390987396"
"449","0.11397867649793625","0.11397867649793625","0.11397867649793625","0.7574411630630493","0.7574411630630493","0.7574411630630493","0.2772120535373688","0.2772120535373688","0.2772120535373688"
"450","0.116692915558815","0.116692915558815","0.116692915558815","0.6675419807434082","0.6675419807434082","0.6675419807434082","0.27847060561180115","0.27847060561180115","0.27847060561180115"
"451","0.10833568871021271","0.10833568871021271","0.10833568871021271","0.7358999848365784","0.7358999848365784","0.7358999848365784","0.2796083986759186","0.2796083986759186","0.2796083986759186"
"452","0.1058768630027771","0.1058768630027771","0.1058768630027771","0.7170948386192322","0.7170948386192322","0.7170948386192322","0.2703498303890228","0.2703498303890228","0.2703498303890228"
"453","0.09714717417955399","0.09714717417955399","0.09714717417955399","0.7528342008590698","0.7528342008590698","0.7528342008590698","0.26921606063842773","0.26921606063842773","0.26921606063842773"
"454","0.09762156754732132","0.09762156754732132","0.09762156754732132","0.6933034062385559","0.6933034062385559","0.6933034062385559","0.27146115899086","0.27146115899086","0.27146115899086"
"455","0.09563812613487244","0.09563812613487244","0.09563812613487244","0.7283076047897339","0.7283076047897339","0.7283076047897339","0.270214706659317","0.270214706659317","0.270214706659317"
"456","0.09824509918689728","0.09824509918689728","0.09824509918689728","0.70717453956604","0.70717453956604","0.70717453956604","0.26926112174987793","0.26926112174987793","0.26926112174987793"
"457","0.09879050403833389","0.09879050403833389","0.09879050403833389","0.6756219863891602","0.6756219863891602","0.6756219863891602","0.2686527371406555","0.2686527371406555","0.2686527371406555"
"458","0.09875597059726715","0.09875597059726715","0.09875597059726715","0.671580970287323","0.671580970287323","0.671580970287323","0.25762003660202026","0.25762003660202026","0.25762003660202026"
"459","0.09676839411258698","0.09676839411258698","0.09676839411258698","0.6600360870361328","0.6600360870361328","0.6600360870361328","0.2673413157463074","0.2673413157463074","0.2673413157463074"
"460","0.0962940976023674","0.0962940976023674","0.0962940976023674","0.6606088876724243","0.6606088876724243","0.6606088876724243","0.2666461765766144","0.2666461765766144","0.2666461765766144"
"461","0.10048425942659378","0.10048425942659378","0.10048425942659378","0.6710043549537659","0.6710043549537659","0.6710043549537659","0.2618674635887146","0.2618674635887146","0.2618674635887146"
"462","0.10395122319459915","0.10395122319459915","0.10395122319459915","0.6211933493614197","0.6211933493614197","0.6211933493614197","0.26240962743759155","0.26240962743759155","0.26240962743759155"
"463","0.10021070390939713","0.10021070390939713","0.10021070390939713","0.621752142906189","0.621752142906189","0.621752142906189","0.2645147442817688","0.2645147442817688","0.2645147442817688"
"464","0.09744549542665482","0.09744549542665482","0.09744549542665482","0.7289371490478516","0.7289371490478516","0.7289371490478516","0.26243871450424194","0.26243871450424194","0.26243871450424194"
"465","0.10022157430648804","0.10022157430648804","0.10022157430648804","0.6324442625045776","0.6324442625045776","0.6324442625045776","0.25928300619125366","0.25928300619125366","0.25928300619125366"
"466","0.09778309613466263","0.09778309613466263","0.09778309613466263","0.7414536476135254","0.7414536476135254","0.7414536476135254","0.26255232095718384","0.26255232095718384","0.26255232095718384"
"467","0.10153260827064514","0.10153260827064514","0.10153260827064514","0.7098386883735657","0.7098386883735657","0.7098386883735657","0.26956361532211304","0.26956361532211304","0.26956361532211304"
"468","0.09616263210773468","0.09616263210773468","0.09616263210773468","0.6740434169769287","0.6740434169769287","0.6740434169769287","0.26467639207839966","0.26467639207839966","0.26467639207839966"
"469","0.09375667572021484","0.09375667572021484","0.09375667572021484","0.7279572486877441","0.7279572486877441","0.7279572486877441","0.26840654015541077","0.26840654015541077","0.26840654015541077"
"470","0.09313391149044037","0.09313391149044037","0.09313391149044037","0.7661527991294861","0.7661527991294861","0.7661527991294861","0.2774902284145355","0.2774902284145355","0.2774902284145355"
"471","0.09089571982622147","0.09089571982622147","0.09089571982622147","0.7617207169532776","0.7617207169532776","0.7617207169532776","0.2772860527038574","0.2772860527038574","0.2772860527038574"
"472","0.0914304256439209","0.0914304256439209","0.0914304256439209","0.7685062289237976","0.7685062289237976","0.7685062289237976","0.276099294424057","0.276099294424057","0.276099294424057"
"473","0.08673732727766037","0.08673732727766037","0.08673732727766037","0.7583578824996948","0.7583578824996948","0.7583578824996948","0.2648812234401703","0.2648812234401703","0.2648812234401703"
"474","0.0850628912448883","0.0850628912448883","0.0850628912448883","0.8379716873168945","0.8379716873168945","0.8379716873168945","0.2686713933944702","0.2686713933944702","0.2686713933944702"
"475","0.08172224462032318","0.08172224462032318","0.08172224462032318","0.7335770726203918","0.7335770726203918","0.7335770726203918","0.2623147964477539","0.2623147964477539","0.2623147964477539"
"476","0.08061567693948746","0.08061567693948746","0.08061567693948746","0.6557252407073975","0.6557252407073975","0.6557252407073975","0.26324501633644104","0.26324501633644104","0.26324501633644104"
"477","0.08072825521230698","0.08072825521230698","0.08072825521230698","0.7192112803459167","0.7192112803459167","0.7192112803459167","0.2724791169166565","0.2724791169166565","0.2724791169166565"
"478","0.08229690790176392","0.08229690790176392","0.08229690790176392","0.7191892862319946","0.7191892862319946","0.7191892862319946","0.2753225564956665","0.2753225564956665","0.2753225564956665"
"479","0.07789638638496399","0.07789638638496399","0.07789638638496399","0.6752001643180847","0.6752001643180847","0.6752001643180847","0.279193639755249","0.279193639755249","0.279193639755249"
"480","0.08290209621191025","0.08290209621191025","0.08290209621191025","0.66245436668396","0.66245436668396","0.66245436668396","0.2832648456096649","0.2832648456096649","0.2832648456096649"
"481","0.07625231891870499","0.07625231891870499","0.07625231891870499","0.6681224703788757","0.6681224703788757","0.6681224703788757","0.28565117716789246","0.28565117716789246","0.28565117716789246"
"482","0.07754164189100266","0.07754164189100266","0.07754164189100266","0.6266220211982727","0.6266220211982727","0.6266220211982727","0.2804665267467499","0.2804665267467499","0.2804665267467499"
"483","0.07344476133584976","0.07344476133584976","0.07344476133584976","0.6864811778068542","0.6864811778068542","0.6864811778068542","0.282372385263443","0.282372385263443","0.282372385263443"
"484","0.07445751875638962","0.07445751875638962","0.07445751875638962","0.6887432932853699","0.6887432932853699","0.6887432932853699","0.2910955250263214","0.2910955250263214","0.2910955250263214"
"485","0.07291501015424728","0.07291501015424728","0.07291501015424728","0.7186782360076904","0.7186782360076904","0.7186782360076904","0.28938233852386475","0.28938233852386475","0.28938233852386475"
"486","0.07348961383104324","0.07348961383104324","0.07348961383104324","0.7426941990852356","0.7426941990852356","0.7426941990852356","0.2932656407356262","0.2932656407356262","0.2932656407356262"
"487","0.07186094671487808","0.07186094671487808","0.07186094671487808","0.7511075139045715","0.7511075139045715","0.7511075139045715","0.2961176335811615","0.2961176335811615","0.2961176335811615"
"488","0.0726739913225174","0.0726739913225174","0.0726739913225174","0.7186813354492188","0.7186813354492188","0.7186813354492188","0.3010622262954712","0.3010622262954712","0.3010622262954712"
"489","0.0705609917640686","0.0705609917640686","0.0705609917640686","0.7104052901268005","0.7104052901268005","0.7104052901268005","0.29111456871032715","0.29111456871032715","0.29111456871032715"
"490","0.06888976693153381","0.06888976693153381","0.06888976693153381","0.7110388278961182","0.7110388278961182","0.7110388278961182","0.28453147411346436","0.28453147411346436","0.28453147411346436"
"491","0.07078451663255692","0.07078451663255692","0.07078451663255692","0.6877572536468506","0.6877572536468506","0.6877572536468506","0.2958865463733673","0.2958865463733673","0.2958865463733673"
"492","0.07122816890478134","0.07122816890478134","0.07122816890478134","0.7145271897315979","0.7145271897315979","0.7145271897315979","0.28896525502204895","0.28896525502204895","0.28896525502204895"
"493","0.07239729911088943","0.07239729911088943","0.07239729911088943","0.6924352645874023","0.6924352645874023","0.6924352645874023","0.29339325428009033","0.29339325428009033","0.29339325428009033"
"494","0.07252822071313858","0.07252822071313858","0.07252822071313858","0.7113839983940125","0.7113839983940125","0.7113839983940125","0.29841792583465576","0.29841792583465576","0.29841792583465576"
"495","0.07403240352869034","0.07403240352869034","0.07403240352869034","0.6940244436264038","0.6940244436264038","0.6940244436264038","0.30052053928375244","0.30052053928375244","0.30052053928375244"
"496","0.07566992193460464","0.07566992193460464","0.07566992193460464","0.6195514798164368","0.6195514798164368","0.6195514798164368","0.2950940430164337","0.2950940430164337","0.2950940430164337"
"497","0.08020409941673279","0.08020409941673279","0.08020409941673279","0.6619691848754883","0.6619691848754883","0.6619691848754883","0.30059388279914856","0.30059388279914856","0.30059388279914856"
"498","0.08409876376390457","0.08409876376390457","0.08409876376390457","0.7069507241249084","0.7069507241249084","0.7069507241249084","0.30157336592674255","0.30157336592674255","0.30157336592674255"
"499","0.08497893810272217","0.08497893810272217","0.08497893810272217","0.6722207069396973","0.6722207069396973","0.6722207069396973","","",""