"Step","minerva_noctua_llama_3_1_8b_instruct_lr0.05_flush_bs256_mlh_t0.7_p0.9_defer_ema - acr_distill/ml_filter_passed_frac","minerva_noctua_llama_3_1_8b_instruct_lr0.05_flush_bs256_mlh_t0.7_p0.9_defer_ema - acr_distill/ml_filter_passed_frac__MIN","minerva_noctua_llama_3_1_8b_instruct_lr0.05_flush_bs256_mlh_t0.7_p0.9_defer_ema - acr_distill/ml_filter_passed_frac__MAX"
"10","0.4476439790575916","0.4476439790575916","0.4476439790575916"
"20","0.42757135164243404","0.42757135164243404","0.42757135164243404"
"30","0.43095512082853854","0.43095512082853854","0.43095512082853854"
"40","0.39346176298890834","0.39346176298890834","0.39346176298890834"
"50","0.39643916913946586","0.39643916913946586","0.39643916913946586"
"60","0.4309462915601023","0.4309462915601023","0.4309462915601023"
"70","0.4160206718346253","0.4160206718346253","0.4160206718346253"
"80","0.39497307001795334","0.39497307001795334","0.39497307001795334"
"90","0.382149591451917","0.382149591451917","0.382149591451917"
"100","0.4198174706649283","0.4198174706649283","0.4198174706649283"
"110","0.40978398983481573","0.40978398983481573","0.40978398983481573"
"120","0.396584440227704","0.396584440227704","0.396584440227704"
"130","0.41739130434782606","0.41739130434782606","0.41739130434782606"
"140","0.42563783447417547","0.42563783447417547","0.42563783447417547"
"150","0.415211970074813","0.415211970074813","0.415211970074813"
"160","0.4277215942891136","0.4277215942891136","0.4277215942891136"
"170","0.43735498839907194","0.43735498839907194","0.43735498839907194"
"180","0.4385194479297365","0.4385194479297365","0.4385194479297365"
"190","0.3979343863912515","0.3979343863912515","0.3979343863912515"
"200","0.43969102792632203","0.43969102792632203","0.43969102792632203"
"210","0.4233661075766339","0.4233661075766339","0.4233661075766339"
"220","0.46099290780141844","0.46099290780141844","0.46099290780141844"
"230","0.42793650793650795","0.42793650793650795","0.42793650793650795"
"240","0.43387470997679817","0.43387470997679817","0.43387470997679817"
"250","0.4177362893815636","0.4177362893815636","0.4177362893815636"
"260","0.46005154639175255","0.46005154639175255","0.46005154639175255"
"270","0.43008739076154806","0.43008739076154806","0.43008739076154806"
"280","0.460625","0.460625","0.460625"
"290","0.43661137440758296","0.43661137440758296","0.43661137440758296"
"300","0.43519695044472684","0.43519695044472684","0.43519695044472684"
"310","0.44636251541307026","0.44636251541307026","0.44636251541307026"
"320","0.46277665995975853","0.46277665995975853","0.46277665995975853"
"330","0.4446450060168472","0.4446450060168472","0.4446450060168472"
"340","0.44622279129321385","0.44622279129321385","0.44622279129321385"
"350","0.4689403166869671","0.4689403166869671","0.4689403166869671"
"360","0.44287729196050774","0.44287729196050774","0.44287729196050774"
"370","0.44751381215469616","0.44751381215469616","0.44751381215469616"
"380","0.4756483238456673","0.4756483238456673","0.4756483238456673"
"390","0.4676214196762142","0.4676214196762142","0.4676214196762142"
"400","0.45375335120643434","0.45375335120643434","0.45375335120643434"
"410","0.4411552346570397","0.4411552346570397","0.4411552346570397"
"420","0.4530722484807562","0.4530722484807562","0.4530722484807562"
"430","0.47835344215755854","0.47835344215755854","0.47835344215755854"
"440","0.4836879432624113","0.4836879432624113","0.4836879432624113"
"450","0.4823175319789315","0.4823175319789315","0.4823175319789315"
"460","0.458840372226199","0.458840372226199","0.458840372226199"
"470","0.4492641363284276","0.4492641363284276","0.4492641363284276"
"480","0.4750593824228028","0.4750593824228028","0.4750593824228028"
"490","0.45269741985926504","0.45269741985926504","0.45269741985926504"