"Step","minerva_noctua_llama_3_1_8b_instruct_lr0.05_flush_bs256_mlh_t0.7_p0.9_defer_ema - acr_distill/uid_group_frac","minerva_noctua_llama_3_1_8b_instruct_lr0.05_flush_bs256_mlh_t0.7_p0.9_defer_ema - acr_distill/uid_group_frac__MIN","minerva_noctua_llama_3_1_8b_instruct_lr0.05_flush_bs256_mlh_t0.7_p0.9_defer_ema - acr_distill/uid_group_frac__MAX"
"10","0.5319634703196348","0.5319634703196348","0.5319634703196348"
"20","0.5168800931315483","0.5168800931315483","0.5168800931315483"
"30","0.5153846153846153","0.5153846153846153","0.5153846153846153"
"40","0.48877146631439894","0.48877146631439894","0.48877146631439894"
"50","0.48299319727891155","0.48299319727891155","0.48299319727891155"
"60","0.49927431059506533","0.49927431059506533","0.49927431059506533"
"70","0.5066273932253313","0.5066273932253313","0.5066273932253313"
"80","0.48833819241982507","0.48833819241982507","0.48833819241982507"
"90","0.4688427299703264","0.4688427299703264","0.4688427299703264"
"100","0.5038402457757296","0.5038402457757296","0.5038402457757296"
"110","0.5075757575757576","0.5075757575757576","0.5075757575757576"
"120","0.4875","0.4875","0.4875"
"130","0.5410094637223974","0.5410094637223974","0.5410094637223974"
"140","0.5248","0.5248","0.5248"
"150","0.5160256410256411","0.5160256410256411","0.5160256410256411"
"160","0.5522875816993464","0.5522875816993464","0.5522875816993464"
"170","0.5417322834645669","0.5417322834645669","0.5417322834645669"
"180","0.553415061295972","0.553415061295972","0.553415061295972"
"190","0.5214408233276158","0.5214408233276158","0.5214408233276158"
"200","0.5426621160409556","0.5426621160409556","0.5426621160409556"
"210","0.5264900662251656","0.5264900662251656","0.5264900662251656"
"220","0.5777777777777777","0.5777777777777777","0.5777777777777777"
"230","0.549718574108818","0.549718574108818","0.549718574108818"
"240","0.55","0.55","0.55"
"250","0.5401069518716578","0.5401069518716578","0.5401069518716578"
"260","0.544256120527307","0.544256120527307","0.544256120527307"
"270","0.5542635658914729","0.5542635658914729","0.5542635658914729"
"280","0.606","0.606","0.606"
"290","0.5522935779816514","0.5522935779816514","0.5522935779816514"
"300","0.581532416502947","0.581532416502947","0.581532416502947"
"310","0.5634615384615385","0.5634615384615385","0.5634615384615385"
"320","0.5991649269311065","0.5991649269311065","0.5991649269311065"
"330","0.5648148148148148","0.5648148148148148","0.5648148148148148"
"340","0.5811623246492986","0.5811623246492986","0.5811623246492986"
"350","0.6058823529411764","0.6058823529411764","0.6058823529411764"
"360","0.5629139072847682","0.5629139072847682","0.5629139072847682"
"370","0.5951859956236324","0.5951859956236324","0.5951859956236324"
"380","0.6404040404040404","0.6404040404040404","0.6404040404040404"
"390","0.6272189349112426","0.6272189349112426","0.6272189349112426"
"400","0.6133909287257019","0.6133909287257019","0.6133909287257019"
"410","0.5853658536585366","0.5853658536585366","0.5853658536585366"
"420","0.6021739130434782","0.6021739130434782","0.6021739130434782"
"430","0.6164079822616408","0.6164079822616408","0.6164079822616408"
"440","0.6162280701754386","0.6162280701754386","0.6162280701754386"
"450","0.6082949308755761","0.6082949308755761","0.6082949308755761"
"460","0.6188235294117647","0.6188235294117647","0.6188235294117647"
"470","0.5924170616113744","0.5924170616113744","0.5924170616113744"
"480","0.6240963855421687","0.6240963855421687","0.6240963855421687"
"490","0.6108490566037735","0.6108490566037735","0.6108490566037735"